file_path,filename,dataset,actor_id,modality_code,vocal_channel_code,emotion_code,ravdess_emotion_label,emotion_label,sentiment_label,intensity_code,statement_code,repetition_code,is_negative,split
/Users/clarayousif/Sheridan/Third/ai-ml-capstone/ml-services/data/raw/ravdess/audio_speech_actors_01-24/Actor_01/03-01-05-01-01-01-01.wav,03-01-05-01-01-01-01.wav,RAVDESS,1,03,01,05,angry,anger,Negative,01,01,01,True,test
/Users/clarayousif/Sheridan/Third/ai-ml-capstone/ml-services/data/raw/ravdess/audio_speech_actors_01-24/Actor_01/03-01-05-01-01-02-01.wav,03-01-05-01-01-02-01.wav,RAVDESS,1,03,01,05,angry,anger,Negative,01,01,02,True,test
/Users/clarayousif/Sheridan/Third/ai-ml-capstone/ml-services/data/raw/ravdess/audio_speech_actors_01-24/Actor_01/03-01-05-01-02-01-01.wav,03-01-05-01-02-01-01.wav,RAVDESS,1,03,01,05,angry,anger,Negative,01,02,01,True,test
/Users/clarayousif/Sheridan/Third/ai-ml-capstone/ml-services/data/raw/ravdess/audio_speech_actors_01-24/Actor_01/03-01-05-01-02-02-01.wav,03-01-05-01-02-02-01.wav,RAVDESS,1,03,01,05,angry,anger,Negative,01,02,02,True,test
/Users/clarayousif/Sheridan/Third/ai-ml-capstone/ml-services/data/raw/ravdess/audio_speech_actors_01-24/Actor_01/03-01-05-02-01-01-01.wav,03-01-05-02-01-01-01.wav,RAVDESS,1,03,01,05,angry,anger,Negative,02,01,01,True,test
/Users/clarayousif/Sheridan/Third/ai-ml-capstone/ml-services/data/raw/ravdess/audio_speech_actors_01-24/Actor_01/03-01-05-02-01-02-01.wav,03-01-05-02-01-02-01.wav,RAVDESS,1,03,01,05,angry,anger,Negative,02,01,02,True,test
/Users/clarayousif/Sheridan/Third/ai-ml-capstone/ml-services/data/raw/ravdess/audio_speech_actors_01-24/Actor_01/03-01-05-02-02-01-01.wav,03-01-05-02-02-01-01.wav,RAVDESS,1,03,01,05,angry,anger,Negative,02,02,01,True,test
/Users/clarayousif/Sheridan/Third/ai-ml-capstone/ml-services/data/raw/ravdess/audio_speech_actors_01-24/Actor_01/03-01-05-02-02-02-01.wav,03-01-05-02-02-02-01.wav,RAVDESS,1,03,01,05,angry,anger,Negative,02,02,02,True,test
/Users/clarayousif/Sheridan/Third/ai-ml-capstone/ml-services/data/raw/ravdess/audio_speech_actors_01-24/Actor_01/03-01-07-01-01-01-01.wav,03-01-07-01-01-01-01.wav,RAVDESS,1,03,01,07,disgust,disgust,Negative,01,01,01,True,test
/Users/clarayousif/Sheridan/Third/ai-ml-capstone/ml-services/data/raw/ravdess/audio_speech_actors_01-24/Actor_01/03-01-07-01-01-02-01.wav,03-01-07-01-01-02-01.wav,RAVDESS,1,03,01,07,disgust,disgust,Negative,01,01,02,True,test
/Users/clarayousif/Sheridan/Third/ai-ml-capstone/ml-services/data/raw/ravdess/audio_speech_actors_01-24/Actor_01/03-01-07-01-02-01-01.wav,03-01-07-01-02-01-01.wav,RAVDESS,1,03,01,07,disgust,disgust,Negative,01,02,01,True,test
/Users/clarayousif/Sheridan/Third/ai-ml-capstone/ml-services/data/raw/ravdess/audio_speech_actors_01-24/Actor_01/03-01-07-01-02-02-01.wav,03-01-07-01-02-02-01.wav,RAVDESS,1,03,01,07,disgust,disgust,Negative,01,02,02,True,test
/Users/clarayousif/Sheridan/Third/ai-ml-capstone/ml-services/data/raw/ravdess/audio_speech_actors_01-24/Actor_01/03-01-07-02-01-01-01.wav,03-01-07-02-01-01-01.wav,RAVDESS,1,03,01,07,disgust,disgust,Negative,02,01,01,True,test
/Users/clarayousif/Sheridan/Third/ai-ml-capstone/ml-services/data/raw/ravdess/audio_speech_actors_01-24/Actor_01/03-01-07-02-01-02-01.wav,03-01-07-02-01-02-01.wav,RAVDESS,1,03,01,07,disgust,disgust,Negative,02,01,02,True,test
/Users/clarayousif/Sheridan/Third/ai-ml-capstone/ml-services/data/raw/ravdess/audio_speech_actors_01-24/Actor_01/03-01-07-02-02-01-01.wav,03-01-07-02-02-01-01.wav,RAVDESS,1,03,01,07,disgust,disgust,Negative,02,02,01,True,test
/Users/clarayousif/Sheridan/Third/ai-ml-capstone/ml-services/data/raw/ravdess/audio_speech_actors_01-24/Actor_01/03-01-07-02-02-02-01.wav,03-01-07-02-02-02-01.wav,RAVDESS,1,03,01,07,disgust,disgust,Negative,02,02,02,True,test
/Users/clarayousif/Sheridan/Third/ai-ml-capstone/ml-services/data/raw/ravdess/audio_speech_actors_01-24/Actor_01/03-01-06-01-01-01-01.wav,03-01-06-01-01-01-01.wav,RAVDESS,1,03,01,06,fearful,fear,Negative,01,01,01,True,test
/Users/clarayousif/Sheridan/Third/ai-ml-capstone/ml-services/data/raw/ravdess/audio_speech_actors_01-24/Actor_01/03-01-06-01-01-02-01.wav,03-01-06-01-01-02-01.wav,RAVDESS,1,03,01,06,fearful,fear,Negative,01,01,02,True,test
/Users/clarayousif/Sheridan/Third/ai-ml-capstone/ml-services/data/raw/ravdess/audio_speech_actors_01-24/Actor_01/03-01-06-01-02-01-01.wav,03-01-06-01-02-01-01.wav,RAVDESS,1,03,01,06,fearful,fear,Negative,01,02,01,True,test
/Users/clarayousif/Sheridan/Third/ai-ml-capstone/ml-services/data/raw/ravdess/audio_speech_actors_01-24/Actor_01/03-01-06-01-02-02-01.wav,03-01-06-01-02-02-01.wav,RAVDESS,1,03,01,06,fearful,fear,Negative,01,02,02,True,test
/Users/clarayousif/Sheridan/Third/ai-ml-capstone/ml-services/data/raw/ravdess/audio_speech_actors_01-24/Actor_01/03-01-06-02-01-01-01.wav,03-01-06-02-01-01-01.wav,RAVDESS,1,03,01,06,fearful,fear,Negative,02,01,01,True,test
/Users/clarayousif/Sheridan/Third/ai-ml-capstone/ml-services/data/raw/ravdess/audio_speech_actors_01-24/Actor_01/03-01-06-02-01-02-01.wav,03-01-06-02-01-02-01.wav,RAVDESS,1,03,01,06,fearful,fear,Negative,02,01,02,True,test
/Users/clarayousif/Sheridan/Third/ai-ml-capstone/ml-services/data/raw/ravdess/audio_speech_actors_01-24/Actor_01/03-01-06-02-02-01-01.wav,03-01-06-02-02-01-01.wav,RAVDESS,1,03,01,06,fearful,fear,Negative,02,02,01,True,test
/Users/clarayousif/Sheridan/Third/ai-ml-capstone/ml-services/data/raw/ravdess/audio_speech_actors_01-24/Actor_01/03-01-06-02-02-02-01.wav,03-01-06-02-02-02-01.wav,RAVDESS,1,03,01,06,fearful,fear,Negative,02,02,02,True,test
/Users/clarayousif/Sheridan/Third/ai-ml-capstone/ml-services/data/raw/ravdess/audio_speech_actors_01-24/Actor_01/03-01-03-01-01-01-01.wav,03-01-03-01-01-01-01.wav,RAVDESS,1,03,01,03,happy,happy,Positive,01,01,01,False,test
/Users/clarayousif/Sheridan/Third/ai-ml-capstone/ml-services/data/raw/ravdess/audio_speech_actors_01-24/Actor_01/03-01-03-01-01-02-01.wav,03-01-03-01-01-02-01.wav,RAVDESS,1,03,01,03,happy,happy,Positive,01,01,02,False,test
/Users/clarayousif/Sheridan/Third/ai-ml-capstone/ml-services/data/raw/ravdess/audio_speech_actors_01-24/Actor_01/03-01-03-01-02-01-01.wav,03-01-03-01-02-01-01.wav,RAVDESS,1,03,01,03,happy,happy,Positive,01,02,01,False,test
/Users/clarayousif/Sheridan/Third/ai-ml-capstone/ml-services/data/raw/ravdess/audio_speech_actors_01-24/Actor_01/03-01-03-01-02-02-01.wav,03-01-03-01-02-02-01.wav,RAVDESS,1,03,01,03,happy,happy,Positive,01,02,02,False,test
/Users/clarayousif/Sheridan/Third/ai-ml-capstone/ml-services/data/raw/ravdess/audio_speech_actors_01-24/Actor_01/03-01-03-02-01-01-01.wav,03-01-03-02-01-01-01.wav,RAVDESS,1,03,01,03,happy,happy,Positive,02,01,01,False,test
/Users/clarayousif/Sheridan/Third/ai-ml-capstone/ml-services/data/raw/ravdess/audio_speech_actors_01-24/Actor_01/03-01-03-02-01-02-01.wav,03-01-03-02-01-02-01.wav,RAVDESS,1,03,01,03,happy,happy,Positive,02,01,02,False,test
/Users/clarayousif/Sheridan/Third/ai-ml-capstone/ml-services/data/raw/ravdess/audio_speech_actors_01-24/Actor_01/03-01-03-02-02-01-01.wav,03-01-03-02-02-01-01.wav,RAVDESS,1,03,01,03,happy,happy,Positive,02,02,01,False,test
/Users/clarayousif/Sheridan/Third/ai-ml-capstone/ml-services/data/raw/ravdess/audio_speech_actors_01-24/Actor_01/03-01-03-02-02-02-01.wav,03-01-03-02-02-02-01.wav,RAVDESS,1,03,01,03,happy,happy,Positive,02,02,02,False,test
/Users/clarayousif/Sheridan/Third/ai-ml-capstone/ml-services/data/raw/ravdess/audio_speech_actors_01-24/Actor_01/03-01-01-01-01-01-01.wav,03-01-01-01-01-01-01.wav,RAVDESS,1,03,01,01,neutral,neutral,Neutral,01,01,01,False,test
/Users/clarayousif/Sheridan/Third/ai-ml-capstone/ml-services/data/raw/ravdess/audio_speech_actors_01-24/Actor_01/03-01-01-01-01-02-01.wav,03-01-01-01-01-02-01.wav,RAVDESS,1,03,01,01,neutral,neutral,Neutral,01,01,02,False,test
/Users/clarayousif/Sheridan/Third/ai-ml-capstone/ml-services/data/raw/ravdess/audio_speech_actors_01-24/Actor_01/03-01-01-01-02-01-01.wav,03-01-01-01-02-01-01.wav,RAVDESS,1,03,01,01,neutral,neutral,Neutral,01,02,01,False,test
/Users/clarayousif/Sheridan/Third/ai-ml-capstone/ml-services/data/raw/ravdess/audio_speech_actors_01-24/Actor_01/03-01-01-01-02-02-01.wav,03-01-01-01-02-02-01.wav,RAVDESS,1,03,01,01,neutral,neutral,Neutral,01,02,02,False,test
/Users/clarayousif/Sheridan/Third/ai-ml-capstone/ml-services/data/raw/ravdess/audio_speech_actors_01-24/Actor_01/03-01-02-01-01-01-01.wav,03-01-02-01-01-01-01.wav,RAVDESS,1,03,01,02,calm,neutral,Neutral,01,01,01,False,test
/Users/clarayousif/Sheridan/Third/ai-ml-capstone/ml-services/data/raw/ravdess/audio_speech_actors_01-24/Actor_01/03-01-02-01-01-02-01.wav,03-01-02-01-01-02-01.wav,RAVDESS,1,03,01,02,calm,neutral,Neutral,01,01,02,False,test
/Users/clarayousif/Sheridan/Third/ai-ml-capstone/ml-services/data/raw/ravdess/audio_speech_actors_01-24/Actor_01/03-01-02-01-02-01-01.wav,03-01-02-01-02-01-01.wav,RAVDESS,1,03,01,02,calm,neutral,Neutral,01,02,01,False,test
/Users/clarayousif/Sheridan/Third/ai-ml-capstone/ml-services/data/raw/ravdess/audio_speech_actors_01-24/Actor_01/03-01-02-01-02-02-01.wav,03-01-02-01-02-02-01.wav,RAVDESS,1,03,01,02,calm,neutral,Neutral,01,02,02,False,test
/Users/clarayousif/Sheridan/Third/ai-ml-capstone/ml-services/data/raw/ravdess/audio_speech_actors_01-24/Actor_01/03-01-02-02-01-01-01.wav,03-01-02-02-01-01-01.wav,RAVDESS,1,03,01,02,calm,neutral,Neutral,02,01,01,False,test
/Users/clarayousif/Sheridan/Third/ai-ml-capstone/ml-services/data/raw/ravdess/audio_speech_actors_01-24/Actor_01/03-01-02-02-01-02-01.wav,03-01-02-02-01-02-01.wav,RAVDESS,1,03,01,02,calm,neutral,Neutral,02,01,02,False,test
/Users/clarayousif/Sheridan/Third/ai-ml-capstone/ml-services/data/raw/ravdess/audio_speech_actors_01-24/Actor_01/03-01-02-02-02-01-01.wav,03-01-02-02-02-01-01.wav,RAVDESS,1,03,01,02,calm,neutral,Neutral,02,02,01,False,test
/Users/clarayousif/Sheridan/Third/ai-ml-capstone/ml-services/data/raw/ravdess/audio_speech_actors_01-24/Actor_01/03-01-02-02-02-02-01.wav,03-01-02-02-02-02-01.wav,RAVDESS,1,03,01,02,calm,neutral,Neutral,02,02,02,False,test
/Users/clarayousif/Sheridan/Third/ai-ml-capstone/ml-services/data/raw/ravdess/audio_speech_actors_01-24/Actor_01/03-01-04-01-01-01-01.wav,03-01-04-01-01-01-01.wav,RAVDESS,1,03,01,04,sad,sadness,Negative,01,01,01,True,test
/Users/clarayousif/Sheridan/Third/ai-ml-capstone/ml-services/data/raw/ravdess/audio_speech_actors_01-24/Actor_01/03-01-04-01-01-02-01.wav,03-01-04-01-01-02-01.wav,RAVDESS,1,03,01,04,sad,sadness,Negative,01,01,02,True,test
/Users/clarayousif/Sheridan/Third/ai-ml-capstone/ml-services/data/raw/ravdess/audio_speech_actors_01-24/Actor_01/03-01-04-01-02-01-01.wav,03-01-04-01-02-01-01.wav,RAVDESS,1,03,01,04,sad,sadness,Negative,01,02,01,True,test
/Users/clarayousif/Sheridan/Third/ai-ml-capstone/ml-services/data/raw/ravdess/audio_speech_actors_01-24/Actor_01/03-01-04-01-02-02-01.wav,03-01-04-01-02-02-01.wav,RAVDESS,1,03,01,04,sad,sadness,Negative,01,02,02,True,test
/Users/clarayousif/Sheridan/Third/ai-ml-capstone/ml-services/data/raw/ravdess/audio_speech_actors_01-24/Actor_01/03-01-04-02-01-01-01.wav,03-01-04-02-01-01-01.wav,RAVDESS,1,03,01,04,sad,sadness,Negative,02,01,01,True,test
/Users/clarayousif/Sheridan/Third/ai-ml-capstone/ml-services/data/raw/ravdess/audio_speech_actors_01-24/Actor_01/03-01-04-02-01-02-01.wav,03-01-04-02-01-02-01.wav,RAVDESS,1,03,01,04,sad,sadness,Negative,02,01,02,True,test
/Users/clarayousif/Sheridan/Third/ai-ml-capstone/ml-services/data/raw/ravdess/audio_speech_actors_01-24/Actor_01/03-01-04-02-02-01-01.wav,03-01-04-02-02-01-01.wav,RAVDESS,1,03,01,04,sad,sadness,Negative,02,02,01,True,test
/Users/clarayousif/Sheridan/Third/ai-ml-capstone/ml-services/data/raw/ravdess/audio_speech_actors_01-24/Actor_01/03-01-04-02-02-02-01.wav,03-01-04-02-02-02-01.wav,RAVDESS,1,03,01,04,sad,sadness,Negative,02,02,02,True,test
/Users/clarayousif/Sheridan/Third/ai-ml-capstone/ml-services/data/raw/ravdess/audio_speech_actors_01-24/Actor_04/03-01-05-01-01-01-04.wav,03-01-05-01-01-01-04.wav,RAVDESS,4,03,01,05,angry,anger,Negative,01,01,01,True,test
/Users/clarayousif/Sheridan/Third/ai-ml-capstone/ml-services/data/raw/ravdess/audio_speech_actors_01-24/Actor_04/03-01-05-01-01-02-04.wav,03-01-05-01-01-02-04.wav,RAVDESS,4,03,01,05,angry,anger,Negative,01,01,02,True,test
/Users/clarayousif/Sheridan/Third/ai-ml-capstone/ml-services/data/raw/ravdess/audio_speech_actors_01-24/Actor_04/03-01-05-01-02-01-04.wav,03-01-05-01-02-01-04.wav,RAVDESS,4,03,01,05,angry,anger,Negative,01,02,01,True,test
/Users/clarayousif/Sheridan/Third/ai-ml-capstone/ml-services/data/raw/ravdess/audio_speech_actors_01-24/Actor_04/03-01-05-01-02-02-04.wav,03-01-05-01-02-02-04.wav,RAVDESS,4,03,01,05,angry,anger,Negative,01,02,02,True,test
/Users/clarayousif/Sheridan/Third/ai-ml-capstone/ml-services/data/raw/ravdess/audio_speech_actors_01-24/Actor_04/03-01-05-02-01-01-04.wav,03-01-05-02-01-01-04.wav,RAVDESS,4,03,01,05,angry,anger,Negative,02,01,01,True,test
/Users/clarayousif/Sheridan/Third/ai-ml-capstone/ml-services/data/raw/ravdess/audio_speech_actors_01-24/Actor_04/03-01-05-02-01-02-04.wav,03-01-05-02-01-02-04.wav,RAVDESS,4,03,01,05,angry,anger,Negative,02,01,02,True,test
/Users/clarayousif/Sheridan/Third/ai-ml-capstone/ml-services/data/raw/ravdess/audio_speech_actors_01-24/Actor_04/03-01-05-02-02-01-04.wav,03-01-05-02-02-01-04.wav,RAVDESS,4,03,01,05,angry,anger,Negative,02,02,01,True,test
/Users/clarayousif/Sheridan/Third/ai-ml-capstone/ml-services/data/raw/ravdess/audio_speech_actors_01-24/Actor_04/03-01-05-02-02-02-04.wav,03-01-05-02-02-02-04.wav,RAVDESS,4,03,01,05,angry,anger,Negative,02,02,02,True,test
/Users/clarayousif/Sheridan/Third/ai-ml-capstone/ml-services/data/raw/ravdess/audio_speech_actors_01-24/Actor_04/03-01-07-01-01-01-04.wav,03-01-07-01-01-01-04.wav,RAVDESS,4,03,01,07,disgust,disgust,Negative,01,01,01,True,test
/Users/clarayousif/Sheridan/Third/ai-ml-capstone/ml-services/data/raw/ravdess/audio_speech_actors_01-24/Actor_04/03-01-07-01-01-02-04.wav,03-01-07-01-01-02-04.wav,RAVDESS,4,03,01,07,disgust,disgust,Negative,01,01,02,True,test
/Users/clarayousif/Sheridan/Third/ai-ml-capstone/ml-services/data/raw/ravdess/audio_speech_actors_01-24/Actor_04/03-01-07-01-02-01-04.wav,03-01-07-01-02-01-04.wav,RAVDESS,4,03,01,07,disgust,disgust,Negative,01,02,01,True,test
/Users/clarayousif/Sheridan/Third/ai-ml-capstone/ml-services/data/raw/ravdess/audio_speech_actors_01-24/Actor_04/03-01-07-01-02-02-04.wav,03-01-07-01-02-02-04.wav,RAVDESS,4,03,01,07,disgust,disgust,Negative,01,02,02,True,test
/Users/clarayousif/Sheridan/Third/ai-ml-capstone/ml-services/data/raw/ravdess/audio_speech_actors_01-24/Actor_04/03-01-07-02-01-01-04.wav,03-01-07-02-01-01-04.wav,RAVDESS,4,03,01,07,disgust,disgust,Negative,02,01,01,True,test
/Users/clarayousif/Sheridan/Third/ai-ml-capstone/ml-services/data/raw/ravdess/audio_speech_actors_01-24/Actor_04/03-01-07-02-01-02-04.wav,03-01-07-02-01-02-04.wav,RAVDESS,4,03,01,07,disgust,disgust,Negative,02,01,02,True,test
/Users/clarayousif/Sheridan/Third/ai-ml-capstone/ml-services/data/raw/ravdess/audio_speech_actors_01-24/Actor_04/03-01-07-02-02-01-04.wav,03-01-07-02-02-01-04.wav,RAVDESS,4,03,01,07,disgust,disgust,Negative,02,02,01,True,test
/Users/clarayousif/Sheridan/Third/ai-ml-capstone/ml-services/data/raw/ravdess/audio_speech_actors_01-24/Actor_04/03-01-07-02-02-02-04.wav,03-01-07-02-02-02-04.wav,RAVDESS,4,03,01,07,disgust,disgust,Negative,02,02,02,True,test
/Users/clarayousif/Sheridan/Third/ai-ml-capstone/ml-services/data/raw/ravdess/audio_speech_actors_01-24/Actor_04/03-01-06-01-01-01-04.wav,03-01-06-01-01-01-04.wav,RAVDESS,4,03,01,06,fearful,fear,Negative,01,01,01,True,test
/Users/clarayousif/Sheridan/Third/ai-ml-capstone/ml-services/data/raw/ravdess/audio_speech_actors_01-24/Actor_04/03-01-06-01-01-02-04.wav,03-01-06-01-01-02-04.wav,RAVDESS,4,03,01,06,fearful,fear,Negative,01,01,02,True,test
/Users/clarayousif/Sheridan/Third/ai-ml-capstone/ml-services/data/raw/ravdess/audio_speech_actors_01-24/Actor_04/03-01-06-01-02-01-04.wav,03-01-06-01-02-01-04.wav,RAVDESS,4,03,01,06,fearful,fear,Negative,01,02,01,True,test
/Users/clarayousif/Sheridan/Third/ai-ml-capstone/ml-services/data/raw/ravdess/audio_speech_actors_01-24/Actor_04/03-01-06-01-02-02-04.wav,03-01-06-01-02-02-04.wav,RAVDESS,4,03,01,06,fearful,fear,Negative,01,02,02,True,test
/Users/clarayousif/Sheridan/Third/ai-ml-capstone/ml-services/data/raw/ravdess/audio_speech_actors_01-24/Actor_04/03-01-06-02-01-01-04.wav,03-01-06-02-01-01-04.wav,RAVDESS,4,03,01,06,fearful,fear,Negative,02,01,01,True,test
/Users/clarayousif/Sheridan/Third/ai-ml-capstone/ml-services/data/raw/ravdess/audio_speech_actors_01-24/Actor_04/03-01-06-02-01-02-04.wav,03-01-06-02-01-02-04.wav,RAVDESS,4,03,01,06,fearful,fear,Negative,02,01,02,True,test
/Users/clarayousif/Sheridan/Third/ai-ml-capstone/ml-services/data/raw/ravdess/audio_speech_actors_01-24/Actor_04/03-01-06-02-02-01-04.wav,03-01-06-02-02-01-04.wav,RAVDESS,4,03,01,06,fearful,fear,Negative,02,02,01,True,test
/Users/clarayousif/Sheridan/Third/ai-ml-capstone/ml-services/data/raw/ravdess/audio_speech_actors_01-24/Actor_04/03-01-06-02-02-02-04.wav,03-01-06-02-02-02-04.wav,RAVDESS,4,03,01,06,fearful,fear,Negative,02,02,02,True,test
/Users/clarayousif/Sheridan/Third/ai-ml-capstone/ml-services/data/raw/ravdess/audio_speech_actors_01-24/Actor_04/03-01-03-01-01-01-04.wav,03-01-03-01-01-01-04.wav,RAVDESS,4,03,01,03,happy,happy,Positive,01,01,01,False,test
/Users/clarayousif/Sheridan/Third/ai-ml-capstone/ml-services/data/raw/ravdess/audio_speech_actors_01-24/Actor_04/03-01-03-01-01-02-04.wav,03-01-03-01-01-02-04.wav,RAVDESS,4,03,01,03,happy,happy,Positive,01,01,02,False,test
/Users/clarayousif/Sheridan/Third/ai-ml-capstone/ml-services/data/raw/ravdess/audio_speech_actors_01-24/Actor_04/03-01-03-01-02-01-04.wav,03-01-03-01-02-01-04.wav,RAVDESS,4,03,01,03,happy,happy,Positive,01,02,01,False,test
/Users/clarayousif/Sheridan/Third/ai-ml-capstone/ml-services/data/raw/ravdess/audio_speech_actors_01-24/Actor_04/03-01-03-01-02-02-04.wav,03-01-03-01-02-02-04.wav,RAVDESS,4,03,01,03,happy,happy,Positive,01,02,02,False,test
/Users/clarayousif/Sheridan/Third/ai-ml-capstone/ml-services/data/raw/ravdess/audio_speech_actors_01-24/Actor_04/03-01-03-02-01-01-04.wav,03-01-03-02-01-01-04.wav,RAVDESS,4,03,01,03,happy,happy,Positive,02,01,01,False,test
/Users/clarayousif/Sheridan/Third/ai-ml-capstone/ml-services/data/raw/ravdess/audio_speech_actors_01-24/Actor_04/03-01-03-02-01-02-04.wav,03-01-03-02-01-02-04.wav,RAVDESS,4,03,01,03,happy,happy,Positive,02,01,02,False,test
/Users/clarayousif/Sheridan/Third/ai-ml-capstone/ml-services/data/raw/ravdess/audio_speech_actors_01-24/Actor_04/03-01-03-02-02-01-04.wav,03-01-03-02-02-01-04.wav,RAVDESS,4,03,01,03,happy,happy,Positive,02,02,01,False,test
/Users/clarayousif/Sheridan/Third/ai-ml-capstone/ml-services/data/raw/ravdess/audio_speech_actors_01-24/Actor_04/03-01-03-02-02-02-04.wav,03-01-03-02-02-02-04.wav,RAVDESS,4,03,01,03,happy,happy,Positive,02,02,02,False,test
/Users/clarayousif/Sheridan/Third/ai-ml-capstone/ml-services/data/raw/ravdess/audio_speech_actors_01-24/Actor_04/03-01-01-01-01-01-04.wav,03-01-01-01-01-01-04.wav,RAVDESS,4,03,01,01,neutral,neutral,Neutral,01,01,01,False,test
/Users/clarayousif/Sheridan/Third/ai-ml-capstone/ml-services/data/raw/ravdess/audio_speech_actors_01-24/Actor_04/03-01-01-01-01-02-04.wav,03-01-01-01-01-02-04.wav,RAVDESS,4,03,01,01,neutral,neutral,Neutral,01,01,02,False,test
/Users/clarayousif/Sheridan/Third/ai-ml-capstone/ml-services/data/raw/ravdess/audio_speech_actors_01-24/Actor_04/03-01-01-01-02-01-04.wav,03-01-01-01-02-01-04.wav,RAVDESS,4,03,01,01,neutral,neutral,Neutral,01,02,01,False,test
/Users/clarayousif/Sheridan/Third/ai-ml-capstone/ml-services/data/raw/ravdess/audio_speech_actors_01-24/Actor_04/03-01-01-01-02-02-04.wav,03-01-01-01-02-02-04.wav,RAVDESS,4,03,01,01,neutral,neutral,Neutral,01,02,02,False,test
/Users/clarayousif/Sheridan/Third/ai-ml-capstone/ml-services/data/raw/ravdess/audio_speech_actors_01-24/Actor_04/03-01-02-01-01-01-04.wav,03-01-02-01-01-01-04.wav,RAVDESS,4,03,01,02,calm,neutral,Neutral,01,01,01,False,test
/Users/clarayousif/Sheridan/Third/ai-ml-capstone/ml-services/data/raw/ravdess/audio_speech_actors_01-24/Actor_04/03-01-02-01-01-02-04.wav,03-01-02-01-01-02-04.wav,RAVDESS,4,03,01,02,calm,neutral,Neutral,01,01,02,False,test
/Users/clarayousif/Sheridan/Third/ai-ml-capstone/ml-services/data/raw/ravdess/audio_speech_actors_01-24/Actor_04/03-01-02-01-02-01-04.wav,03-01-02-01-02-01-04.wav,RAVDESS,4,03,01,02,calm,neutral,Neutral,01,02,01,False,test
/Users/clarayousif/Sheridan/Third/ai-ml-capstone/ml-services/data/raw/ravdess/audio_speech_actors_01-24/Actor_04/03-01-02-01-02-02-04.wav,03-01-02-01-02-02-04.wav,RAVDESS,4,03,01,02,calm,neutral,Neutral,01,02,02,False,test
/Users/clarayousif/Sheridan/Third/ai-ml-capstone/ml-services/data/raw/ravdess/audio_speech_actors_01-24/Actor_04/03-01-02-02-01-01-04.wav,03-01-02-02-01-01-04.wav,RAVDESS,4,03,01,02,calm,neutral,Neutral,02,01,01,False,test
/Users/clarayousif/Sheridan/Third/ai-ml-capstone/ml-services/data/raw/ravdess/audio_speech_actors_01-24/Actor_04/03-01-02-02-01-02-04.wav,03-01-02-02-01-02-04.wav,RAVDESS,4,03,01,02,calm,neutral,Neutral,02,01,02,False,test
/Users/clarayousif/Sheridan/Third/ai-ml-capstone/ml-services/data/raw/ravdess/audio_speech_actors_01-24/Actor_04/03-01-02-02-02-01-04.wav,03-01-02-02-02-01-04.wav,RAVDESS,4,03,01,02,calm,neutral,Neutral,02,02,01,False,test
/Users/clarayousif/Sheridan/Third/ai-ml-capstone/ml-services/data/raw/ravdess/audio_speech_actors_01-24/Actor_04/03-01-02-02-02-02-04.wav,03-01-02-02-02-02-04.wav,RAVDESS,4,03,01,02,calm,neutral,Neutral,02,02,02,False,test
/Users/clarayousif/Sheridan/Third/ai-ml-capstone/ml-services/data/raw/ravdess/audio_speech_actors_01-24/Actor_04/03-01-04-01-01-01-04.wav,03-01-04-01-01-01-04.wav,RAVDESS,4,03,01,04,sad,sadness,Negative,01,01,01,True,test
/Users/clarayousif/Sheridan/Third/ai-ml-capstone/ml-services/data/raw/ravdess/audio_speech_actors_01-24/Actor_04/03-01-04-01-01-02-04.wav,03-01-04-01-01-02-04.wav,RAVDESS,4,03,01,04,sad,sadness,Negative,01,01,02,True,test
/Users/clarayousif/Sheridan/Third/ai-ml-capstone/ml-services/data/raw/ravdess/audio_speech_actors_01-24/Actor_04/03-01-04-01-02-01-04.wav,03-01-04-01-02-01-04.wav,RAVDESS,4,03,01,04,sad,sadness,Negative,01,02,01,True,test
/Users/clarayousif/Sheridan/Third/ai-ml-capstone/ml-services/data/raw/ravdess/audio_speech_actors_01-24/Actor_04/03-01-04-01-02-02-04.wav,03-01-04-01-02-02-04.wav,RAVDESS,4,03,01,04,sad,sadness,Negative,01,02,02,True,test
/Users/clarayousif/Sheridan/Third/ai-ml-capstone/ml-services/data/raw/ravdess/audio_speech_actors_01-24/Actor_04/03-01-04-02-01-01-04.wav,03-01-04-02-01-01-04.wav,RAVDESS,4,03,01,04,sad,sadness,Negative,02,01,01,True,test
/Users/clarayousif/Sheridan/Third/ai-ml-capstone/ml-services/data/raw/ravdess/audio_speech_actors_01-24/Actor_04/03-01-04-02-01-02-04.wav,03-01-04-02-01-02-04.wav,RAVDESS,4,03,01,04,sad,sadness,Negative,02,01,02,True,test
/Users/clarayousif/Sheridan/Third/ai-ml-capstone/ml-services/data/raw/ravdess/audio_speech_actors_01-24/Actor_04/03-01-04-02-02-01-04.wav,03-01-04-02-02-01-04.wav,RAVDESS,4,03,01,04,sad,sadness,Negative,02,02,01,True,test
/Users/clarayousif/Sheridan/Third/ai-ml-capstone/ml-services/data/raw/ravdess/audio_speech_actors_01-24/Actor_04/03-01-04-02-02-02-04.wav,03-01-04-02-02-02-04.wav,RAVDESS,4,03,01,04,sad,sadness,Negative,02,02,02,True,test
/Users/clarayousif/Sheridan/Third/ai-ml-capstone/ml-services/data/raw/ravdess/audio_speech_actors_01-24/Actor_08/03-01-05-01-01-01-08.wav,03-01-05-01-01-01-08.wav,RAVDESS,8,03,01,05,angry,anger,Negative,01,01,01,True,test
/Users/clarayousif/Sheridan/Third/ai-ml-capstone/ml-services/data/raw/ravdess/audio_speech_actors_01-24/Actor_08/03-01-05-01-01-02-08.wav,03-01-05-01-01-02-08.wav,RAVDESS,8,03,01,05,angry,anger,Negative,01,01,02,True,test
/Users/clarayousif/Sheridan/Third/ai-ml-capstone/ml-services/data/raw/ravdess/audio_speech_actors_01-24/Actor_08/03-01-05-01-02-01-08.wav,03-01-05-01-02-01-08.wav,RAVDESS,8,03,01,05,angry,anger,Negative,01,02,01,True,test
/Users/clarayousif/Sheridan/Third/ai-ml-capstone/ml-services/data/raw/ravdess/audio_speech_actors_01-24/Actor_08/03-01-05-01-02-02-08.wav,03-01-05-01-02-02-08.wav,RAVDESS,8,03,01,05,angry,anger,Negative,01,02,02,True,test
/Users/clarayousif/Sheridan/Third/ai-ml-capstone/ml-services/data/raw/ravdess/audio_speech_actors_01-24/Actor_08/03-01-05-02-01-01-08.wav,03-01-05-02-01-01-08.wav,RAVDESS,8,03,01,05,angry,anger,Negative,02,01,01,True,test
/Users/clarayousif/Sheridan/Third/ai-ml-capstone/ml-services/data/raw/ravdess/audio_speech_actors_01-24/Actor_08/03-01-05-02-01-02-08.wav,03-01-05-02-01-02-08.wav,RAVDESS,8,03,01,05,angry,anger,Negative,02,01,02,True,test
/Users/clarayousif/Sheridan/Third/ai-ml-capstone/ml-services/data/raw/ravdess/audio_speech_actors_01-24/Actor_08/03-01-05-02-02-01-08.wav,03-01-05-02-02-01-08.wav,RAVDESS,8,03,01,05,angry,anger,Negative,02,02,01,True,test
/Users/clarayousif/Sheridan/Third/ai-ml-capstone/ml-services/data/raw/ravdess/audio_speech_actors_01-24/Actor_08/03-01-05-02-02-02-08.wav,03-01-05-02-02-02-08.wav,RAVDESS,8,03,01,05,angry,anger,Negative,02,02,02,True,test
/Users/clarayousif/Sheridan/Third/ai-ml-capstone/ml-services/data/raw/ravdess/audio_speech_actors_01-24/Actor_08/03-01-07-01-01-01-08.wav,03-01-07-01-01-01-08.wav,RAVDESS,8,03,01,07,disgust,disgust,Negative,01,01,01,True,test
/Users/clarayousif/Sheridan/Third/ai-ml-capstone/ml-services/data/raw/ravdess/audio_speech_actors_01-24/Actor_08/03-01-07-01-01-02-08.wav,03-01-07-01-01-02-08.wav,RAVDESS,8,03,01,07,disgust,disgust,Negative,01,01,02,True,test
/Users/clarayousif/Sheridan/Third/ai-ml-capstone/ml-services/data/raw/ravdess/audio_speech_actors_01-24/Actor_08/03-01-07-01-02-01-08.wav,03-01-07-01-02-01-08.wav,RAVDESS,8,03,01,07,disgust,disgust,Negative,01,02,01,True,test
/Users/clarayousif/Sheridan/Third/ai-ml-capstone/ml-services/data/raw/ravdess/audio_speech_actors_01-24/Actor_08/03-01-07-01-02-02-08.wav,03-01-07-01-02-02-08.wav,RAVDESS,8,03,01,07,disgust,disgust,Negative,01,02,02,True,test
/Users/clarayousif/Sheridan/Third/ai-ml-capstone/ml-services/data/raw/ravdess/audio_speech_actors_01-24/Actor_08/03-01-07-02-01-01-08.wav,03-01-07-02-01-01-08.wav,RAVDESS,8,03,01,07,disgust,disgust,Negative,02,01,01,True,test
/Users/clarayousif/Sheridan/Third/ai-ml-capstone/ml-services/data/raw/ravdess/audio_speech_actors_01-24/Actor_08/03-01-07-02-01-02-08.wav,03-01-07-02-01-02-08.wav,RAVDESS,8,03,01,07,disgust,disgust,Negative,02,01,02,True,test
/Users/clarayousif/Sheridan/Third/ai-ml-capstone/ml-services/data/raw/ravdess/audio_speech_actors_01-24/Actor_08/03-01-07-02-02-01-08.wav,03-01-07-02-02-01-08.wav,RAVDESS,8,03,01,07,disgust,disgust,Negative,02,02,01,True,test
/Users/clarayousif/Sheridan/Third/ai-ml-capstone/ml-services/data/raw/ravdess/audio_speech_actors_01-24/Actor_08/03-01-07-02-02-02-08.wav,03-01-07-02-02-02-08.wav,RAVDESS,8,03,01,07,disgust,disgust,Negative,02,02,02,True,test
/Users/clarayousif/Sheridan/Third/ai-ml-capstone/ml-services/data/raw/ravdess/audio_speech_actors_01-24/Actor_08/03-01-06-01-01-01-08.wav,03-01-06-01-01-01-08.wav,RAVDESS,8,03,01,06,fearful,fear,Negative,01,01,01,True,test
/Users/clarayousif/Sheridan/Third/ai-ml-capstone/ml-services/data/raw/ravdess/audio_speech_actors_01-24/Actor_08/03-01-06-01-01-02-08.wav,03-01-06-01-01-02-08.wav,RAVDESS,8,03,01,06,fearful,fear,Negative,01,01,02,True,test
/Users/clarayousif/Sheridan/Third/ai-ml-capstone/ml-services/data/raw/ravdess/audio_speech_actors_01-24/Actor_08/03-01-06-01-02-01-08.wav,03-01-06-01-02-01-08.wav,RAVDESS,8,03,01,06,fearful,fear,Negative,01,02,01,True,test
/Users/clarayousif/Sheridan/Third/ai-ml-capstone/ml-services/data/raw/ravdess/audio_speech_actors_01-24/Actor_08/03-01-06-01-02-02-08.wav,03-01-06-01-02-02-08.wav,RAVDESS,8,03,01,06,fearful,fear,Negative,01,02,02,True,test
/Users/clarayousif/Sheridan/Third/ai-ml-capstone/ml-services/data/raw/ravdess/audio_speech_actors_01-24/Actor_08/03-01-06-02-01-01-08.wav,03-01-06-02-01-01-08.wav,RAVDESS,8,03,01,06,fearful,fear,Negative,02,01,01,True,test
/Users/clarayousif/Sheridan/Third/ai-ml-capstone/ml-services/data/raw/ravdess/audio_speech_actors_01-24/Actor_08/03-01-06-02-01-02-08.wav,03-01-06-02-01-02-08.wav,RAVDESS,8,03,01,06,fearful,fear,Negative,02,01,02,True,test
/Users/clarayousif/Sheridan/Third/ai-ml-capstone/ml-services/data/raw/ravdess/audio_speech_actors_01-24/Actor_08/03-01-06-02-02-01-08.wav,03-01-06-02-02-01-08.wav,RAVDESS,8,03,01,06,fearful,fear,Negative,02,02,01,True,test
/Users/clarayousif/Sheridan/Third/ai-ml-capstone/ml-services/data/raw/ravdess/audio_speech_actors_01-24/Actor_08/03-01-06-02-02-02-08.wav,03-01-06-02-02-02-08.wav,RAVDESS,8,03,01,06,fearful,fear,Negative,02,02,02,True,test
/Users/clarayousif/Sheridan/Third/ai-ml-capstone/ml-services/data/raw/ravdess/audio_speech_actors_01-24/Actor_08/03-01-03-01-01-01-08.wav,03-01-03-01-01-01-08.wav,RAVDESS,8,03,01,03,happy,happy,Positive,01,01,01,False,test
/Users/clarayousif/Sheridan/Third/ai-ml-capstone/ml-services/data/raw/ravdess/audio_speech_actors_01-24/Actor_08/03-01-03-01-01-02-08.wav,03-01-03-01-01-02-08.wav,RAVDESS,8,03,01,03,happy,happy,Positive,01,01,02,False,test
/Users/clarayousif/Sheridan/Third/ai-ml-capstone/ml-services/data/raw/ravdess/audio_speech_actors_01-24/Actor_08/03-01-03-01-02-01-08.wav,03-01-03-01-02-01-08.wav,RAVDESS,8,03,01,03,happy,happy,Positive,01,02,01,False,test
/Users/clarayousif/Sheridan/Third/ai-ml-capstone/ml-services/data/raw/ravdess/audio_speech_actors_01-24/Actor_08/03-01-03-01-02-02-08.wav,03-01-03-01-02-02-08.wav,RAVDESS,8,03,01,03,happy,happy,Positive,01,02,02,False,test
/Users/clarayousif/Sheridan/Third/ai-ml-capstone/ml-services/data/raw/ravdess/audio_speech_actors_01-24/Actor_08/03-01-03-02-01-01-08.wav,03-01-03-02-01-01-08.wav,RAVDESS,8,03,01,03,happy,happy,Positive,02,01,01,False,test
/Users/clarayousif/Sheridan/Third/ai-ml-capstone/ml-services/data/raw/ravdess/audio_speech_actors_01-24/Actor_08/03-01-03-02-01-02-08.wav,03-01-03-02-01-02-08.wav,RAVDESS,8,03,01,03,happy,happy,Positive,02,01,02,False,test
/Users/clarayousif/Sheridan/Third/ai-ml-capstone/ml-services/data/raw/ravdess/audio_speech_actors_01-24/Actor_08/03-01-03-02-02-01-08.wav,03-01-03-02-02-01-08.wav,RAVDESS,8,03,01,03,happy,happy,Positive,02,02,01,False,test
/Users/clarayousif/Sheridan/Third/ai-ml-capstone/ml-services/data/raw/ravdess/audio_speech_actors_01-24/Actor_08/03-01-03-02-02-02-08.wav,03-01-03-02-02-02-08.wav,RAVDESS,8,03,01,03,happy,happy,Positive,02,02,02,False,test
/Users/clarayousif/Sheridan/Third/ai-ml-capstone/ml-services/data/raw/ravdess/audio_speech_actors_01-24/Actor_08/03-01-01-01-01-01-08.wav,03-01-01-01-01-01-08.wav,RAVDESS,8,03,01,01,neutral,neutral,Neutral,01,01,01,False,test
/Users/clarayousif/Sheridan/Third/ai-ml-capstone/ml-services/data/raw/ravdess/audio_speech_actors_01-24/Actor_08/03-01-01-01-01-02-08.wav,03-01-01-01-01-02-08.wav,RAVDESS,8,03,01,01,neutral,neutral,Neutral,01,01,02,False,test
/Users/clarayousif/Sheridan/Third/ai-ml-capstone/ml-services/data/raw/ravdess/audio_speech_actors_01-24/Actor_08/03-01-01-01-02-01-08.wav,03-01-01-01-02-01-08.wav,RAVDESS,8,03,01,01,neutral,neutral,Neutral,01,02,01,False,test
/Users/clarayousif/Sheridan/Third/ai-ml-capstone/ml-services/data/raw/ravdess/audio_speech_actors_01-24/Actor_08/03-01-01-01-02-02-08.wav,03-01-01-01-02-02-08.wav,RAVDESS,8,03,01,01,neutral,neutral,Neutral,01,02,02,False,test
/Users/clarayousif/Sheridan/Third/ai-ml-capstone/ml-services/data/raw/ravdess/audio_speech_actors_01-24/Actor_08/03-01-02-01-01-01-08.wav,03-01-02-01-01-01-08.wav,RAVDESS,8,03,01,02,calm,neutral,Neutral,01,01,01,False,test
/Users/clarayousif/Sheridan/Third/ai-ml-capstone/ml-services/data/raw/ravdess/audio_speech_actors_01-24/Actor_08/03-01-02-01-01-02-08.wav,03-01-02-01-01-02-08.wav,RAVDESS,8,03,01,02,calm,neutral,Neutral,01,01,02,False,test
/Users/clarayousif/Sheridan/Third/ai-ml-capstone/ml-services/data/raw/ravdess/audio_speech_actors_01-24/Actor_08/03-01-02-01-02-01-08.wav,03-01-02-01-02-01-08.wav,RAVDESS,8,03,01,02,calm,neutral,Neutral,01,02,01,False,test
/Users/clarayousif/Sheridan/Third/ai-ml-capstone/ml-services/data/raw/ravdess/audio_speech_actors_01-24/Actor_08/03-01-02-01-02-02-08.wav,03-01-02-01-02-02-08.wav,RAVDESS,8,03,01,02,calm,neutral,Neutral,01,02,02,False,test
/Users/clarayousif/Sheridan/Third/ai-ml-capstone/ml-services/data/raw/ravdess/audio_speech_actors_01-24/Actor_08/03-01-02-02-01-01-08.wav,03-01-02-02-01-01-08.wav,RAVDESS,8,03,01,02,calm,neutral,Neutral,02,01,01,False,test
/Users/clarayousif/Sheridan/Third/ai-ml-capstone/ml-services/data/raw/ravdess/audio_speech_actors_01-24/Actor_08/03-01-02-02-01-02-08.wav,03-01-02-02-01-02-08.wav,RAVDESS,8,03,01,02,calm,neutral,Neutral,02,01,02,False,test
/Users/clarayousif/Sheridan/Third/ai-ml-capstone/ml-services/data/raw/ravdess/audio_speech_actors_01-24/Actor_08/03-01-02-02-02-01-08.wav,03-01-02-02-02-01-08.wav,RAVDESS,8,03,01,02,calm,neutral,Neutral,02,02,01,False,test
/Users/clarayousif/Sheridan/Third/ai-ml-capstone/ml-services/data/raw/ravdess/audio_speech_actors_01-24/Actor_08/03-01-02-02-02-02-08.wav,03-01-02-02-02-02-08.wav,RAVDESS,8,03,01,02,calm,neutral,Neutral,02,02,02,False,test
/Users/clarayousif/Sheridan/Third/ai-ml-capstone/ml-services/data/raw/ravdess/audio_speech_actors_01-24/Actor_08/03-01-04-01-01-01-08.wav,03-01-04-01-01-01-08.wav,RAVDESS,8,03,01,04,sad,sadness,Negative,01,01,01,True,test
/Users/clarayousif/Sheridan/Third/ai-ml-capstone/ml-services/data/raw/ravdess/audio_speech_actors_01-24/Actor_08/03-01-04-01-01-02-08.wav,03-01-04-01-01-02-08.wav,RAVDESS,8,03,01,04,sad,sadness,Negative,01,01,02,True,test
/Users/clarayousif/Sheridan/Third/ai-ml-capstone/ml-services/data/raw/ravdess/audio_speech_actors_01-24/Actor_08/03-01-04-01-02-01-08.wav,03-01-04-01-02-01-08.wav,RAVDESS,8,03,01,04,sad,sadness,Negative,01,02,01,True,test
/Users/clarayousif/Sheridan/Third/ai-ml-capstone/ml-services/data/raw/ravdess/audio_speech_actors_01-24/Actor_08/03-01-04-01-02-02-08.wav,03-01-04-01-02-02-08.wav,RAVDESS,8,03,01,04,sad,sadness,Negative,01,02,02,True,test
/Users/clarayousif/Sheridan/Third/ai-ml-capstone/ml-services/data/raw/ravdess/audio_speech_actors_01-24/Actor_08/03-01-04-02-01-01-08.wav,03-01-04-02-01-01-08.wav,RAVDESS,8,03,01,04,sad,sadness,Negative,02,01,01,True,test
/Users/clarayousif/Sheridan/Third/ai-ml-capstone/ml-services/data/raw/ravdess/audio_speech_actors_01-24/Actor_08/03-01-04-02-01-02-08.wav,03-01-04-02-01-02-08.wav,RAVDESS,8,03,01,04,sad,sadness,Negative,02,01,02,True,test
/Users/clarayousif/Sheridan/Third/ai-ml-capstone/ml-services/data/raw/ravdess/audio_speech_actors_01-24/Actor_08/03-01-04-02-02-01-08.wav,03-01-04-02-02-01-08.wav,RAVDESS,8,03,01,04,sad,sadness,Negative,02,02,01,True,test
/Users/clarayousif/Sheridan/Third/ai-ml-capstone/ml-services/data/raw/ravdess/audio_speech_actors_01-24/Actor_08/03-01-04-02-02-02-08.wav,03-01-04-02-02-02-08.wav,RAVDESS,8,03,01,04,sad,sadness,Negative,02,02,02,True,test
/Users/clarayousif/Sheridan/Third/ai-ml-capstone/ml-services/data/raw/ravdess/audio_speech_actors_01-24/Actor_09/03-01-05-01-01-01-09.wav,03-01-05-01-01-01-09.wav,RAVDESS,9,03,01,05,angry,anger,Negative,01,01,01,True,test
/Users/clarayousif/Sheridan/Third/ai-ml-capstone/ml-services/data/raw/ravdess/audio_speech_actors_01-24/Actor_09/03-01-05-01-01-02-09.wav,03-01-05-01-01-02-09.wav,RAVDESS,9,03,01,05,angry,anger,Negative,01,01,02,True,test
/Users/clarayousif/Sheridan/Third/ai-ml-capstone/ml-services/data/raw/ravdess/audio_speech_actors_01-24/Actor_09/03-01-05-01-02-01-09.wav,03-01-05-01-02-01-09.wav,RAVDESS,9,03,01,05,angry,anger,Negative,01,02,01,True,test
/Users/clarayousif/Sheridan/Third/ai-ml-capstone/ml-services/data/raw/ravdess/audio_speech_actors_01-24/Actor_09/03-01-05-01-02-02-09.wav,03-01-05-01-02-02-09.wav,RAVDESS,9,03,01,05,angry,anger,Negative,01,02,02,True,test
/Users/clarayousif/Sheridan/Third/ai-ml-capstone/ml-services/data/raw/ravdess/audio_speech_actors_01-24/Actor_09/03-01-05-02-01-01-09.wav,03-01-05-02-01-01-09.wav,RAVDESS,9,03,01,05,angry,anger,Negative,02,01,01,True,test
/Users/clarayousif/Sheridan/Third/ai-ml-capstone/ml-services/data/raw/ravdess/audio_speech_actors_01-24/Actor_09/03-01-05-02-01-02-09.wav,03-01-05-02-01-02-09.wav,RAVDESS,9,03,01,05,angry,anger,Negative,02,01,02,True,test
/Users/clarayousif/Sheridan/Third/ai-ml-capstone/ml-services/data/raw/ravdess/audio_speech_actors_01-24/Actor_09/03-01-05-02-02-01-09.wav,03-01-05-02-02-01-09.wav,RAVDESS,9,03,01,05,angry,anger,Negative,02,02,01,True,test
/Users/clarayousif/Sheridan/Third/ai-ml-capstone/ml-services/data/raw/ravdess/audio_speech_actors_01-24/Actor_09/03-01-05-02-02-02-09.wav,03-01-05-02-02-02-09.wav,RAVDESS,9,03,01,05,angry,anger,Negative,02,02,02,True,test
/Users/clarayousif/Sheridan/Third/ai-ml-capstone/ml-services/data/raw/ravdess/audio_speech_actors_01-24/Actor_09/03-01-07-01-01-01-09.wav,03-01-07-01-01-01-09.wav,RAVDESS,9,03,01,07,disgust,disgust,Negative,01,01,01,True,test
/Users/clarayousif/Sheridan/Third/ai-ml-capstone/ml-services/data/raw/ravdess/audio_speech_actors_01-24/Actor_09/03-01-07-01-01-02-09.wav,03-01-07-01-01-02-09.wav,RAVDESS,9,03,01,07,disgust,disgust,Negative,01,01,02,True,test
/Users/clarayousif/Sheridan/Third/ai-ml-capstone/ml-services/data/raw/ravdess/audio_speech_actors_01-24/Actor_09/03-01-07-01-02-01-09.wav,03-01-07-01-02-01-09.wav,RAVDESS,9,03,01,07,disgust,disgust,Negative,01,02,01,True,test
/Users/clarayousif/Sheridan/Third/ai-ml-capstone/ml-services/data/raw/ravdess/audio_speech_actors_01-24/Actor_09/03-01-07-01-02-02-09.wav,03-01-07-01-02-02-09.wav,RAVDESS,9,03,01,07,disgust,disgust,Negative,01,02,02,True,test
/Users/clarayousif/Sheridan/Third/ai-ml-capstone/ml-services/data/raw/ravdess/audio_speech_actors_01-24/Actor_09/03-01-07-02-01-01-09.wav,03-01-07-02-01-01-09.wav,RAVDESS,9,03,01,07,disgust,disgust,Negative,02,01,01,True,test
/Users/clarayousif/Sheridan/Third/ai-ml-capstone/ml-services/data/raw/ravdess/audio_speech_actors_01-24/Actor_09/03-01-07-02-01-02-09.wav,03-01-07-02-01-02-09.wav,RAVDESS,9,03,01,07,disgust,disgust,Negative,02,01,02,True,test
/Users/clarayousif/Sheridan/Third/ai-ml-capstone/ml-services/data/raw/ravdess/audio_speech_actors_01-24/Actor_09/03-01-07-02-02-01-09.wav,03-01-07-02-02-01-09.wav,RAVDESS,9,03,01,07,disgust,disgust,Negative,02,02,01,True,test
/Users/clarayousif/Sheridan/Third/ai-ml-capstone/ml-services/data/raw/ravdess/audio_speech_actors_01-24/Actor_09/03-01-07-02-02-02-09.wav,03-01-07-02-02-02-09.wav,RAVDESS,9,03,01,07,disgust,disgust,Negative,02,02,02,True,test
/Users/clarayousif/Sheridan/Third/ai-ml-capstone/ml-services/data/raw/ravdess/audio_speech_actors_01-24/Actor_09/03-01-06-01-01-01-09.wav,03-01-06-01-01-01-09.wav,RAVDESS,9,03,01,06,fearful,fear,Negative,01,01,01,True,test
/Users/clarayousif/Sheridan/Third/ai-ml-capstone/ml-services/data/raw/ravdess/audio_speech_actors_01-24/Actor_09/03-01-06-01-01-02-09.wav,03-01-06-01-01-02-09.wav,RAVDESS,9,03,01,06,fearful,fear,Negative,01,01,02,True,test
/Users/clarayousif/Sheridan/Third/ai-ml-capstone/ml-services/data/raw/ravdess/audio_speech_actors_01-24/Actor_09/03-01-06-01-02-01-09.wav,03-01-06-01-02-01-09.wav,RAVDESS,9,03,01,06,fearful,fear,Negative,01,02,01,True,test
/Users/clarayousif/Sheridan/Third/ai-ml-capstone/ml-services/data/raw/ravdess/audio_speech_actors_01-24/Actor_09/03-01-06-01-02-02-09.wav,03-01-06-01-02-02-09.wav,RAVDESS,9,03,01,06,fearful,fear,Negative,01,02,02,True,test
/Users/clarayousif/Sheridan/Third/ai-ml-capstone/ml-services/data/raw/ravdess/audio_speech_actors_01-24/Actor_09/03-01-06-02-01-01-09.wav,03-01-06-02-01-01-09.wav,RAVDESS,9,03,01,06,fearful,fear,Negative,02,01,01,True,test
/Users/clarayousif/Sheridan/Third/ai-ml-capstone/ml-services/data/raw/ravdess/audio_speech_actors_01-24/Actor_09/03-01-06-02-01-02-09.wav,03-01-06-02-01-02-09.wav,RAVDESS,9,03,01,06,fearful,fear,Negative,02,01,02,True,test
/Users/clarayousif/Sheridan/Third/ai-ml-capstone/ml-services/data/raw/ravdess/audio_speech_actors_01-24/Actor_09/03-01-06-02-02-01-09.wav,03-01-06-02-02-01-09.wav,RAVDESS,9,03,01,06,fearful,fear,Negative,02,02,01,True,test
/Users/clarayousif/Sheridan/Third/ai-ml-capstone/ml-services/data/raw/ravdess/audio_speech_actors_01-24/Actor_09/03-01-06-02-02-02-09.wav,03-01-06-02-02-02-09.wav,RAVDESS,9,03,01,06,fearful,fear,Negative,02,02,02,True,test
/Users/clarayousif/Sheridan/Third/ai-ml-capstone/ml-services/data/raw/ravdess/audio_speech_actors_01-24/Actor_09/03-01-03-01-01-01-09.wav,03-01-03-01-01-01-09.wav,RAVDESS,9,03,01,03,happy,happy,Positive,01,01,01,False,test
/Users/clarayousif/Sheridan/Third/ai-ml-capstone/ml-services/data/raw/ravdess/audio_speech_actors_01-24/Actor_09/03-01-03-01-01-02-09.wav,03-01-03-01-01-02-09.wav,RAVDESS,9,03,01,03,happy,happy,Positive,01,01,02,False,test
/Users/clarayousif/Sheridan/Third/ai-ml-capstone/ml-services/data/raw/ravdess/audio_speech_actors_01-24/Actor_09/03-01-03-01-02-01-09.wav,03-01-03-01-02-01-09.wav,RAVDESS,9,03,01,03,happy,happy,Positive,01,02,01,False,test
/Users/clarayousif/Sheridan/Third/ai-ml-capstone/ml-services/data/raw/ravdess/audio_speech_actors_01-24/Actor_09/03-01-03-01-02-02-09.wav,03-01-03-01-02-02-09.wav,RAVDESS,9,03,01,03,happy,happy,Positive,01,02,02,False,test
/Users/clarayousif/Sheridan/Third/ai-ml-capstone/ml-services/data/raw/ravdess/audio_speech_actors_01-24/Actor_09/03-01-03-02-01-01-09.wav,03-01-03-02-01-01-09.wav,RAVDESS,9,03,01,03,happy,happy,Positive,02,01,01,False,test
/Users/clarayousif/Sheridan/Third/ai-ml-capstone/ml-services/data/raw/ravdess/audio_speech_actors_01-24/Actor_09/03-01-03-02-01-02-09.wav,03-01-03-02-01-02-09.wav,RAVDESS,9,03,01,03,happy,happy,Positive,02,01,02,False,test
/Users/clarayousif/Sheridan/Third/ai-ml-capstone/ml-services/data/raw/ravdess/audio_speech_actors_01-24/Actor_09/03-01-03-02-02-01-09.wav,03-01-03-02-02-01-09.wav,RAVDESS,9,03,01,03,happy,happy,Positive,02,02,01,False,test
/Users/clarayousif/Sheridan/Third/ai-ml-capstone/ml-services/data/raw/ravdess/audio_speech_actors_01-24/Actor_09/03-01-03-02-02-02-09.wav,03-01-03-02-02-02-09.wav,RAVDESS,9,03,01,03,happy,happy,Positive,02,02,02,False,test
/Users/clarayousif/Sheridan/Third/ai-ml-capstone/ml-services/data/raw/ravdess/audio_speech_actors_01-24/Actor_09/03-01-01-01-01-01-09.wav,03-01-01-01-01-01-09.wav,RAVDESS,9,03,01,01,neutral,neutral,Neutral,01,01,01,False,test
/Users/clarayousif/Sheridan/Third/ai-ml-capstone/ml-services/data/raw/ravdess/audio_speech_actors_01-24/Actor_09/03-01-01-01-01-02-09.wav,03-01-01-01-01-02-09.wav,RAVDESS,9,03,01,01,neutral,neutral,Neutral,01,01,02,False,test
/Users/clarayousif/Sheridan/Third/ai-ml-capstone/ml-services/data/raw/ravdess/audio_speech_actors_01-24/Actor_09/03-01-01-01-02-01-09.wav,03-01-01-01-02-01-09.wav,RAVDESS,9,03,01,01,neutral,neutral,Neutral,01,02,01,False,test
/Users/clarayousif/Sheridan/Third/ai-ml-capstone/ml-services/data/raw/ravdess/audio_speech_actors_01-24/Actor_09/03-01-01-01-02-02-09.wav,03-01-01-01-02-02-09.wav,RAVDESS,9,03,01,01,neutral,neutral,Neutral,01,02,02,False,test
/Users/clarayousif/Sheridan/Third/ai-ml-capstone/ml-services/data/raw/ravdess/audio_speech_actors_01-24/Actor_09/03-01-02-01-01-01-09.wav,03-01-02-01-01-01-09.wav,RAVDESS,9,03,01,02,calm,neutral,Neutral,01,01,01,False,test
/Users/clarayousif/Sheridan/Third/ai-ml-capstone/ml-services/data/raw/ravdess/audio_speech_actors_01-24/Actor_09/03-01-02-01-01-02-09.wav,03-01-02-01-01-02-09.wav,RAVDESS,9,03,01,02,calm,neutral,Neutral,01,01,02,False,test
/Users/clarayousif/Sheridan/Third/ai-ml-capstone/ml-services/data/raw/ravdess/audio_speech_actors_01-24/Actor_09/03-01-02-01-02-01-09.wav,03-01-02-01-02-01-09.wav,RAVDESS,9,03,01,02,calm,neutral,Neutral,01,02,01,False,test
/Users/clarayousif/Sheridan/Third/ai-ml-capstone/ml-services/data/raw/ravdess/audio_speech_actors_01-24/Actor_09/03-01-02-01-02-02-09.wav,03-01-02-01-02-02-09.wav,RAVDESS,9,03,01,02,calm,neutral,Neutral,01,02,02,False,test
/Users/clarayousif/Sheridan/Third/ai-ml-capstone/ml-services/data/raw/ravdess/audio_speech_actors_01-24/Actor_09/03-01-02-02-01-01-09.wav,03-01-02-02-01-01-09.wav,RAVDESS,9,03,01,02,calm,neutral,Neutral,02,01,01,False,test
/Users/clarayousif/Sheridan/Third/ai-ml-capstone/ml-services/data/raw/ravdess/audio_speech_actors_01-24/Actor_09/03-01-02-02-01-02-09.wav,03-01-02-02-01-02-09.wav,RAVDESS,9,03,01,02,calm,neutral,Neutral,02,01,02,False,test
/Users/clarayousif/Sheridan/Third/ai-ml-capstone/ml-services/data/raw/ravdess/audio_speech_actors_01-24/Actor_09/03-01-02-02-02-01-09.wav,03-01-02-02-02-01-09.wav,RAVDESS,9,03,01,02,calm,neutral,Neutral,02,02,01,False,test
/Users/clarayousif/Sheridan/Third/ai-ml-capstone/ml-services/data/raw/ravdess/audio_speech_actors_01-24/Actor_09/03-01-02-02-02-02-09.wav,03-01-02-02-02-02-09.wav,RAVDESS,9,03,01,02,calm,neutral,Neutral,02,02,02,False,test
/Users/clarayousif/Sheridan/Third/ai-ml-capstone/ml-services/data/raw/ravdess/audio_speech_actors_01-24/Actor_09/03-01-04-01-01-01-09.wav,03-01-04-01-01-01-09.wav,RAVDESS,9,03,01,04,sad,sadness,Negative,01,01,01,True,test
/Users/clarayousif/Sheridan/Third/ai-ml-capstone/ml-services/data/raw/ravdess/audio_speech_actors_01-24/Actor_09/03-01-04-01-01-02-09.wav,03-01-04-01-01-02-09.wav,RAVDESS,9,03,01,04,sad,sadness,Negative,01,01,02,True,test
/Users/clarayousif/Sheridan/Third/ai-ml-capstone/ml-services/data/raw/ravdess/audio_speech_actors_01-24/Actor_09/03-01-04-01-02-01-09.wav,03-01-04-01-02-01-09.wav,RAVDESS,9,03,01,04,sad,sadness,Negative,01,02,01,True,test
/Users/clarayousif/Sheridan/Third/ai-ml-capstone/ml-services/data/raw/ravdess/audio_speech_actors_01-24/Actor_09/03-01-04-01-02-02-09.wav,03-01-04-01-02-02-09.wav,RAVDESS,9,03,01,04,sad,sadness,Negative,01,02,02,True,test
/Users/clarayousif/Sheridan/Third/ai-ml-capstone/ml-services/data/raw/ravdess/audio_speech_actors_01-24/Actor_09/03-01-04-02-01-01-09.wav,03-01-04-02-01-01-09.wav,RAVDESS,9,03,01,04,sad,sadness,Negative,02,01,01,True,test
/Users/clarayousif/Sheridan/Third/ai-ml-capstone/ml-services/data/raw/ravdess/audio_speech_actors_01-24/Actor_09/03-01-04-02-01-02-09.wav,03-01-04-02-01-02-09.wav,RAVDESS,9,03,01,04,sad,sadness,Negative,02,01,02,True,test
/Users/clarayousif/Sheridan/Third/ai-ml-capstone/ml-services/data/raw/ravdess/audio_speech_actors_01-24/Actor_09/03-01-04-02-02-01-09.wav,03-01-04-02-02-01-09.wav,RAVDESS,9,03,01,04,sad,sadness,Negative,02,02,01,True,test
/Users/clarayousif/Sheridan/Third/ai-ml-capstone/ml-services/data/raw/ravdess/audio_speech_actors_01-24/Actor_09/03-01-04-02-02-02-09.wav,03-01-04-02-02-02-09.wav,RAVDESS,9,03,01,04,sad,sadness,Negative,02,02,02,True,test
/Users/clarayousif/Sheridan/Third/ai-ml-capstone/ml-services/data/raw/ravdess/audio_speech_actors_01-24/Actor_21/03-01-05-01-01-01-21.wav,03-01-05-01-01-01-21.wav,RAVDESS,21,03,01,05,angry,anger,Negative,01,01,01,True,test
/Users/clarayousif/Sheridan/Third/ai-ml-capstone/ml-services/data/raw/ravdess/audio_speech_actors_01-24/Actor_21/03-01-05-01-01-02-21.wav,03-01-05-01-01-02-21.wav,RAVDESS,21,03,01,05,angry,anger,Negative,01,01,02,True,test
/Users/clarayousif/Sheridan/Third/ai-ml-capstone/ml-services/data/raw/ravdess/audio_speech_actors_01-24/Actor_21/03-01-05-01-02-01-21.wav,03-01-05-01-02-01-21.wav,RAVDESS,21,03,01,05,angry,anger,Negative,01,02,01,True,test
/Users/clarayousif/Sheridan/Third/ai-ml-capstone/ml-services/data/raw/ravdess/audio_speech_actors_01-24/Actor_21/03-01-05-01-02-02-21.wav,03-01-05-01-02-02-21.wav,RAVDESS,21,03,01,05,angry,anger,Negative,01,02,02,True,test
/Users/clarayousif/Sheridan/Third/ai-ml-capstone/ml-services/data/raw/ravdess/audio_speech_actors_01-24/Actor_21/03-01-05-02-01-01-21.wav,03-01-05-02-01-01-21.wav,RAVDESS,21,03,01,05,angry,anger,Negative,02,01,01,True,test
/Users/clarayousif/Sheridan/Third/ai-ml-capstone/ml-services/data/raw/ravdess/audio_speech_actors_01-24/Actor_21/03-01-05-02-01-02-21.wav,03-01-05-02-01-02-21.wav,RAVDESS,21,03,01,05,angry,anger,Negative,02,01,02,True,test
/Users/clarayousif/Sheridan/Third/ai-ml-capstone/ml-services/data/raw/ravdess/audio_speech_actors_01-24/Actor_21/03-01-05-02-02-01-21.wav,03-01-05-02-02-01-21.wav,RAVDESS,21,03,01,05,angry,anger,Negative,02,02,01,True,test
/Users/clarayousif/Sheridan/Third/ai-ml-capstone/ml-services/data/raw/ravdess/audio_speech_actors_01-24/Actor_21/03-01-05-02-02-02-21.wav,03-01-05-02-02-02-21.wav,RAVDESS,21,03,01,05,angry,anger,Negative,02,02,02,True,test
/Users/clarayousif/Sheridan/Third/ai-ml-capstone/ml-services/data/raw/ravdess/audio_speech_actors_01-24/Actor_21/03-01-07-01-01-01-21.wav,03-01-07-01-01-01-21.wav,RAVDESS,21,03,01,07,disgust,disgust,Negative,01,01,01,True,test
/Users/clarayousif/Sheridan/Third/ai-ml-capstone/ml-services/data/raw/ravdess/audio_speech_actors_01-24/Actor_21/03-01-07-01-01-02-21.wav,03-01-07-01-01-02-21.wav,RAVDESS,21,03,01,07,disgust,disgust,Negative,01,01,02,True,test
/Users/clarayousif/Sheridan/Third/ai-ml-capstone/ml-services/data/raw/ravdess/audio_speech_actors_01-24/Actor_21/03-01-07-01-02-01-21.wav,03-01-07-01-02-01-21.wav,RAVDESS,21,03,01,07,disgust,disgust,Negative,01,02,01,True,test
/Users/clarayousif/Sheridan/Third/ai-ml-capstone/ml-services/data/raw/ravdess/audio_speech_actors_01-24/Actor_21/03-01-07-01-02-02-21.wav,03-01-07-01-02-02-21.wav,RAVDESS,21,03,01,07,disgust,disgust,Negative,01,02,02,True,test
/Users/clarayousif/Sheridan/Third/ai-ml-capstone/ml-services/data/raw/ravdess/audio_speech_actors_01-24/Actor_21/03-01-07-02-01-01-21.wav,03-01-07-02-01-01-21.wav,RAVDESS,21,03,01,07,disgust,disgust,Negative,02,01,01,True,test
/Users/clarayousif/Sheridan/Third/ai-ml-capstone/ml-services/data/raw/ravdess/audio_speech_actors_01-24/Actor_21/03-01-07-02-01-02-21.wav,03-01-07-02-01-02-21.wav,RAVDESS,21,03,01,07,disgust,disgust,Negative,02,01,02,True,test
/Users/clarayousif/Sheridan/Third/ai-ml-capstone/ml-services/data/raw/ravdess/audio_speech_actors_01-24/Actor_21/03-01-07-02-02-01-21.wav,03-01-07-02-02-01-21.wav,RAVDESS,21,03,01,07,disgust,disgust,Negative,02,02,01,True,test
/Users/clarayousif/Sheridan/Third/ai-ml-capstone/ml-services/data/raw/ravdess/audio_speech_actors_01-24/Actor_21/03-01-07-02-02-02-21.wav,03-01-07-02-02-02-21.wav,RAVDESS,21,03,01,07,disgust,disgust,Negative,02,02,02,True,test
/Users/clarayousif/Sheridan/Third/ai-ml-capstone/ml-services/data/raw/ravdess/audio_speech_actors_01-24/Actor_21/03-01-06-01-01-01-21.wav,03-01-06-01-01-01-21.wav,RAVDESS,21,03,01,06,fearful,fear,Negative,01,01,01,True,test
/Users/clarayousif/Sheridan/Third/ai-ml-capstone/ml-services/data/raw/ravdess/audio_speech_actors_01-24/Actor_21/03-01-06-01-01-02-21.wav,03-01-06-01-01-02-21.wav,RAVDESS,21,03,01,06,fearful,fear,Negative,01,01,02,True,test
/Users/clarayousif/Sheridan/Third/ai-ml-capstone/ml-services/data/raw/ravdess/audio_speech_actors_01-24/Actor_21/03-01-06-01-02-01-21.wav,03-01-06-01-02-01-21.wav,RAVDESS,21,03,01,06,fearful,fear,Negative,01,02,01,True,test
/Users/clarayousif/Sheridan/Third/ai-ml-capstone/ml-services/data/raw/ravdess/audio_speech_actors_01-24/Actor_21/03-01-06-01-02-02-21.wav,03-01-06-01-02-02-21.wav,RAVDESS,21,03,01,06,fearful,fear,Negative,01,02,02,True,test
/Users/clarayousif/Sheridan/Third/ai-ml-capstone/ml-services/data/raw/ravdess/audio_speech_actors_01-24/Actor_21/03-01-06-02-01-01-21.wav,03-01-06-02-01-01-21.wav,RAVDESS,21,03,01,06,fearful,fear,Negative,02,01,01,True,test
/Users/clarayousif/Sheridan/Third/ai-ml-capstone/ml-services/data/raw/ravdess/audio_speech_actors_01-24/Actor_21/03-01-06-02-01-02-21.wav,03-01-06-02-01-02-21.wav,RAVDESS,21,03,01,06,fearful,fear,Negative,02,01,02,True,test
/Users/clarayousif/Sheridan/Third/ai-ml-capstone/ml-services/data/raw/ravdess/audio_speech_actors_01-24/Actor_21/03-01-06-02-02-01-21.wav,03-01-06-02-02-01-21.wav,RAVDESS,21,03,01,06,fearful,fear,Negative,02,02,01,True,test
/Users/clarayousif/Sheridan/Third/ai-ml-capstone/ml-services/data/raw/ravdess/audio_speech_actors_01-24/Actor_21/03-01-06-02-02-02-21.wav,03-01-06-02-02-02-21.wav,RAVDESS,21,03,01,06,fearful,fear,Negative,02,02,02,True,test
/Users/clarayousif/Sheridan/Third/ai-ml-capstone/ml-services/data/raw/ravdess/audio_speech_actors_01-24/Actor_21/03-01-03-01-01-01-21.wav,03-01-03-01-01-01-21.wav,RAVDESS,21,03,01,03,happy,happy,Positive,01,01,01,False,test
/Users/clarayousif/Sheridan/Third/ai-ml-capstone/ml-services/data/raw/ravdess/audio_speech_actors_01-24/Actor_21/03-01-03-01-01-02-21.wav,03-01-03-01-01-02-21.wav,RAVDESS,21,03,01,03,happy,happy,Positive,01,01,02,False,test
/Users/clarayousif/Sheridan/Third/ai-ml-capstone/ml-services/data/raw/ravdess/audio_speech_actors_01-24/Actor_21/03-01-03-01-02-01-21.wav,03-01-03-01-02-01-21.wav,RAVDESS,21,03,01,03,happy,happy,Positive,01,02,01,False,test
/Users/clarayousif/Sheridan/Third/ai-ml-capstone/ml-services/data/raw/ravdess/audio_speech_actors_01-24/Actor_21/03-01-03-01-02-02-21.wav,03-01-03-01-02-02-21.wav,RAVDESS,21,03,01,03,happy,happy,Positive,01,02,02,False,test
/Users/clarayousif/Sheridan/Third/ai-ml-capstone/ml-services/data/raw/ravdess/audio_speech_actors_01-24/Actor_21/03-01-03-02-01-01-21.wav,03-01-03-02-01-01-21.wav,RAVDESS,21,03,01,03,happy,happy,Positive,02,01,01,False,test
/Users/clarayousif/Sheridan/Third/ai-ml-capstone/ml-services/data/raw/ravdess/audio_speech_actors_01-24/Actor_21/03-01-03-02-01-02-21.wav,03-01-03-02-01-02-21.wav,RAVDESS,21,03,01,03,happy,happy,Positive,02,01,02,False,test
/Users/clarayousif/Sheridan/Third/ai-ml-capstone/ml-services/data/raw/ravdess/audio_speech_actors_01-24/Actor_21/03-01-03-02-02-01-21.wav,03-01-03-02-02-01-21.wav,RAVDESS,21,03,01,03,happy,happy,Positive,02,02,01,False,test
/Users/clarayousif/Sheridan/Third/ai-ml-capstone/ml-services/data/raw/ravdess/audio_speech_actors_01-24/Actor_21/03-01-03-02-02-02-21.wav,03-01-03-02-02-02-21.wav,RAVDESS,21,03,01,03,happy,happy,Positive,02,02,02,False,test
/Users/clarayousif/Sheridan/Third/ai-ml-capstone/ml-services/data/raw/ravdess/audio_speech_actors_01-24/Actor_21/03-01-01-01-01-01-21.wav,03-01-01-01-01-01-21.wav,RAVDESS,21,03,01,01,neutral,neutral,Neutral,01,01,01,False,test
/Users/clarayousif/Sheridan/Third/ai-ml-capstone/ml-services/data/raw/ravdess/audio_speech_actors_01-24/Actor_21/03-01-01-01-01-02-21.wav,03-01-01-01-01-02-21.wav,RAVDESS,21,03,01,01,neutral,neutral,Neutral,01,01,02,False,test
/Users/clarayousif/Sheridan/Third/ai-ml-capstone/ml-services/data/raw/ravdess/audio_speech_actors_01-24/Actor_21/03-01-01-01-02-01-21.wav,03-01-01-01-02-01-21.wav,RAVDESS,21,03,01,01,neutral,neutral,Neutral,01,02,01,False,test
/Users/clarayousif/Sheridan/Third/ai-ml-capstone/ml-services/data/raw/ravdess/audio_speech_actors_01-24/Actor_21/03-01-01-01-02-02-21.wav,03-01-01-01-02-02-21.wav,RAVDESS,21,03,01,01,neutral,neutral,Neutral,01,02,02,False,test
/Users/clarayousif/Sheridan/Third/ai-ml-capstone/ml-services/data/raw/ravdess/audio_speech_actors_01-24/Actor_21/03-01-02-01-01-01-21.wav,03-01-02-01-01-01-21.wav,RAVDESS,21,03,01,02,calm,neutral,Neutral,01,01,01,False,test
/Users/clarayousif/Sheridan/Third/ai-ml-capstone/ml-services/data/raw/ravdess/audio_speech_actors_01-24/Actor_21/03-01-02-01-01-02-21.wav,03-01-02-01-01-02-21.wav,RAVDESS,21,03,01,02,calm,neutral,Neutral,01,01,02,False,test
/Users/clarayousif/Sheridan/Third/ai-ml-capstone/ml-services/data/raw/ravdess/audio_speech_actors_01-24/Actor_21/03-01-02-01-02-01-21.wav,03-01-02-01-02-01-21.wav,RAVDESS,21,03,01,02,calm,neutral,Neutral,01,02,01,False,test
/Users/clarayousif/Sheridan/Third/ai-ml-capstone/ml-services/data/raw/ravdess/audio_speech_actors_01-24/Actor_21/03-01-02-01-02-02-21.wav,03-01-02-01-02-02-21.wav,RAVDESS,21,03,01,02,calm,neutral,Neutral,01,02,02,False,test
/Users/clarayousif/Sheridan/Third/ai-ml-capstone/ml-services/data/raw/ravdess/audio_speech_actors_01-24/Actor_21/03-01-02-02-01-01-21.wav,03-01-02-02-01-01-21.wav,RAVDESS,21,03,01,02,calm,neutral,Neutral,02,01,01,False,test
/Users/clarayousif/Sheridan/Third/ai-ml-capstone/ml-services/data/raw/ravdess/audio_speech_actors_01-24/Actor_21/03-01-02-02-01-02-21.wav,03-01-02-02-01-02-21.wav,RAVDESS,21,03,01,02,calm,neutral,Neutral,02,01,02,False,test
/Users/clarayousif/Sheridan/Third/ai-ml-capstone/ml-services/data/raw/ravdess/audio_speech_actors_01-24/Actor_21/03-01-02-02-02-01-21.wav,03-01-02-02-02-01-21.wav,RAVDESS,21,03,01,02,calm,neutral,Neutral,02,02,01,False,test
/Users/clarayousif/Sheridan/Third/ai-ml-capstone/ml-services/data/raw/ravdess/audio_speech_actors_01-24/Actor_21/03-01-02-02-02-02-21.wav,03-01-02-02-02-02-21.wav,RAVDESS,21,03,01,02,calm,neutral,Neutral,02,02,02,False,test
/Users/clarayousif/Sheridan/Third/ai-ml-capstone/ml-services/data/raw/ravdess/audio_speech_actors_01-24/Actor_21/03-01-04-01-01-01-21.wav,03-01-04-01-01-01-21.wav,RAVDESS,21,03,01,04,sad,sadness,Negative,01,01,01,True,test
/Users/clarayousif/Sheridan/Third/ai-ml-capstone/ml-services/data/raw/ravdess/audio_speech_actors_01-24/Actor_21/03-01-04-01-01-02-21.wav,03-01-04-01-01-02-21.wav,RAVDESS,21,03,01,04,sad,sadness,Negative,01,01,02,True,test
/Users/clarayousif/Sheridan/Third/ai-ml-capstone/ml-services/data/raw/ravdess/audio_speech_actors_01-24/Actor_21/03-01-04-01-02-01-21.wav,03-01-04-01-02-01-21.wav,RAVDESS,21,03,01,04,sad,sadness,Negative,01,02,01,True,test
/Users/clarayousif/Sheridan/Third/ai-ml-capstone/ml-services/data/raw/ravdess/audio_speech_actors_01-24/Actor_21/03-01-04-01-02-02-21.wav,03-01-04-01-02-02-21.wav,RAVDESS,21,03,01,04,sad,sadness,Negative,01,02,02,True,test
/Users/clarayousif/Sheridan/Third/ai-ml-capstone/ml-services/data/raw/ravdess/audio_speech_actors_01-24/Actor_21/03-01-04-02-01-01-21.wav,03-01-04-02-01-01-21.wav,RAVDESS,21,03,01,04,sad,sadness,Negative,02,01,01,True,test
/Users/clarayousif/Sheridan/Third/ai-ml-capstone/ml-services/data/raw/ravdess/audio_speech_actors_01-24/Actor_21/03-01-04-02-01-02-21.wav,03-01-04-02-01-02-21.wav,RAVDESS,21,03,01,04,sad,sadness,Negative,02,01,02,True,test
/Users/clarayousif/Sheridan/Third/ai-ml-capstone/ml-services/data/raw/ravdess/audio_speech_actors_01-24/Actor_21/03-01-04-02-02-01-21.wav,03-01-04-02-02-01-21.wav,RAVDESS,21,03,01,04,sad,sadness,Negative,02,02,01,True,test
/Users/clarayousif/Sheridan/Third/ai-ml-capstone/ml-services/data/raw/ravdess/audio_speech_actors_01-24/Actor_21/03-01-04-02-02-02-21.wav,03-01-04-02-02-02-21.wav,RAVDESS,21,03,01,04,sad,sadness,Negative,02,02,02,True,test
/Users/clarayousif/Sheridan/Third/ai-ml-capstone/ml-services/data/raw/ravdess/audio_speech_actors_01-24/Actor_02/03-01-05-01-01-01-02.wav,03-01-05-01-01-01-02.wav,RAVDESS,2,03,01,05,angry,anger,Negative,01,01,01,True,train
/Users/clarayousif/Sheridan/Third/ai-ml-capstone/ml-services/data/raw/ravdess/audio_speech_actors_01-24/Actor_02/03-01-05-01-01-02-02.wav,03-01-05-01-01-02-02.wav,RAVDESS,2,03,01,05,angry,anger,Negative,01,01,02,True,train
/Users/clarayousif/Sheridan/Third/ai-ml-capstone/ml-services/data/raw/ravdess/audio_speech_actors_01-24/Actor_02/03-01-05-01-02-01-02.wav,03-01-05-01-02-01-02.wav,RAVDESS,2,03,01,05,angry,anger,Negative,01,02,01,True,train
/Users/clarayousif/Sheridan/Third/ai-ml-capstone/ml-services/data/raw/ravdess/audio_speech_actors_01-24/Actor_02/03-01-05-01-02-02-02.wav,03-01-05-01-02-02-02.wav,RAVDESS,2,03,01,05,angry,anger,Negative,01,02,02,True,train
/Users/clarayousif/Sheridan/Third/ai-ml-capstone/ml-services/data/raw/ravdess/audio_speech_actors_01-24/Actor_02/03-01-05-02-01-01-02.wav,03-01-05-02-01-01-02.wav,RAVDESS,2,03,01,05,angry,anger,Negative,02,01,01,True,train
/Users/clarayousif/Sheridan/Third/ai-ml-capstone/ml-services/data/raw/ravdess/audio_speech_actors_01-24/Actor_02/03-01-05-02-01-02-02.wav,03-01-05-02-01-02-02.wav,RAVDESS,2,03,01,05,angry,anger,Negative,02,01,02,True,train
/Users/clarayousif/Sheridan/Third/ai-ml-capstone/ml-services/data/raw/ravdess/audio_speech_actors_01-24/Actor_02/03-01-05-02-02-01-02.wav,03-01-05-02-02-01-02.wav,RAVDESS,2,03,01,05,angry,anger,Negative,02,02,01,True,train
/Users/clarayousif/Sheridan/Third/ai-ml-capstone/ml-services/data/raw/ravdess/audio_speech_actors_01-24/Actor_02/03-01-05-02-02-02-02.wav,03-01-05-02-02-02-02.wav,RAVDESS,2,03,01,05,angry,anger,Negative,02,02,02,True,train
/Users/clarayousif/Sheridan/Third/ai-ml-capstone/ml-services/data/raw/ravdess/audio_speech_actors_01-24/Actor_02/03-01-07-01-01-01-02.wav,03-01-07-01-01-01-02.wav,RAVDESS,2,03,01,07,disgust,disgust,Negative,01,01,01,True,train
/Users/clarayousif/Sheridan/Third/ai-ml-capstone/ml-services/data/raw/ravdess/audio_speech_actors_01-24/Actor_02/03-01-07-01-01-02-02.wav,03-01-07-01-01-02-02.wav,RAVDESS,2,03,01,07,disgust,disgust,Negative,01,01,02,True,train
/Users/clarayousif/Sheridan/Third/ai-ml-capstone/ml-services/data/raw/ravdess/audio_speech_actors_01-24/Actor_02/03-01-07-01-02-01-02.wav,03-01-07-01-02-01-02.wav,RAVDESS,2,03,01,07,disgust,disgust,Negative,01,02,01,True,train
/Users/clarayousif/Sheridan/Third/ai-ml-capstone/ml-services/data/raw/ravdess/audio_speech_actors_01-24/Actor_02/03-01-07-01-02-02-02.wav,03-01-07-01-02-02-02.wav,RAVDESS,2,03,01,07,disgust,disgust,Negative,01,02,02,True,train
/Users/clarayousif/Sheridan/Third/ai-ml-capstone/ml-services/data/raw/ravdess/audio_speech_actors_01-24/Actor_02/03-01-07-02-01-01-02.wav,03-01-07-02-01-01-02.wav,RAVDESS,2,03,01,07,disgust,disgust,Negative,02,01,01,True,train
/Users/clarayousif/Sheridan/Third/ai-ml-capstone/ml-services/data/raw/ravdess/audio_speech_actors_01-24/Actor_02/03-01-07-02-01-02-02.wav,03-01-07-02-01-02-02.wav,RAVDESS,2,03,01,07,disgust,disgust,Negative,02,01,02,True,train
/Users/clarayousif/Sheridan/Third/ai-ml-capstone/ml-services/data/raw/ravdess/audio_speech_actors_01-24/Actor_02/03-01-07-02-02-01-02.wav,03-01-07-02-02-01-02.wav,RAVDESS,2,03,01,07,disgust,disgust,Negative,02,02,01,True,train
/Users/clarayousif/Sheridan/Third/ai-ml-capstone/ml-services/data/raw/ravdess/audio_speech_actors_01-24/Actor_02/03-01-07-02-02-02-02.wav,03-01-07-02-02-02-02.wav,RAVDESS,2,03,01,07,disgust,disgust,Negative,02,02,02,True,train
/Users/clarayousif/Sheridan/Third/ai-ml-capstone/ml-services/data/raw/ravdess/audio_speech_actors_01-24/Actor_02/03-01-06-01-01-01-02.wav,03-01-06-01-01-01-02.wav,RAVDESS,2,03,01,06,fearful,fear,Negative,01,01,01,True,train
/Users/clarayousif/Sheridan/Third/ai-ml-capstone/ml-services/data/raw/ravdess/audio_speech_actors_01-24/Actor_02/03-01-06-01-01-02-02.wav,03-01-06-01-01-02-02.wav,RAVDESS,2,03,01,06,fearful,fear,Negative,01,01,02,True,train
/Users/clarayousif/Sheridan/Third/ai-ml-capstone/ml-services/data/raw/ravdess/audio_speech_actors_01-24/Actor_02/03-01-06-01-02-01-02.wav,03-01-06-01-02-01-02.wav,RAVDESS,2,03,01,06,fearful,fear,Negative,01,02,01,True,train
/Users/clarayousif/Sheridan/Third/ai-ml-capstone/ml-services/data/raw/ravdess/audio_speech_actors_01-24/Actor_02/03-01-06-01-02-02-02.wav,03-01-06-01-02-02-02.wav,RAVDESS,2,03,01,06,fearful,fear,Negative,01,02,02,True,train
/Users/clarayousif/Sheridan/Third/ai-ml-capstone/ml-services/data/raw/ravdess/audio_speech_actors_01-24/Actor_02/03-01-06-02-01-01-02.wav,03-01-06-02-01-01-02.wav,RAVDESS,2,03,01,06,fearful,fear,Negative,02,01,01,True,train
/Users/clarayousif/Sheridan/Third/ai-ml-capstone/ml-services/data/raw/ravdess/audio_speech_actors_01-24/Actor_02/03-01-06-02-01-02-02.wav,03-01-06-02-01-02-02.wav,RAVDESS,2,03,01,06,fearful,fear,Negative,02,01,02,True,train
/Users/clarayousif/Sheridan/Third/ai-ml-capstone/ml-services/data/raw/ravdess/audio_speech_actors_01-24/Actor_02/03-01-06-02-02-01-02.wav,03-01-06-02-02-01-02.wav,RAVDESS,2,03,01,06,fearful,fear,Negative,02,02,01,True,train
/Users/clarayousif/Sheridan/Third/ai-ml-capstone/ml-services/data/raw/ravdess/audio_speech_actors_01-24/Actor_02/03-01-06-02-02-02-02.wav,03-01-06-02-02-02-02.wav,RAVDESS,2,03,01,06,fearful,fear,Negative,02,02,02,True,train
/Users/clarayousif/Sheridan/Third/ai-ml-capstone/ml-services/data/raw/ravdess/audio_speech_actors_01-24/Actor_02/03-01-03-01-01-01-02.wav,03-01-03-01-01-01-02.wav,RAVDESS,2,03,01,03,happy,happy,Positive,01,01,01,False,train
/Users/clarayousif/Sheridan/Third/ai-ml-capstone/ml-services/data/raw/ravdess/audio_speech_actors_01-24/Actor_02/03-01-03-01-01-02-02.wav,03-01-03-01-01-02-02.wav,RAVDESS,2,03,01,03,happy,happy,Positive,01,01,02,False,train
/Users/clarayousif/Sheridan/Third/ai-ml-capstone/ml-services/data/raw/ravdess/audio_speech_actors_01-24/Actor_02/03-01-03-01-02-01-02.wav,03-01-03-01-02-01-02.wav,RAVDESS,2,03,01,03,happy,happy,Positive,01,02,01,False,train
/Users/clarayousif/Sheridan/Third/ai-ml-capstone/ml-services/data/raw/ravdess/audio_speech_actors_01-24/Actor_02/03-01-03-01-02-02-02.wav,03-01-03-01-02-02-02.wav,RAVDESS,2,03,01,03,happy,happy,Positive,01,02,02,False,train
/Users/clarayousif/Sheridan/Third/ai-ml-capstone/ml-services/data/raw/ravdess/audio_speech_actors_01-24/Actor_02/03-01-03-02-01-01-02.wav,03-01-03-02-01-01-02.wav,RAVDESS,2,03,01,03,happy,happy,Positive,02,01,01,False,train
/Users/clarayousif/Sheridan/Third/ai-ml-capstone/ml-services/data/raw/ravdess/audio_speech_actors_01-24/Actor_02/03-01-03-02-01-02-02.wav,03-01-03-02-01-02-02.wav,RAVDESS,2,03,01,03,happy,happy,Positive,02,01,02,False,train
/Users/clarayousif/Sheridan/Third/ai-ml-capstone/ml-services/data/raw/ravdess/audio_speech_actors_01-24/Actor_02/03-01-03-02-02-01-02.wav,03-01-03-02-02-01-02.wav,RAVDESS,2,03,01,03,happy,happy,Positive,02,02,01,False,train
/Users/clarayousif/Sheridan/Third/ai-ml-capstone/ml-services/data/raw/ravdess/audio_speech_actors_01-24/Actor_02/03-01-03-02-02-02-02.wav,03-01-03-02-02-02-02.wav,RAVDESS,2,03,01,03,happy,happy,Positive,02,02,02,False,train
/Users/clarayousif/Sheridan/Third/ai-ml-capstone/ml-services/data/raw/ravdess/audio_speech_actors_01-24/Actor_02/03-01-01-01-01-01-02.wav,03-01-01-01-01-01-02.wav,RAVDESS,2,03,01,01,neutral,neutral,Neutral,01,01,01,False,train
/Users/clarayousif/Sheridan/Third/ai-ml-capstone/ml-services/data/raw/ravdess/audio_speech_actors_01-24/Actor_02/03-01-01-01-01-02-02.wav,03-01-01-01-01-02-02.wav,RAVDESS,2,03,01,01,neutral,neutral,Neutral,01,01,02,False,train
/Users/clarayousif/Sheridan/Third/ai-ml-capstone/ml-services/data/raw/ravdess/audio_speech_actors_01-24/Actor_02/03-01-01-01-02-01-02.wav,03-01-01-01-02-01-02.wav,RAVDESS,2,03,01,01,neutral,neutral,Neutral,01,02,01,False,train
/Users/clarayousif/Sheridan/Third/ai-ml-capstone/ml-services/data/raw/ravdess/audio_speech_actors_01-24/Actor_02/03-01-01-01-02-02-02.wav,03-01-01-01-02-02-02.wav,RAVDESS,2,03,01,01,neutral,neutral,Neutral,01,02,02,False,train
/Users/clarayousif/Sheridan/Third/ai-ml-capstone/ml-services/data/raw/ravdess/audio_speech_actors_01-24/Actor_02/03-01-02-01-01-01-02.wav,03-01-02-01-01-01-02.wav,RAVDESS,2,03,01,02,calm,neutral,Neutral,01,01,01,False,train
/Users/clarayousif/Sheridan/Third/ai-ml-capstone/ml-services/data/raw/ravdess/audio_speech_actors_01-24/Actor_02/03-01-02-01-01-02-02.wav,03-01-02-01-01-02-02.wav,RAVDESS,2,03,01,02,calm,neutral,Neutral,01,01,02,False,train
/Users/clarayousif/Sheridan/Third/ai-ml-capstone/ml-services/data/raw/ravdess/audio_speech_actors_01-24/Actor_02/03-01-02-01-02-01-02.wav,03-01-02-01-02-01-02.wav,RAVDESS,2,03,01,02,calm,neutral,Neutral,01,02,01,False,train
/Users/clarayousif/Sheridan/Third/ai-ml-capstone/ml-services/data/raw/ravdess/audio_speech_actors_01-24/Actor_02/03-01-02-01-02-02-02.wav,03-01-02-01-02-02-02.wav,RAVDESS,2,03,01,02,calm,neutral,Neutral,01,02,02,False,train
/Users/clarayousif/Sheridan/Third/ai-ml-capstone/ml-services/data/raw/ravdess/audio_speech_actors_01-24/Actor_02/03-01-02-02-01-01-02.wav,03-01-02-02-01-01-02.wav,RAVDESS,2,03,01,02,calm,neutral,Neutral,02,01,01,False,train
/Users/clarayousif/Sheridan/Third/ai-ml-capstone/ml-services/data/raw/ravdess/audio_speech_actors_01-24/Actor_02/03-01-02-02-01-02-02.wav,03-01-02-02-01-02-02.wav,RAVDESS,2,03,01,02,calm,neutral,Neutral,02,01,02,False,train
/Users/clarayousif/Sheridan/Third/ai-ml-capstone/ml-services/data/raw/ravdess/audio_speech_actors_01-24/Actor_02/03-01-02-02-02-01-02.wav,03-01-02-02-02-01-02.wav,RAVDESS,2,03,01,02,calm,neutral,Neutral,02,02,01,False,train
/Users/clarayousif/Sheridan/Third/ai-ml-capstone/ml-services/data/raw/ravdess/audio_speech_actors_01-24/Actor_02/03-01-02-02-02-02-02.wav,03-01-02-02-02-02-02.wav,RAVDESS,2,03,01,02,calm,neutral,Neutral,02,02,02,False,train
/Users/clarayousif/Sheridan/Third/ai-ml-capstone/ml-services/data/raw/ravdess/audio_speech_actors_01-24/Actor_02/03-01-04-01-01-01-02.wav,03-01-04-01-01-01-02.wav,RAVDESS,2,03,01,04,sad,sadness,Negative,01,01,01,True,train
/Users/clarayousif/Sheridan/Third/ai-ml-capstone/ml-services/data/raw/ravdess/audio_speech_actors_01-24/Actor_02/03-01-04-01-01-02-02.wav,03-01-04-01-01-02-02.wav,RAVDESS,2,03,01,04,sad,sadness,Negative,01,01,02,True,train
/Users/clarayousif/Sheridan/Third/ai-ml-capstone/ml-services/data/raw/ravdess/audio_speech_actors_01-24/Actor_02/03-01-04-01-02-01-02.wav,03-01-04-01-02-01-02.wav,RAVDESS,2,03,01,04,sad,sadness,Negative,01,02,01,True,train
/Users/clarayousif/Sheridan/Third/ai-ml-capstone/ml-services/data/raw/ravdess/audio_speech_actors_01-24/Actor_02/03-01-04-01-02-02-02.wav,03-01-04-01-02-02-02.wav,RAVDESS,2,03,01,04,sad,sadness,Negative,01,02,02,True,train
/Users/clarayousif/Sheridan/Third/ai-ml-capstone/ml-services/data/raw/ravdess/audio_speech_actors_01-24/Actor_02/03-01-04-02-01-01-02.wav,03-01-04-02-01-01-02.wav,RAVDESS,2,03,01,04,sad,sadness,Negative,02,01,01,True,train
/Users/clarayousif/Sheridan/Third/ai-ml-capstone/ml-services/data/raw/ravdess/audio_speech_actors_01-24/Actor_02/03-01-04-02-01-02-02.wav,03-01-04-02-01-02-02.wav,RAVDESS,2,03,01,04,sad,sadness,Negative,02,01,02,True,train
/Users/clarayousif/Sheridan/Third/ai-ml-capstone/ml-services/data/raw/ravdess/audio_speech_actors_01-24/Actor_02/03-01-04-02-02-01-02.wav,03-01-04-02-02-01-02.wav,RAVDESS,2,03,01,04,sad,sadness,Negative,02,02,01,True,train
/Users/clarayousif/Sheridan/Third/ai-ml-capstone/ml-services/data/raw/ravdess/audio_speech_actors_01-24/Actor_02/03-01-04-02-02-02-02.wav,03-01-04-02-02-02-02.wav,RAVDESS,2,03,01,04,sad,sadness,Negative,02,02,02,True,train
/Users/clarayousif/Sheridan/Third/ai-ml-capstone/ml-services/data/raw/ravdess/audio_speech_actors_01-24/Actor_03/03-01-05-01-01-01-03.wav,03-01-05-01-01-01-03.wav,RAVDESS,3,03,01,05,angry,anger,Negative,01,01,01,True,train
/Users/clarayousif/Sheridan/Third/ai-ml-capstone/ml-services/data/raw/ravdess/audio_speech_actors_01-24/Actor_03/03-01-05-01-01-02-03.wav,03-01-05-01-01-02-03.wav,RAVDESS,3,03,01,05,angry,anger,Negative,01,01,02,True,train
/Users/clarayousif/Sheridan/Third/ai-ml-capstone/ml-services/data/raw/ravdess/audio_speech_actors_01-24/Actor_03/03-01-05-01-02-01-03.wav,03-01-05-01-02-01-03.wav,RAVDESS,3,03,01,05,angry,anger,Negative,01,02,01,True,train
/Users/clarayousif/Sheridan/Third/ai-ml-capstone/ml-services/data/raw/ravdess/audio_speech_actors_01-24/Actor_03/03-01-05-01-02-02-03.wav,03-01-05-01-02-02-03.wav,RAVDESS,3,03,01,05,angry,anger,Negative,01,02,02,True,train
/Users/clarayousif/Sheridan/Third/ai-ml-capstone/ml-services/data/raw/ravdess/audio_speech_actors_01-24/Actor_03/03-01-05-02-01-01-03.wav,03-01-05-02-01-01-03.wav,RAVDESS,3,03,01,05,angry,anger,Negative,02,01,01,True,train
/Users/clarayousif/Sheridan/Third/ai-ml-capstone/ml-services/data/raw/ravdess/audio_speech_actors_01-24/Actor_03/03-01-05-02-01-02-03.wav,03-01-05-02-01-02-03.wav,RAVDESS,3,03,01,05,angry,anger,Negative,02,01,02,True,train
/Users/clarayousif/Sheridan/Third/ai-ml-capstone/ml-services/data/raw/ravdess/audio_speech_actors_01-24/Actor_03/03-01-05-02-02-01-03.wav,03-01-05-02-02-01-03.wav,RAVDESS,3,03,01,05,angry,anger,Negative,02,02,01,True,train
/Users/clarayousif/Sheridan/Third/ai-ml-capstone/ml-services/data/raw/ravdess/audio_speech_actors_01-24/Actor_03/03-01-05-02-02-02-03.wav,03-01-05-02-02-02-03.wav,RAVDESS,3,03,01,05,angry,anger,Negative,02,02,02,True,train
/Users/clarayousif/Sheridan/Third/ai-ml-capstone/ml-services/data/raw/ravdess/audio_speech_actors_01-24/Actor_03/03-01-07-01-01-01-03.wav,03-01-07-01-01-01-03.wav,RAVDESS,3,03,01,07,disgust,disgust,Negative,01,01,01,True,train
/Users/clarayousif/Sheridan/Third/ai-ml-capstone/ml-services/data/raw/ravdess/audio_speech_actors_01-24/Actor_03/03-01-07-01-01-02-03.wav,03-01-07-01-01-02-03.wav,RAVDESS,3,03,01,07,disgust,disgust,Negative,01,01,02,True,train
/Users/clarayousif/Sheridan/Third/ai-ml-capstone/ml-services/data/raw/ravdess/audio_speech_actors_01-24/Actor_03/03-01-07-01-02-01-03.wav,03-01-07-01-02-01-03.wav,RAVDESS,3,03,01,07,disgust,disgust,Negative,01,02,01,True,train
/Users/clarayousif/Sheridan/Third/ai-ml-capstone/ml-services/data/raw/ravdess/audio_speech_actors_01-24/Actor_03/03-01-07-01-02-02-03.wav,03-01-07-01-02-02-03.wav,RAVDESS,3,03,01,07,disgust,disgust,Negative,01,02,02,True,train
/Users/clarayousif/Sheridan/Third/ai-ml-capstone/ml-services/data/raw/ravdess/audio_speech_actors_01-24/Actor_03/03-01-07-02-01-01-03.wav,03-01-07-02-01-01-03.wav,RAVDESS,3,03,01,07,disgust,disgust,Negative,02,01,01,True,train
/Users/clarayousif/Sheridan/Third/ai-ml-capstone/ml-services/data/raw/ravdess/audio_speech_actors_01-24/Actor_03/03-01-07-02-01-02-03.wav,03-01-07-02-01-02-03.wav,RAVDESS,3,03,01,07,disgust,disgust,Negative,02,01,02,True,train
/Users/clarayousif/Sheridan/Third/ai-ml-capstone/ml-services/data/raw/ravdess/audio_speech_actors_01-24/Actor_03/03-01-07-02-02-01-03.wav,03-01-07-02-02-01-03.wav,RAVDESS,3,03,01,07,disgust,disgust,Negative,02,02,01,True,train
/Users/clarayousif/Sheridan/Third/ai-ml-capstone/ml-services/data/raw/ravdess/audio_speech_actors_01-24/Actor_03/03-01-07-02-02-02-03.wav,03-01-07-02-02-02-03.wav,RAVDESS,3,03,01,07,disgust,disgust,Negative,02,02,02,True,train
/Users/clarayousif/Sheridan/Third/ai-ml-capstone/ml-services/data/raw/ravdess/audio_speech_actors_01-24/Actor_03/03-01-06-01-01-01-03.wav,03-01-06-01-01-01-03.wav,RAVDESS,3,03,01,06,fearful,fear,Negative,01,01,01,True,train
/Users/clarayousif/Sheridan/Third/ai-ml-capstone/ml-services/data/raw/ravdess/audio_speech_actors_01-24/Actor_03/03-01-06-01-01-02-03.wav,03-01-06-01-01-02-03.wav,RAVDESS,3,03,01,06,fearful,fear,Negative,01,01,02,True,train
/Users/clarayousif/Sheridan/Third/ai-ml-capstone/ml-services/data/raw/ravdess/audio_speech_actors_01-24/Actor_03/03-01-06-01-02-01-03.wav,03-01-06-01-02-01-03.wav,RAVDESS,3,03,01,06,fearful,fear,Negative,01,02,01,True,train
/Users/clarayousif/Sheridan/Third/ai-ml-capstone/ml-services/data/raw/ravdess/audio_speech_actors_01-24/Actor_03/03-01-06-01-02-02-03.wav,03-01-06-01-02-02-03.wav,RAVDESS,3,03,01,06,fearful,fear,Negative,01,02,02,True,train
/Users/clarayousif/Sheridan/Third/ai-ml-capstone/ml-services/data/raw/ravdess/audio_speech_actors_01-24/Actor_03/03-01-06-02-01-01-03.wav,03-01-06-02-01-01-03.wav,RAVDESS,3,03,01,06,fearful,fear,Negative,02,01,01,True,train
/Users/clarayousif/Sheridan/Third/ai-ml-capstone/ml-services/data/raw/ravdess/audio_speech_actors_01-24/Actor_03/03-01-06-02-01-02-03.wav,03-01-06-02-01-02-03.wav,RAVDESS,3,03,01,06,fearful,fear,Negative,02,01,02,True,train
/Users/clarayousif/Sheridan/Third/ai-ml-capstone/ml-services/data/raw/ravdess/audio_speech_actors_01-24/Actor_03/03-01-06-02-02-01-03.wav,03-01-06-02-02-01-03.wav,RAVDESS,3,03,01,06,fearful,fear,Negative,02,02,01,True,train
/Users/clarayousif/Sheridan/Third/ai-ml-capstone/ml-services/data/raw/ravdess/audio_speech_actors_01-24/Actor_03/03-01-06-02-02-02-03.wav,03-01-06-02-02-02-03.wav,RAVDESS,3,03,01,06,fearful,fear,Negative,02,02,02,True,train
/Users/clarayousif/Sheridan/Third/ai-ml-capstone/ml-services/data/raw/ravdess/audio_speech_actors_01-24/Actor_03/03-01-03-01-01-01-03.wav,03-01-03-01-01-01-03.wav,RAVDESS,3,03,01,03,happy,happy,Positive,01,01,01,False,train
/Users/clarayousif/Sheridan/Third/ai-ml-capstone/ml-services/data/raw/ravdess/audio_speech_actors_01-24/Actor_03/03-01-03-01-01-02-03.wav,03-01-03-01-01-02-03.wav,RAVDESS,3,03,01,03,happy,happy,Positive,01,01,02,False,train
/Users/clarayousif/Sheridan/Third/ai-ml-capstone/ml-services/data/raw/ravdess/audio_speech_actors_01-24/Actor_03/03-01-03-01-02-01-03.wav,03-01-03-01-02-01-03.wav,RAVDESS,3,03,01,03,happy,happy,Positive,01,02,01,False,train
/Users/clarayousif/Sheridan/Third/ai-ml-capstone/ml-services/data/raw/ravdess/audio_speech_actors_01-24/Actor_03/03-01-03-01-02-02-03.wav,03-01-03-01-02-02-03.wav,RAVDESS,3,03,01,03,happy,happy,Positive,01,02,02,False,train
/Users/clarayousif/Sheridan/Third/ai-ml-capstone/ml-services/data/raw/ravdess/audio_speech_actors_01-24/Actor_03/03-01-03-02-01-01-03.wav,03-01-03-02-01-01-03.wav,RAVDESS,3,03,01,03,happy,happy,Positive,02,01,01,False,train
/Users/clarayousif/Sheridan/Third/ai-ml-capstone/ml-services/data/raw/ravdess/audio_speech_actors_01-24/Actor_03/03-01-03-02-01-02-03.wav,03-01-03-02-01-02-03.wav,RAVDESS,3,03,01,03,happy,happy,Positive,02,01,02,False,train
/Users/clarayousif/Sheridan/Third/ai-ml-capstone/ml-services/data/raw/ravdess/audio_speech_actors_01-24/Actor_03/03-01-03-02-02-01-03.wav,03-01-03-02-02-01-03.wav,RAVDESS,3,03,01,03,happy,happy,Positive,02,02,01,False,train
/Users/clarayousif/Sheridan/Third/ai-ml-capstone/ml-services/data/raw/ravdess/audio_speech_actors_01-24/Actor_03/03-01-03-02-02-02-03.wav,03-01-03-02-02-02-03.wav,RAVDESS,3,03,01,03,happy,happy,Positive,02,02,02,False,train
/Users/clarayousif/Sheridan/Third/ai-ml-capstone/ml-services/data/raw/ravdess/audio_speech_actors_01-24/Actor_03/03-01-01-01-01-01-03.wav,03-01-01-01-01-01-03.wav,RAVDESS,3,03,01,01,neutral,neutral,Neutral,01,01,01,False,train
/Users/clarayousif/Sheridan/Third/ai-ml-capstone/ml-services/data/raw/ravdess/audio_speech_actors_01-24/Actor_03/03-01-01-01-01-02-03.wav,03-01-01-01-01-02-03.wav,RAVDESS,3,03,01,01,neutral,neutral,Neutral,01,01,02,False,train
/Users/clarayousif/Sheridan/Third/ai-ml-capstone/ml-services/data/raw/ravdess/audio_speech_actors_01-24/Actor_03/03-01-01-01-02-01-03.wav,03-01-01-01-02-01-03.wav,RAVDESS,3,03,01,01,neutral,neutral,Neutral,01,02,01,False,train
/Users/clarayousif/Sheridan/Third/ai-ml-capstone/ml-services/data/raw/ravdess/audio_speech_actors_01-24/Actor_03/03-01-01-01-02-02-03.wav,03-01-01-01-02-02-03.wav,RAVDESS,3,03,01,01,neutral,neutral,Neutral,01,02,02,False,train
/Users/clarayousif/Sheridan/Third/ai-ml-capstone/ml-services/data/raw/ravdess/audio_speech_actors_01-24/Actor_03/03-01-02-01-01-01-03.wav,03-01-02-01-01-01-03.wav,RAVDESS,3,03,01,02,calm,neutral,Neutral,01,01,01,False,train
/Users/clarayousif/Sheridan/Third/ai-ml-capstone/ml-services/data/raw/ravdess/audio_speech_actors_01-24/Actor_03/03-01-02-01-01-02-03.wav,03-01-02-01-01-02-03.wav,RAVDESS,3,03,01,02,calm,neutral,Neutral,01,01,02,False,train
/Users/clarayousif/Sheridan/Third/ai-ml-capstone/ml-services/data/raw/ravdess/audio_speech_actors_01-24/Actor_03/03-01-02-01-02-01-03.wav,03-01-02-01-02-01-03.wav,RAVDESS,3,03,01,02,calm,neutral,Neutral,01,02,01,False,train
/Users/clarayousif/Sheridan/Third/ai-ml-capstone/ml-services/data/raw/ravdess/audio_speech_actors_01-24/Actor_03/03-01-02-01-02-02-03.wav,03-01-02-01-02-02-03.wav,RAVDESS,3,03,01,02,calm,neutral,Neutral,01,02,02,False,train
/Users/clarayousif/Sheridan/Third/ai-ml-capstone/ml-services/data/raw/ravdess/audio_speech_actors_01-24/Actor_03/03-01-02-02-01-01-03.wav,03-01-02-02-01-01-03.wav,RAVDESS,3,03,01,02,calm,neutral,Neutral,02,01,01,False,train
/Users/clarayousif/Sheridan/Third/ai-ml-capstone/ml-services/data/raw/ravdess/audio_speech_actors_01-24/Actor_03/03-01-02-02-01-02-03.wav,03-01-02-02-01-02-03.wav,RAVDESS,3,03,01,02,calm,neutral,Neutral,02,01,02,False,train
/Users/clarayousif/Sheridan/Third/ai-ml-capstone/ml-services/data/raw/ravdess/audio_speech_actors_01-24/Actor_03/03-01-02-02-02-01-03.wav,03-01-02-02-02-01-03.wav,RAVDESS,3,03,01,02,calm,neutral,Neutral,02,02,01,False,train
/Users/clarayousif/Sheridan/Third/ai-ml-capstone/ml-services/data/raw/ravdess/audio_speech_actors_01-24/Actor_03/03-01-02-02-02-02-03.wav,03-01-02-02-02-02-03.wav,RAVDESS,3,03,01,02,calm,neutral,Neutral,02,02,02,False,train
/Users/clarayousif/Sheridan/Third/ai-ml-capstone/ml-services/data/raw/ravdess/audio_speech_actors_01-24/Actor_03/03-01-04-01-01-01-03.wav,03-01-04-01-01-01-03.wav,RAVDESS,3,03,01,04,sad,sadness,Negative,01,01,01,True,train
/Users/clarayousif/Sheridan/Third/ai-ml-capstone/ml-services/data/raw/ravdess/audio_speech_actors_01-24/Actor_03/03-01-04-01-01-02-03.wav,03-01-04-01-01-02-03.wav,RAVDESS,3,03,01,04,sad,sadness,Negative,01,01,02,True,train
/Users/clarayousif/Sheridan/Third/ai-ml-capstone/ml-services/data/raw/ravdess/audio_speech_actors_01-24/Actor_03/03-01-04-01-02-01-03.wav,03-01-04-01-02-01-03.wav,RAVDESS,3,03,01,04,sad,sadness,Negative,01,02,01,True,train
/Users/clarayousif/Sheridan/Third/ai-ml-capstone/ml-services/data/raw/ravdess/audio_speech_actors_01-24/Actor_03/03-01-04-01-02-02-03.wav,03-01-04-01-02-02-03.wav,RAVDESS,3,03,01,04,sad,sadness,Negative,01,02,02,True,train
/Users/clarayousif/Sheridan/Third/ai-ml-capstone/ml-services/data/raw/ravdess/audio_speech_actors_01-24/Actor_03/03-01-04-02-01-01-03.wav,03-01-04-02-01-01-03.wav,RAVDESS,3,03,01,04,sad,sadness,Negative,02,01,01,True,train
/Users/clarayousif/Sheridan/Third/ai-ml-capstone/ml-services/data/raw/ravdess/audio_speech_actors_01-24/Actor_03/03-01-04-02-01-02-03.wav,03-01-04-02-01-02-03.wav,RAVDESS,3,03,01,04,sad,sadness,Negative,02,01,02,True,train
/Users/clarayousif/Sheridan/Third/ai-ml-capstone/ml-services/data/raw/ravdess/audio_speech_actors_01-24/Actor_03/03-01-04-02-02-01-03.wav,03-01-04-02-02-01-03.wav,RAVDESS,3,03,01,04,sad,sadness,Negative,02,02,01,True,train
/Users/clarayousif/Sheridan/Third/ai-ml-capstone/ml-services/data/raw/ravdess/audio_speech_actors_01-24/Actor_03/03-01-04-02-02-02-03.wav,03-01-04-02-02-02-03.wav,RAVDESS,3,03,01,04,sad,sadness,Negative,02,02,02,True,train
/Users/clarayousif/Sheridan/Third/ai-ml-capstone/ml-services/data/raw/ravdess/audio_speech_actors_01-24/Actor_06/03-01-05-01-01-01-06.wav,03-01-05-01-01-01-06.wav,RAVDESS,6,03,01,05,angry,anger,Negative,01,01,01,True,train
/Users/clarayousif/Sheridan/Third/ai-ml-capstone/ml-services/data/raw/ravdess/audio_speech_actors_01-24/Actor_06/03-01-05-01-01-02-06.wav,03-01-05-01-01-02-06.wav,RAVDESS,6,03,01,05,angry,anger,Negative,01,01,02,True,train
/Users/clarayousif/Sheridan/Third/ai-ml-capstone/ml-services/data/raw/ravdess/audio_speech_actors_01-24/Actor_06/03-01-05-01-02-01-06.wav,03-01-05-01-02-01-06.wav,RAVDESS,6,03,01,05,angry,anger,Negative,01,02,01,True,train
/Users/clarayousif/Sheridan/Third/ai-ml-capstone/ml-services/data/raw/ravdess/audio_speech_actors_01-24/Actor_06/03-01-05-01-02-02-06.wav,03-01-05-01-02-02-06.wav,RAVDESS,6,03,01,05,angry,anger,Negative,01,02,02,True,train
/Users/clarayousif/Sheridan/Third/ai-ml-capstone/ml-services/data/raw/ravdess/audio_speech_actors_01-24/Actor_06/03-01-05-02-01-01-06.wav,03-01-05-02-01-01-06.wav,RAVDESS,6,03,01,05,angry,anger,Negative,02,01,01,True,train
/Users/clarayousif/Sheridan/Third/ai-ml-capstone/ml-services/data/raw/ravdess/audio_speech_actors_01-24/Actor_06/03-01-05-02-01-02-06.wav,03-01-05-02-01-02-06.wav,RAVDESS,6,03,01,05,angry,anger,Negative,02,01,02,True,train
/Users/clarayousif/Sheridan/Third/ai-ml-capstone/ml-services/data/raw/ravdess/audio_speech_actors_01-24/Actor_06/03-01-05-02-02-01-06.wav,03-01-05-02-02-01-06.wav,RAVDESS,6,03,01,05,angry,anger,Negative,02,02,01,True,train
/Users/clarayousif/Sheridan/Third/ai-ml-capstone/ml-services/data/raw/ravdess/audio_speech_actors_01-24/Actor_06/03-01-05-02-02-02-06.wav,03-01-05-02-02-02-06.wav,RAVDESS,6,03,01,05,angry,anger,Negative,02,02,02,True,train
/Users/clarayousif/Sheridan/Third/ai-ml-capstone/ml-services/data/raw/ravdess/audio_speech_actors_01-24/Actor_06/03-01-07-01-01-01-06.wav,03-01-07-01-01-01-06.wav,RAVDESS,6,03,01,07,disgust,disgust,Negative,01,01,01,True,train
/Users/clarayousif/Sheridan/Third/ai-ml-capstone/ml-services/data/raw/ravdess/audio_speech_actors_01-24/Actor_06/03-01-07-01-01-02-06.wav,03-01-07-01-01-02-06.wav,RAVDESS,6,03,01,07,disgust,disgust,Negative,01,01,02,True,train
/Users/clarayousif/Sheridan/Third/ai-ml-capstone/ml-services/data/raw/ravdess/audio_speech_actors_01-24/Actor_06/03-01-07-01-02-01-06.wav,03-01-07-01-02-01-06.wav,RAVDESS,6,03,01,07,disgust,disgust,Negative,01,02,01,True,train
/Users/clarayousif/Sheridan/Third/ai-ml-capstone/ml-services/data/raw/ravdess/audio_speech_actors_01-24/Actor_06/03-01-07-01-02-02-06.wav,03-01-07-01-02-02-06.wav,RAVDESS,6,03,01,07,disgust,disgust,Negative,01,02,02,True,train
/Users/clarayousif/Sheridan/Third/ai-ml-capstone/ml-services/data/raw/ravdess/audio_speech_actors_01-24/Actor_06/03-01-07-02-01-01-06.wav,03-01-07-02-01-01-06.wav,RAVDESS,6,03,01,07,disgust,disgust,Negative,02,01,01,True,train
/Users/clarayousif/Sheridan/Third/ai-ml-capstone/ml-services/data/raw/ravdess/audio_speech_actors_01-24/Actor_06/03-01-07-02-01-02-06.wav,03-01-07-02-01-02-06.wav,RAVDESS,6,03,01,07,disgust,disgust,Negative,02,01,02,True,train
/Users/clarayousif/Sheridan/Third/ai-ml-capstone/ml-services/data/raw/ravdess/audio_speech_actors_01-24/Actor_06/03-01-07-02-02-01-06.wav,03-01-07-02-02-01-06.wav,RAVDESS,6,03,01,07,disgust,disgust,Negative,02,02,01,True,train
/Users/clarayousif/Sheridan/Third/ai-ml-capstone/ml-services/data/raw/ravdess/audio_speech_actors_01-24/Actor_06/03-01-07-02-02-02-06.wav,03-01-07-02-02-02-06.wav,RAVDESS,6,03,01,07,disgust,disgust,Negative,02,02,02,True,train
/Users/clarayousif/Sheridan/Third/ai-ml-capstone/ml-services/data/raw/ravdess/audio_speech_actors_01-24/Actor_06/03-01-06-01-01-01-06.wav,03-01-06-01-01-01-06.wav,RAVDESS,6,03,01,06,fearful,fear,Negative,01,01,01,True,train
/Users/clarayousif/Sheridan/Third/ai-ml-capstone/ml-services/data/raw/ravdess/audio_speech_actors_01-24/Actor_06/03-01-06-01-01-02-06.wav,03-01-06-01-01-02-06.wav,RAVDESS,6,03,01,06,fearful,fear,Negative,01,01,02,True,train
/Users/clarayousif/Sheridan/Third/ai-ml-capstone/ml-services/data/raw/ravdess/audio_speech_actors_01-24/Actor_06/03-01-06-01-02-01-06.wav,03-01-06-01-02-01-06.wav,RAVDESS,6,03,01,06,fearful,fear,Negative,01,02,01,True,train
/Users/clarayousif/Sheridan/Third/ai-ml-capstone/ml-services/data/raw/ravdess/audio_speech_actors_01-24/Actor_06/03-01-06-01-02-02-06.wav,03-01-06-01-02-02-06.wav,RAVDESS,6,03,01,06,fearful,fear,Negative,01,02,02,True,train
/Users/clarayousif/Sheridan/Third/ai-ml-capstone/ml-services/data/raw/ravdess/audio_speech_actors_01-24/Actor_06/03-01-06-02-01-01-06.wav,03-01-06-02-01-01-06.wav,RAVDESS,6,03,01,06,fearful,fear,Negative,02,01,01,True,train
/Users/clarayousif/Sheridan/Third/ai-ml-capstone/ml-services/data/raw/ravdess/audio_speech_actors_01-24/Actor_06/03-01-06-02-01-02-06.wav,03-01-06-02-01-02-06.wav,RAVDESS,6,03,01,06,fearful,fear,Negative,02,01,02,True,train
/Users/clarayousif/Sheridan/Third/ai-ml-capstone/ml-services/data/raw/ravdess/audio_speech_actors_01-24/Actor_06/03-01-06-02-02-01-06.wav,03-01-06-02-02-01-06.wav,RAVDESS,6,03,01,06,fearful,fear,Negative,02,02,01,True,train
/Users/clarayousif/Sheridan/Third/ai-ml-capstone/ml-services/data/raw/ravdess/audio_speech_actors_01-24/Actor_06/03-01-06-02-02-02-06.wav,03-01-06-02-02-02-06.wav,RAVDESS,6,03,01,06,fearful,fear,Negative,02,02,02,True,train
/Users/clarayousif/Sheridan/Third/ai-ml-capstone/ml-services/data/raw/ravdess/audio_speech_actors_01-24/Actor_06/03-01-03-01-01-01-06.wav,03-01-03-01-01-01-06.wav,RAVDESS,6,03,01,03,happy,happy,Positive,01,01,01,False,train
/Users/clarayousif/Sheridan/Third/ai-ml-capstone/ml-services/data/raw/ravdess/audio_speech_actors_01-24/Actor_06/03-01-03-01-01-02-06.wav,03-01-03-01-01-02-06.wav,RAVDESS,6,03,01,03,happy,happy,Positive,01,01,02,False,train
/Users/clarayousif/Sheridan/Third/ai-ml-capstone/ml-services/data/raw/ravdess/audio_speech_actors_01-24/Actor_06/03-01-03-01-02-01-06.wav,03-01-03-01-02-01-06.wav,RAVDESS,6,03,01,03,happy,happy,Positive,01,02,01,False,train
/Users/clarayousif/Sheridan/Third/ai-ml-capstone/ml-services/data/raw/ravdess/audio_speech_actors_01-24/Actor_06/03-01-03-01-02-02-06.wav,03-01-03-01-02-02-06.wav,RAVDESS,6,03,01,03,happy,happy,Positive,01,02,02,False,train
/Users/clarayousif/Sheridan/Third/ai-ml-capstone/ml-services/data/raw/ravdess/audio_speech_actors_01-24/Actor_06/03-01-03-02-01-01-06.wav,03-01-03-02-01-01-06.wav,RAVDESS,6,03,01,03,happy,happy,Positive,02,01,01,False,train
/Users/clarayousif/Sheridan/Third/ai-ml-capstone/ml-services/data/raw/ravdess/audio_speech_actors_01-24/Actor_06/03-01-03-02-01-02-06.wav,03-01-03-02-01-02-06.wav,RAVDESS,6,03,01,03,happy,happy,Positive,02,01,02,False,train
/Users/clarayousif/Sheridan/Third/ai-ml-capstone/ml-services/data/raw/ravdess/audio_speech_actors_01-24/Actor_06/03-01-03-02-02-01-06.wav,03-01-03-02-02-01-06.wav,RAVDESS,6,03,01,03,happy,happy,Positive,02,02,01,False,train
/Users/clarayousif/Sheridan/Third/ai-ml-capstone/ml-services/data/raw/ravdess/audio_speech_actors_01-24/Actor_06/03-01-03-02-02-02-06.wav,03-01-03-02-02-02-06.wav,RAVDESS,6,03,01,03,happy,happy,Positive,02,02,02,False,train
/Users/clarayousif/Sheridan/Third/ai-ml-capstone/ml-services/data/raw/ravdess/audio_speech_actors_01-24/Actor_06/03-01-01-01-01-01-06.wav,03-01-01-01-01-01-06.wav,RAVDESS,6,03,01,01,neutral,neutral,Neutral,01,01,01,False,train
/Users/clarayousif/Sheridan/Third/ai-ml-capstone/ml-services/data/raw/ravdess/audio_speech_actors_01-24/Actor_06/03-01-01-01-01-02-06.wav,03-01-01-01-01-02-06.wav,RAVDESS,6,03,01,01,neutral,neutral,Neutral,01,01,02,False,train
/Users/clarayousif/Sheridan/Third/ai-ml-capstone/ml-services/data/raw/ravdess/audio_speech_actors_01-24/Actor_06/03-01-01-01-02-01-06.wav,03-01-01-01-02-01-06.wav,RAVDESS,6,03,01,01,neutral,neutral,Neutral,01,02,01,False,train
/Users/clarayousif/Sheridan/Third/ai-ml-capstone/ml-services/data/raw/ravdess/audio_speech_actors_01-24/Actor_06/03-01-01-01-02-02-06.wav,03-01-01-01-02-02-06.wav,RAVDESS,6,03,01,01,neutral,neutral,Neutral,01,02,02,False,train
/Users/clarayousif/Sheridan/Third/ai-ml-capstone/ml-services/data/raw/ravdess/audio_speech_actors_01-24/Actor_06/03-01-02-01-01-01-06.wav,03-01-02-01-01-01-06.wav,RAVDESS,6,03,01,02,calm,neutral,Neutral,01,01,01,False,train
/Users/clarayousif/Sheridan/Third/ai-ml-capstone/ml-services/data/raw/ravdess/audio_speech_actors_01-24/Actor_06/03-01-02-01-01-02-06.wav,03-01-02-01-01-02-06.wav,RAVDESS,6,03,01,02,calm,neutral,Neutral,01,01,02,False,train
/Users/clarayousif/Sheridan/Third/ai-ml-capstone/ml-services/data/raw/ravdess/audio_speech_actors_01-24/Actor_06/03-01-02-01-02-01-06.wav,03-01-02-01-02-01-06.wav,RAVDESS,6,03,01,02,calm,neutral,Neutral,01,02,01,False,train
/Users/clarayousif/Sheridan/Third/ai-ml-capstone/ml-services/data/raw/ravdess/audio_speech_actors_01-24/Actor_06/03-01-02-01-02-02-06.wav,03-01-02-01-02-02-06.wav,RAVDESS,6,03,01,02,calm,neutral,Neutral,01,02,02,False,train
/Users/clarayousif/Sheridan/Third/ai-ml-capstone/ml-services/data/raw/ravdess/audio_speech_actors_01-24/Actor_06/03-01-02-02-01-01-06.wav,03-01-02-02-01-01-06.wav,RAVDESS,6,03,01,02,calm,neutral,Neutral,02,01,01,False,train
/Users/clarayousif/Sheridan/Third/ai-ml-capstone/ml-services/data/raw/ravdess/audio_speech_actors_01-24/Actor_06/03-01-02-02-01-02-06.wav,03-01-02-02-01-02-06.wav,RAVDESS,6,03,01,02,calm,neutral,Neutral,02,01,02,False,train
/Users/clarayousif/Sheridan/Third/ai-ml-capstone/ml-services/data/raw/ravdess/audio_speech_actors_01-24/Actor_06/03-01-02-02-02-01-06.wav,03-01-02-02-02-01-06.wav,RAVDESS,6,03,01,02,calm,neutral,Neutral,02,02,01,False,train
/Users/clarayousif/Sheridan/Third/ai-ml-capstone/ml-services/data/raw/ravdess/audio_speech_actors_01-24/Actor_06/03-01-02-02-02-02-06.wav,03-01-02-02-02-02-06.wav,RAVDESS,6,03,01,02,calm,neutral,Neutral,02,02,02,False,train
/Users/clarayousif/Sheridan/Third/ai-ml-capstone/ml-services/data/raw/ravdess/audio_speech_actors_01-24/Actor_06/03-01-04-01-01-01-06.wav,03-01-04-01-01-01-06.wav,RAVDESS,6,03,01,04,sad,sadness,Negative,01,01,01,True,train
/Users/clarayousif/Sheridan/Third/ai-ml-capstone/ml-services/data/raw/ravdess/audio_speech_actors_01-24/Actor_06/03-01-04-01-01-02-06.wav,03-01-04-01-01-02-06.wav,RAVDESS,6,03,01,04,sad,sadness,Negative,01,01,02,True,train
/Users/clarayousif/Sheridan/Third/ai-ml-capstone/ml-services/data/raw/ravdess/audio_speech_actors_01-24/Actor_06/03-01-04-01-02-01-06.wav,03-01-04-01-02-01-06.wav,RAVDESS,6,03,01,04,sad,sadness,Negative,01,02,01,True,train
/Users/clarayousif/Sheridan/Third/ai-ml-capstone/ml-services/data/raw/ravdess/audio_speech_actors_01-24/Actor_06/03-01-04-01-02-02-06.wav,03-01-04-01-02-02-06.wav,RAVDESS,6,03,01,04,sad,sadness,Negative,01,02,02,True,train
/Users/clarayousif/Sheridan/Third/ai-ml-capstone/ml-services/data/raw/ravdess/audio_speech_actors_01-24/Actor_06/03-01-04-02-01-01-06.wav,03-01-04-02-01-01-06.wav,RAVDESS,6,03,01,04,sad,sadness,Negative,02,01,01,True,train
/Users/clarayousif/Sheridan/Third/ai-ml-capstone/ml-services/data/raw/ravdess/audio_speech_actors_01-24/Actor_06/03-01-04-02-01-02-06.wav,03-01-04-02-01-02-06.wav,RAVDESS,6,03,01,04,sad,sadness,Negative,02,01,02,True,train
/Users/clarayousif/Sheridan/Third/ai-ml-capstone/ml-services/data/raw/ravdess/audio_speech_actors_01-24/Actor_06/03-01-04-02-02-01-06.wav,03-01-04-02-02-01-06.wav,RAVDESS,6,03,01,04,sad,sadness,Negative,02,02,01,True,train
/Users/clarayousif/Sheridan/Third/ai-ml-capstone/ml-services/data/raw/ravdess/audio_speech_actors_01-24/Actor_06/03-01-04-02-02-02-06.wav,03-01-04-02-02-02-06.wav,RAVDESS,6,03,01,04,sad,sadness,Negative,02,02,02,True,train
/Users/clarayousif/Sheridan/Third/ai-ml-capstone/ml-services/data/raw/ravdess/audio_speech_actors_01-24/Actor_07/03-01-05-01-01-01-07.wav,03-01-05-01-01-01-07.wav,RAVDESS,7,03,01,05,angry,anger,Negative,01,01,01,True,train
/Users/clarayousif/Sheridan/Third/ai-ml-capstone/ml-services/data/raw/ravdess/audio_speech_actors_01-24/Actor_07/03-01-05-01-01-02-07.wav,03-01-05-01-01-02-07.wav,RAVDESS,7,03,01,05,angry,anger,Negative,01,01,02,True,train
/Users/clarayousif/Sheridan/Third/ai-ml-capstone/ml-services/data/raw/ravdess/audio_speech_actors_01-24/Actor_07/03-01-05-01-02-01-07.wav,03-01-05-01-02-01-07.wav,RAVDESS,7,03,01,05,angry,anger,Negative,01,02,01,True,train
/Users/clarayousif/Sheridan/Third/ai-ml-capstone/ml-services/data/raw/ravdess/audio_speech_actors_01-24/Actor_07/03-01-05-01-02-02-07.wav,03-01-05-01-02-02-07.wav,RAVDESS,7,03,01,05,angry,anger,Negative,01,02,02,True,train
/Users/clarayousif/Sheridan/Third/ai-ml-capstone/ml-services/data/raw/ravdess/audio_speech_actors_01-24/Actor_07/03-01-05-02-01-01-07.wav,03-01-05-02-01-01-07.wav,RAVDESS,7,03,01,05,angry,anger,Negative,02,01,01,True,train
/Users/clarayousif/Sheridan/Third/ai-ml-capstone/ml-services/data/raw/ravdess/audio_speech_actors_01-24/Actor_07/03-01-05-02-01-02-07.wav,03-01-05-02-01-02-07.wav,RAVDESS,7,03,01,05,angry,anger,Negative,02,01,02,True,train
/Users/clarayousif/Sheridan/Third/ai-ml-capstone/ml-services/data/raw/ravdess/audio_speech_actors_01-24/Actor_07/03-01-05-02-02-01-07.wav,03-01-05-02-02-01-07.wav,RAVDESS,7,03,01,05,angry,anger,Negative,02,02,01,True,train
/Users/clarayousif/Sheridan/Third/ai-ml-capstone/ml-services/data/raw/ravdess/audio_speech_actors_01-24/Actor_07/03-01-05-02-02-02-07.wav,03-01-05-02-02-02-07.wav,RAVDESS,7,03,01,05,angry,anger,Negative,02,02,02,True,train
/Users/clarayousif/Sheridan/Third/ai-ml-capstone/ml-services/data/raw/ravdess/audio_speech_actors_01-24/Actor_07/03-01-07-01-01-01-07.wav,03-01-07-01-01-01-07.wav,RAVDESS,7,03,01,07,disgust,disgust,Negative,01,01,01,True,train
/Users/clarayousif/Sheridan/Third/ai-ml-capstone/ml-services/data/raw/ravdess/audio_speech_actors_01-24/Actor_07/03-01-07-01-01-02-07.wav,03-01-07-01-01-02-07.wav,RAVDESS,7,03,01,07,disgust,disgust,Negative,01,01,02,True,train
/Users/clarayousif/Sheridan/Third/ai-ml-capstone/ml-services/data/raw/ravdess/audio_speech_actors_01-24/Actor_07/03-01-07-01-02-01-07.wav,03-01-07-01-02-01-07.wav,RAVDESS,7,03,01,07,disgust,disgust,Negative,01,02,01,True,train
/Users/clarayousif/Sheridan/Third/ai-ml-capstone/ml-services/data/raw/ravdess/audio_speech_actors_01-24/Actor_07/03-01-07-01-02-02-07.wav,03-01-07-01-02-02-07.wav,RAVDESS,7,03,01,07,disgust,disgust,Negative,01,02,02,True,train
/Users/clarayousif/Sheridan/Third/ai-ml-capstone/ml-services/data/raw/ravdess/audio_speech_actors_01-24/Actor_07/03-01-07-02-01-01-07.wav,03-01-07-02-01-01-07.wav,RAVDESS,7,03,01,07,disgust,disgust,Negative,02,01,01,True,train
/Users/clarayousif/Sheridan/Third/ai-ml-capstone/ml-services/data/raw/ravdess/audio_speech_actors_01-24/Actor_07/03-01-07-02-01-02-07.wav,03-01-07-02-01-02-07.wav,RAVDESS,7,03,01,07,disgust,disgust,Negative,02,01,02,True,train
/Users/clarayousif/Sheridan/Third/ai-ml-capstone/ml-services/data/raw/ravdess/audio_speech_actors_01-24/Actor_07/03-01-07-02-02-01-07.wav,03-01-07-02-02-01-07.wav,RAVDESS,7,03,01,07,disgust,disgust,Negative,02,02,01,True,train
/Users/clarayousif/Sheridan/Third/ai-ml-capstone/ml-services/data/raw/ravdess/audio_speech_actors_01-24/Actor_07/03-01-07-02-02-02-07.wav,03-01-07-02-02-02-07.wav,RAVDESS,7,03,01,07,disgust,disgust,Negative,02,02,02,True,train
/Users/clarayousif/Sheridan/Third/ai-ml-capstone/ml-services/data/raw/ravdess/audio_speech_actors_01-24/Actor_07/03-01-06-01-01-01-07.wav,03-01-06-01-01-01-07.wav,RAVDESS,7,03,01,06,fearful,fear,Negative,01,01,01,True,train
/Users/clarayousif/Sheridan/Third/ai-ml-capstone/ml-services/data/raw/ravdess/audio_speech_actors_01-24/Actor_07/03-01-06-01-01-02-07.wav,03-01-06-01-01-02-07.wav,RAVDESS,7,03,01,06,fearful,fear,Negative,01,01,02,True,train
/Users/clarayousif/Sheridan/Third/ai-ml-capstone/ml-services/data/raw/ravdess/audio_speech_actors_01-24/Actor_07/03-01-06-01-02-01-07.wav,03-01-06-01-02-01-07.wav,RAVDESS,7,03,01,06,fearful,fear,Negative,01,02,01,True,train
/Users/clarayousif/Sheridan/Third/ai-ml-capstone/ml-services/data/raw/ravdess/audio_speech_actors_01-24/Actor_07/03-01-06-01-02-02-07.wav,03-01-06-01-02-02-07.wav,RAVDESS,7,03,01,06,fearful,fear,Negative,01,02,02,True,train
/Users/clarayousif/Sheridan/Third/ai-ml-capstone/ml-services/data/raw/ravdess/audio_speech_actors_01-24/Actor_07/03-01-06-02-01-01-07.wav,03-01-06-02-01-01-07.wav,RAVDESS,7,03,01,06,fearful,fear,Negative,02,01,01,True,train
/Users/clarayousif/Sheridan/Third/ai-ml-capstone/ml-services/data/raw/ravdess/audio_speech_actors_01-24/Actor_07/03-01-06-02-01-02-07.wav,03-01-06-02-01-02-07.wav,RAVDESS,7,03,01,06,fearful,fear,Negative,02,01,02,True,train
/Users/clarayousif/Sheridan/Third/ai-ml-capstone/ml-services/data/raw/ravdess/audio_speech_actors_01-24/Actor_07/03-01-06-02-02-01-07.wav,03-01-06-02-02-01-07.wav,RAVDESS,7,03,01,06,fearful,fear,Negative,02,02,01,True,train
/Users/clarayousif/Sheridan/Third/ai-ml-capstone/ml-services/data/raw/ravdess/audio_speech_actors_01-24/Actor_07/03-01-06-02-02-02-07.wav,03-01-06-02-02-02-07.wav,RAVDESS,7,03,01,06,fearful,fear,Negative,02,02,02,True,train
/Users/clarayousif/Sheridan/Third/ai-ml-capstone/ml-services/data/raw/ravdess/audio_speech_actors_01-24/Actor_07/03-01-03-01-01-01-07.wav,03-01-03-01-01-01-07.wav,RAVDESS,7,03,01,03,happy,happy,Positive,01,01,01,False,train
/Users/clarayousif/Sheridan/Third/ai-ml-capstone/ml-services/data/raw/ravdess/audio_speech_actors_01-24/Actor_07/03-01-03-01-01-02-07.wav,03-01-03-01-01-02-07.wav,RAVDESS,7,03,01,03,happy,happy,Positive,01,01,02,False,train
/Users/clarayousif/Sheridan/Third/ai-ml-capstone/ml-services/data/raw/ravdess/audio_speech_actors_01-24/Actor_07/03-01-03-01-02-01-07.wav,03-01-03-01-02-01-07.wav,RAVDESS,7,03,01,03,happy,happy,Positive,01,02,01,False,train
/Users/clarayousif/Sheridan/Third/ai-ml-capstone/ml-services/data/raw/ravdess/audio_speech_actors_01-24/Actor_07/03-01-03-01-02-02-07.wav,03-01-03-01-02-02-07.wav,RAVDESS,7,03,01,03,happy,happy,Positive,01,02,02,False,train
/Users/clarayousif/Sheridan/Third/ai-ml-capstone/ml-services/data/raw/ravdess/audio_speech_actors_01-24/Actor_07/03-01-03-02-01-01-07.wav,03-01-03-02-01-01-07.wav,RAVDESS,7,03,01,03,happy,happy,Positive,02,01,01,False,train
/Users/clarayousif/Sheridan/Third/ai-ml-capstone/ml-services/data/raw/ravdess/audio_speech_actors_01-24/Actor_07/03-01-03-02-01-02-07.wav,03-01-03-02-01-02-07.wav,RAVDESS,7,03,01,03,happy,happy,Positive,02,01,02,False,train
/Users/clarayousif/Sheridan/Third/ai-ml-capstone/ml-services/data/raw/ravdess/audio_speech_actors_01-24/Actor_07/03-01-03-02-02-01-07.wav,03-01-03-02-02-01-07.wav,RAVDESS,7,03,01,03,happy,happy,Positive,02,02,01,False,train
/Users/clarayousif/Sheridan/Third/ai-ml-capstone/ml-services/data/raw/ravdess/audio_speech_actors_01-24/Actor_07/03-01-03-02-02-02-07.wav,03-01-03-02-02-02-07.wav,RAVDESS,7,03,01,03,happy,happy,Positive,02,02,02,False,train
/Users/clarayousif/Sheridan/Third/ai-ml-capstone/ml-services/data/raw/ravdess/audio_speech_actors_01-24/Actor_07/03-01-01-01-01-01-07.wav,03-01-01-01-01-01-07.wav,RAVDESS,7,03,01,01,neutral,neutral,Neutral,01,01,01,False,train
/Users/clarayousif/Sheridan/Third/ai-ml-capstone/ml-services/data/raw/ravdess/audio_speech_actors_01-24/Actor_07/03-01-01-01-01-02-07.wav,03-01-01-01-01-02-07.wav,RAVDESS,7,03,01,01,neutral,neutral,Neutral,01,01,02,False,train
/Users/clarayousif/Sheridan/Third/ai-ml-capstone/ml-services/data/raw/ravdess/audio_speech_actors_01-24/Actor_07/03-01-01-01-02-01-07.wav,03-01-01-01-02-01-07.wav,RAVDESS,7,03,01,01,neutral,neutral,Neutral,01,02,01,False,train
/Users/clarayousif/Sheridan/Third/ai-ml-capstone/ml-services/data/raw/ravdess/audio_speech_actors_01-24/Actor_07/03-01-01-01-02-02-07.wav,03-01-01-01-02-02-07.wav,RAVDESS,7,03,01,01,neutral,neutral,Neutral,01,02,02,False,train
/Users/clarayousif/Sheridan/Third/ai-ml-capstone/ml-services/data/raw/ravdess/audio_speech_actors_01-24/Actor_07/03-01-02-01-01-01-07.wav,03-01-02-01-01-01-07.wav,RAVDESS,7,03,01,02,calm,neutral,Neutral,01,01,01,False,train
/Users/clarayousif/Sheridan/Third/ai-ml-capstone/ml-services/data/raw/ravdess/audio_speech_actors_01-24/Actor_07/03-01-02-01-01-02-07.wav,03-01-02-01-01-02-07.wav,RAVDESS,7,03,01,02,calm,neutral,Neutral,01,01,02,False,train
/Users/clarayousif/Sheridan/Third/ai-ml-capstone/ml-services/data/raw/ravdess/audio_speech_actors_01-24/Actor_07/03-01-02-01-02-01-07.wav,03-01-02-01-02-01-07.wav,RAVDESS,7,03,01,02,calm,neutral,Neutral,01,02,01,False,train
/Users/clarayousif/Sheridan/Third/ai-ml-capstone/ml-services/data/raw/ravdess/audio_speech_actors_01-24/Actor_07/03-01-02-01-02-02-07.wav,03-01-02-01-02-02-07.wav,RAVDESS,7,03,01,02,calm,neutral,Neutral,01,02,02,False,train
/Users/clarayousif/Sheridan/Third/ai-ml-capstone/ml-services/data/raw/ravdess/audio_speech_actors_01-24/Actor_07/03-01-02-02-01-01-07.wav,03-01-02-02-01-01-07.wav,RAVDESS,7,03,01,02,calm,neutral,Neutral,02,01,01,False,train
/Users/clarayousif/Sheridan/Third/ai-ml-capstone/ml-services/data/raw/ravdess/audio_speech_actors_01-24/Actor_07/03-01-02-02-01-02-07.wav,03-01-02-02-01-02-07.wav,RAVDESS,7,03,01,02,calm,neutral,Neutral,02,01,02,False,train
/Users/clarayousif/Sheridan/Third/ai-ml-capstone/ml-services/data/raw/ravdess/audio_speech_actors_01-24/Actor_07/03-01-02-02-02-01-07.wav,03-01-02-02-02-01-07.wav,RAVDESS,7,03,01,02,calm,neutral,Neutral,02,02,01,False,train
/Users/clarayousif/Sheridan/Third/ai-ml-capstone/ml-services/data/raw/ravdess/audio_speech_actors_01-24/Actor_07/03-01-02-02-02-02-07.wav,03-01-02-02-02-02-07.wav,RAVDESS,7,03,01,02,calm,neutral,Neutral,02,02,02,False,train
/Users/clarayousif/Sheridan/Third/ai-ml-capstone/ml-services/data/raw/ravdess/audio_speech_actors_01-24/Actor_07/03-01-04-01-01-01-07.wav,03-01-04-01-01-01-07.wav,RAVDESS,7,03,01,04,sad,sadness,Negative,01,01,01,True,train
/Users/clarayousif/Sheridan/Third/ai-ml-capstone/ml-services/data/raw/ravdess/audio_speech_actors_01-24/Actor_07/03-01-04-01-01-02-07.wav,03-01-04-01-01-02-07.wav,RAVDESS,7,03,01,04,sad,sadness,Negative,01,01,02,True,train
/Users/clarayousif/Sheridan/Third/ai-ml-capstone/ml-services/data/raw/ravdess/audio_speech_actors_01-24/Actor_07/03-01-04-01-02-01-07.wav,03-01-04-01-02-01-07.wav,RAVDESS,7,03,01,04,sad,sadness,Negative,01,02,01,True,train
/Users/clarayousif/Sheridan/Third/ai-ml-capstone/ml-services/data/raw/ravdess/audio_speech_actors_01-24/Actor_07/03-01-04-01-02-02-07.wav,03-01-04-01-02-02-07.wav,RAVDESS,7,03,01,04,sad,sadness,Negative,01,02,02,True,train
/Users/clarayousif/Sheridan/Third/ai-ml-capstone/ml-services/data/raw/ravdess/audio_speech_actors_01-24/Actor_07/03-01-04-02-01-01-07.wav,03-01-04-02-01-01-07.wav,RAVDESS,7,03,01,04,sad,sadness,Negative,02,01,01,True,train
/Users/clarayousif/Sheridan/Third/ai-ml-capstone/ml-services/data/raw/ravdess/audio_speech_actors_01-24/Actor_07/03-01-04-02-01-02-07.wav,03-01-04-02-01-02-07.wav,RAVDESS,7,03,01,04,sad,sadness,Negative,02,01,02,True,train
/Users/clarayousif/Sheridan/Third/ai-ml-capstone/ml-services/data/raw/ravdess/audio_speech_actors_01-24/Actor_07/03-01-04-02-02-01-07.wav,03-01-04-02-02-01-07.wav,RAVDESS,7,03,01,04,sad,sadness,Negative,02,02,01,True,train
/Users/clarayousif/Sheridan/Third/ai-ml-capstone/ml-services/data/raw/ravdess/audio_speech_actors_01-24/Actor_07/03-01-04-02-02-02-07.wav,03-01-04-02-02-02-07.wav,RAVDESS,7,03,01,04,sad,sadness,Negative,02,02,02,True,train
/Users/clarayousif/Sheridan/Third/ai-ml-capstone/ml-services/data/raw/ravdess/audio_speech_actors_01-24/Actor_10/03-01-05-01-01-01-10.wav,03-01-05-01-01-01-10.wav,RAVDESS,10,03,01,05,angry,anger,Negative,01,01,01,True,train
/Users/clarayousif/Sheridan/Third/ai-ml-capstone/ml-services/data/raw/ravdess/audio_speech_actors_01-24/Actor_10/03-01-05-01-01-02-10.wav,03-01-05-01-01-02-10.wav,RAVDESS,10,03,01,05,angry,anger,Negative,01,01,02,True,train
/Users/clarayousif/Sheridan/Third/ai-ml-capstone/ml-services/data/raw/ravdess/audio_speech_actors_01-24/Actor_10/03-01-05-01-02-01-10.wav,03-01-05-01-02-01-10.wav,RAVDESS,10,03,01,05,angry,anger,Negative,01,02,01,True,train
/Users/clarayousif/Sheridan/Third/ai-ml-capstone/ml-services/data/raw/ravdess/audio_speech_actors_01-24/Actor_10/03-01-05-01-02-02-10.wav,03-01-05-01-02-02-10.wav,RAVDESS,10,03,01,05,angry,anger,Negative,01,02,02,True,train
/Users/clarayousif/Sheridan/Third/ai-ml-capstone/ml-services/data/raw/ravdess/audio_speech_actors_01-24/Actor_10/03-01-05-02-01-01-10.wav,03-01-05-02-01-01-10.wav,RAVDESS,10,03,01,05,angry,anger,Negative,02,01,01,True,train
/Users/clarayousif/Sheridan/Third/ai-ml-capstone/ml-services/data/raw/ravdess/audio_speech_actors_01-24/Actor_10/03-01-05-02-01-02-10.wav,03-01-05-02-01-02-10.wav,RAVDESS,10,03,01,05,angry,anger,Negative,02,01,02,True,train
/Users/clarayousif/Sheridan/Third/ai-ml-capstone/ml-services/data/raw/ravdess/audio_speech_actors_01-24/Actor_10/03-01-05-02-02-01-10.wav,03-01-05-02-02-01-10.wav,RAVDESS,10,03,01,05,angry,anger,Negative,02,02,01,True,train
/Users/clarayousif/Sheridan/Third/ai-ml-capstone/ml-services/data/raw/ravdess/audio_speech_actors_01-24/Actor_10/03-01-05-02-02-02-10.wav,03-01-05-02-02-02-10.wav,RAVDESS,10,03,01,05,angry,anger,Negative,02,02,02,True,train
/Users/clarayousif/Sheridan/Third/ai-ml-capstone/ml-services/data/raw/ravdess/audio_speech_actors_01-24/Actor_10/03-01-07-01-01-01-10.wav,03-01-07-01-01-01-10.wav,RAVDESS,10,03,01,07,disgust,disgust,Negative,01,01,01,True,train
/Users/clarayousif/Sheridan/Third/ai-ml-capstone/ml-services/data/raw/ravdess/audio_speech_actors_01-24/Actor_10/03-01-07-01-01-02-10.wav,03-01-07-01-01-02-10.wav,RAVDESS,10,03,01,07,disgust,disgust,Negative,01,01,02,True,train
/Users/clarayousif/Sheridan/Third/ai-ml-capstone/ml-services/data/raw/ravdess/audio_speech_actors_01-24/Actor_10/03-01-07-01-02-01-10.wav,03-01-07-01-02-01-10.wav,RAVDESS,10,03,01,07,disgust,disgust,Negative,01,02,01,True,train
/Users/clarayousif/Sheridan/Third/ai-ml-capstone/ml-services/data/raw/ravdess/audio_speech_actors_01-24/Actor_10/03-01-07-01-02-02-10.wav,03-01-07-01-02-02-10.wav,RAVDESS,10,03,01,07,disgust,disgust,Negative,01,02,02,True,train
/Users/clarayousif/Sheridan/Third/ai-ml-capstone/ml-services/data/raw/ravdess/audio_speech_actors_01-24/Actor_10/03-01-07-02-01-01-10.wav,03-01-07-02-01-01-10.wav,RAVDESS,10,03,01,07,disgust,disgust,Negative,02,01,01,True,train
/Users/clarayousif/Sheridan/Third/ai-ml-capstone/ml-services/data/raw/ravdess/audio_speech_actors_01-24/Actor_10/03-01-07-02-01-02-10.wav,03-01-07-02-01-02-10.wav,RAVDESS,10,03,01,07,disgust,disgust,Negative,02,01,02,True,train
/Users/clarayousif/Sheridan/Third/ai-ml-capstone/ml-services/data/raw/ravdess/audio_speech_actors_01-24/Actor_10/03-01-07-02-02-01-10.wav,03-01-07-02-02-01-10.wav,RAVDESS,10,03,01,07,disgust,disgust,Negative,02,02,01,True,train
/Users/clarayousif/Sheridan/Third/ai-ml-capstone/ml-services/data/raw/ravdess/audio_speech_actors_01-24/Actor_10/03-01-07-02-02-02-10.wav,03-01-07-02-02-02-10.wav,RAVDESS,10,03,01,07,disgust,disgust,Negative,02,02,02,True,train
/Users/clarayousif/Sheridan/Third/ai-ml-capstone/ml-services/data/raw/ravdess/audio_speech_actors_01-24/Actor_10/03-01-06-01-01-01-10.wav,03-01-06-01-01-01-10.wav,RAVDESS,10,03,01,06,fearful,fear,Negative,01,01,01,True,train
/Users/clarayousif/Sheridan/Third/ai-ml-capstone/ml-services/data/raw/ravdess/audio_speech_actors_01-24/Actor_10/03-01-06-01-01-02-10.wav,03-01-06-01-01-02-10.wav,RAVDESS,10,03,01,06,fearful,fear,Negative,01,01,02,True,train
/Users/clarayousif/Sheridan/Third/ai-ml-capstone/ml-services/data/raw/ravdess/audio_speech_actors_01-24/Actor_10/03-01-06-01-02-01-10.wav,03-01-06-01-02-01-10.wav,RAVDESS,10,03,01,06,fearful,fear,Negative,01,02,01,True,train
/Users/clarayousif/Sheridan/Third/ai-ml-capstone/ml-services/data/raw/ravdess/audio_speech_actors_01-24/Actor_10/03-01-06-01-02-02-10.wav,03-01-06-01-02-02-10.wav,RAVDESS,10,03,01,06,fearful,fear,Negative,01,02,02,True,train
/Users/clarayousif/Sheridan/Third/ai-ml-capstone/ml-services/data/raw/ravdess/audio_speech_actors_01-24/Actor_10/03-01-06-02-01-01-10.wav,03-01-06-02-01-01-10.wav,RAVDESS,10,03,01,06,fearful,fear,Negative,02,01,01,True,train
/Users/clarayousif/Sheridan/Third/ai-ml-capstone/ml-services/data/raw/ravdess/audio_speech_actors_01-24/Actor_10/03-01-06-02-01-02-10.wav,03-01-06-02-01-02-10.wav,RAVDESS,10,03,01,06,fearful,fear,Negative,02,01,02,True,train
/Users/clarayousif/Sheridan/Third/ai-ml-capstone/ml-services/data/raw/ravdess/audio_speech_actors_01-24/Actor_10/03-01-06-02-02-01-10.wav,03-01-06-02-02-01-10.wav,RAVDESS,10,03,01,06,fearful,fear,Negative,02,02,01,True,train
/Users/clarayousif/Sheridan/Third/ai-ml-capstone/ml-services/data/raw/ravdess/audio_speech_actors_01-24/Actor_10/03-01-06-02-02-02-10.wav,03-01-06-02-02-02-10.wav,RAVDESS,10,03,01,06,fearful,fear,Negative,02,02,02,True,train
/Users/clarayousif/Sheridan/Third/ai-ml-capstone/ml-services/data/raw/ravdess/audio_speech_actors_01-24/Actor_10/03-01-03-01-01-01-10.wav,03-01-03-01-01-01-10.wav,RAVDESS,10,03,01,03,happy,happy,Positive,01,01,01,False,train
/Users/clarayousif/Sheridan/Third/ai-ml-capstone/ml-services/data/raw/ravdess/audio_speech_actors_01-24/Actor_10/03-01-03-01-01-02-10.wav,03-01-03-01-01-02-10.wav,RAVDESS,10,03,01,03,happy,happy,Positive,01,01,02,False,train
/Users/clarayousif/Sheridan/Third/ai-ml-capstone/ml-services/data/raw/ravdess/audio_speech_actors_01-24/Actor_10/03-01-03-01-02-01-10.wav,03-01-03-01-02-01-10.wav,RAVDESS,10,03,01,03,happy,happy,Positive,01,02,01,False,train
/Users/clarayousif/Sheridan/Third/ai-ml-capstone/ml-services/data/raw/ravdess/audio_speech_actors_01-24/Actor_10/03-01-03-01-02-02-10.wav,03-01-03-01-02-02-10.wav,RAVDESS,10,03,01,03,happy,happy,Positive,01,02,02,False,train
/Users/clarayousif/Sheridan/Third/ai-ml-capstone/ml-services/data/raw/ravdess/audio_speech_actors_01-24/Actor_10/03-01-03-02-01-01-10.wav,03-01-03-02-01-01-10.wav,RAVDESS,10,03,01,03,happy,happy,Positive,02,01,01,False,train
/Users/clarayousif/Sheridan/Third/ai-ml-capstone/ml-services/data/raw/ravdess/audio_speech_actors_01-24/Actor_10/03-01-03-02-01-02-10.wav,03-01-03-02-01-02-10.wav,RAVDESS,10,03,01,03,happy,happy,Positive,02,01,02,False,train
/Users/clarayousif/Sheridan/Third/ai-ml-capstone/ml-services/data/raw/ravdess/audio_speech_actors_01-24/Actor_10/03-01-03-02-02-01-10.wav,03-01-03-02-02-01-10.wav,RAVDESS,10,03,01,03,happy,happy,Positive,02,02,01,False,train
/Users/clarayousif/Sheridan/Third/ai-ml-capstone/ml-services/data/raw/ravdess/audio_speech_actors_01-24/Actor_10/03-01-03-02-02-02-10.wav,03-01-03-02-02-02-10.wav,RAVDESS,10,03,01,03,happy,happy,Positive,02,02,02,False,train
/Users/clarayousif/Sheridan/Third/ai-ml-capstone/ml-services/data/raw/ravdess/audio_speech_actors_01-24/Actor_10/03-01-01-01-01-01-10.wav,03-01-01-01-01-01-10.wav,RAVDESS,10,03,01,01,neutral,neutral,Neutral,01,01,01,False,train
/Users/clarayousif/Sheridan/Third/ai-ml-capstone/ml-services/data/raw/ravdess/audio_speech_actors_01-24/Actor_10/03-01-01-01-01-02-10.wav,03-01-01-01-01-02-10.wav,RAVDESS,10,03,01,01,neutral,neutral,Neutral,01,01,02,False,train
/Users/clarayousif/Sheridan/Third/ai-ml-capstone/ml-services/data/raw/ravdess/audio_speech_actors_01-24/Actor_10/03-01-01-01-02-01-10.wav,03-01-01-01-02-01-10.wav,RAVDESS,10,03,01,01,neutral,neutral,Neutral,01,02,01,False,train
/Users/clarayousif/Sheridan/Third/ai-ml-capstone/ml-services/data/raw/ravdess/audio_speech_actors_01-24/Actor_10/03-01-01-01-02-02-10.wav,03-01-01-01-02-02-10.wav,RAVDESS,10,03,01,01,neutral,neutral,Neutral,01,02,02,False,train
/Users/clarayousif/Sheridan/Third/ai-ml-capstone/ml-services/data/raw/ravdess/audio_speech_actors_01-24/Actor_10/03-01-02-01-01-01-10.wav,03-01-02-01-01-01-10.wav,RAVDESS,10,03,01,02,calm,neutral,Neutral,01,01,01,False,train
/Users/clarayousif/Sheridan/Third/ai-ml-capstone/ml-services/data/raw/ravdess/audio_speech_actors_01-24/Actor_10/03-01-02-01-01-02-10.wav,03-01-02-01-01-02-10.wav,RAVDESS,10,03,01,02,calm,neutral,Neutral,01,01,02,False,train
/Users/clarayousif/Sheridan/Third/ai-ml-capstone/ml-services/data/raw/ravdess/audio_speech_actors_01-24/Actor_10/03-01-02-01-02-01-10.wav,03-01-02-01-02-01-10.wav,RAVDESS,10,03,01,02,calm,neutral,Neutral,01,02,01,False,train
/Users/clarayousif/Sheridan/Third/ai-ml-capstone/ml-services/data/raw/ravdess/audio_speech_actors_01-24/Actor_10/03-01-02-01-02-02-10.wav,03-01-02-01-02-02-10.wav,RAVDESS,10,03,01,02,calm,neutral,Neutral,01,02,02,False,train
/Users/clarayousif/Sheridan/Third/ai-ml-capstone/ml-services/data/raw/ravdess/audio_speech_actors_01-24/Actor_10/03-01-02-02-01-01-10.wav,03-01-02-02-01-01-10.wav,RAVDESS,10,03,01,02,calm,neutral,Neutral,02,01,01,False,train
/Users/clarayousif/Sheridan/Third/ai-ml-capstone/ml-services/data/raw/ravdess/audio_speech_actors_01-24/Actor_10/03-01-02-02-01-02-10.wav,03-01-02-02-01-02-10.wav,RAVDESS,10,03,01,02,calm,neutral,Neutral,02,01,02,False,train
/Users/clarayousif/Sheridan/Third/ai-ml-capstone/ml-services/data/raw/ravdess/audio_speech_actors_01-24/Actor_10/03-01-02-02-02-01-10.wav,03-01-02-02-02-01-10.wav,RAVDESS,10,03,01,02,calm,neutral,Neutral,02,02,01,False,train
/Users/clarayousif/Sheridan/Third/ai-ml-capstone/ml-services/data/raw/ravdess/audio_speech_actors_01-24/Actor_10/03-01-02-02-02-02-10.wav,03-01-02-02-02-02-10.wav,RAVDESS,10,03,01,02,calm,neutral,Neutral,02,02,02,False,train
/Users/clarayousif/Sheridan/Third/ai-ml-capstone/ml-services/data/raw/ravdess/audio_speech_actors_01-24/Actor_10/03-01-04-01-01-01-10.wav,03-01-04-01-01-01-10.wav,RAVDESS,10,03,01,04,sad,sadness,Negative,01,01,01,True,train
/Users/clarayousif/Sheridan/Third/ai-ml-capstone/ml-services/data/raw/ravdess/audio_speech_actors_01-24/Actor_10/03-01-04-01-01-02-10.wav,03-01-04-01-01-02-10.wav,RAVDESS,10,03,01,04,sad,sadness,Negative,01,01,02,True,train
/Users/clarayousif/Sheridan/Third/ai-ml-capstone/ml-services/data/raw/ravdess/audio_speech_actors_01-24/Actor_10/03-01-04-01-02-01-10.wav,03-01-04-01-02-01-10.wav,RAVDESS,10,03,01,04,sad,sadness,Negative,01,02,01,True,train
/Users/clarayousif/Sheridan/Third/ai-ml-capstone/ml-services/data/raw/ravdess/audio_speech_actors_01-24/Actor_10/03-01-04-01-02-02-10.wav,03-01-04-01-02-02-10.wav,RAVDESS,10,03,01,04,sad,sadness,Negative,01,02,02,True,train
/Users/clarayousif/Sheridan/Third/ai-ml-capstone/ml-services/data/raw/ravdess/audio_speech_actors_01-24/Actor_10/03-01-04-02-01-01-10.wav,03-01-04-02-01-01-10.wav,RAVDESS,10,03,01,04,sad,sadness,Negative,02,01,01,True,train
/Users/clarayousif/Sheridan/Third/ai-ml-capstone/ml-services/data/raw/ravdess/audio_speech_actors_01-24/Actor_10/03-01-04-02-01-02-10.wav,03-01-04-02-01-02-10.wav,RAVDESS,10,03,01,04,sad,sadness,Negative,02,01,02,True,train
/Users/clarayousif/Sheridan/Third/ai-ml-capstone/ml-services/data/raw/ravdess/audio_speech_actors_01-24/Actor_10/03-01-04-02-02-01-10.wav,03-01-04-02-02-01-10.wav,RAVDESS,10,03,01,04,sad,sadness,Negative,02,02,01,True,train
/Users/clarayousif/Sheridan/Third/ai-ml-capstone/ml-services/data/raw/ravdess/audio_speech_actors_01-24/Actor_10/03-01-04-02-02-02-10.wav,03-01-04-02-02-02-10.wav,RAVDESS,10,03,01,04,sad,sadness,Negative,02,02,02,True,train
/Users/clarayousif/Sheridan/Third/ai-ml-capstone/ml-services/data/raw/ravdess/audio_speech_actors_01-24/Actor_11/03-01-05-01-01-01-11.wav,03-01-05-01-01-01-11.wav,RAVDESS,11,03,01,05,angry,anger,Negative,01,01,01,True,train
/Users/clarayousif/Sheridan/Third/ai-ml-capstone/ml-services/data/raw/ravdess/audio_speech_actors_01-24/Actor_11/03-01-05-01-01-02-11.wav,03-01-05-01-01-02-11.wav,RAVDESS,11,03,01,05,angry,anger,Negative,01,01,02,True,train
/Users/clarayousif/Sheridan/Third/ai-ml-capstone/ml-services/data/raw/ravdess/audio_speech_actors_01-24/Actor_11/03-01-05-01-02-01-11.wav,03-01-05-01-02-01-11.wav,RAVDESS,11,03,01,05,angry,anger,Negative,01,02,01,True,train
/Users/clarayousif/Sheridan/Third/ai-ml-capstone/ml-services/data/raw/ravdess/audio_speech_actors_01-24/Actor_11/03-01-05-01-02-02-11.wav,03-01-05-01-02-02-11.wav,RAVDESS,11,03,01,05,angry,anger,Negative,01,02,02,True,train
/Users/clarayousif/Sheridan/Third/ai-ml-capstone/ml-services/data/raw/ravdess/audio_speech_actors_01-24/Actor_11/03-01-05-02-01-01-11.wav,03-01-05-02-01-01-11.wav,RAVDESS,11,03,01,05,angry,anger,Negative,02,01,01,True,train
/Users/clarayousif/Sheridan/Third/ai-ml-capstone/ml-services/data/raw/ravdess/audio_speech_actors_01-24/Actor_11/03-01-05-02-01-02-11.wav,03-01-05-02-01-02-11.wav,RAVDESS,11,03,01,05,angry,anger,Negative,02,01,02,True,train
/Users/clarayousif/Sheridan/Third/ai-ml-capstone/ml-services/data/raw/ravdess/audio_speech_actors_01-24/Actor_11/03-01-05-02-02-01-11.wav,03-01-05-02-02-01-11.wav,RAVDESS,11,03,01,05,angry,anger,Negative,02,02,01,True,train
/Users/clarayousif/Sheridan/Third/ai-ml-capstone/ml-services/data/raw/ravdess/audio_speech_actors_01-24/Actor_11/03-01-05-02-02-02-11.wav,03-01-05-02-02-02-11.wav,RAVDESS,11,03,01,05,angry,anger,Negative,02,02,02,True,train
/Users/clarayousif/Sheridan/Third/ai-ml-capstone/ml-services/data/raw/ravdess/audio_speech_actors_01-24/Actor_11/03-01-07-01-01-01-11.wav,03-01-07-01-01-01-11.wav,RAVDESS,11,03,01,07,disgust,disgust,Negative,01,01,01,True,train
/Users/clarayousif/Sheridan/Third/ai-ml-capstone/ml-services/data/raw/ravdess/audio_speech_actors_01-24/Actor_11/03-01-07-01-01-02-11.wav,03-01-07-01-01-02-11.wav,RAVDESS,11,03,01,07,disgust,disgust,Negative,01,01,02,True,train
/Users/clarayousif/Sheridan/Third/ai-ml-capstone/ml-services/data/raw/ravdess/audio_speech_actors_01-24/Actor_11/03-01-07-01-02-01-11.wav,03-01-07-01-02-01-11.wav,RAVDESS,11,03,01,07,disgust,disgust,Negative,01,02,01,True,train
/Users/clarayousif/Sheridan/Third/ai-ml-capstone/ml-services/data/raw/ravdess/audio_speech_actors_01-24/Actor_11/03-01-07-01-02-02-11.wav,03-01-07-01-02-02-11.wav,RAVDESS,11,03,01,07,disgust,disgust,Negative,01,02,02,True,train
/Users/clarayousif/Sheridan/Third/ai-ml-capstone/ml-services/data/raw/ravdess/audio_speech_actors_01-24/Actor_11/03-01-07-02-01-01-11.wav,03-01-07-02-01-01-11.wav,RAVDESS,11,03,01,07,disgust,disgust,Negative,02,01,01,True,train
/Users/clarayousif/Sheridan/Third/ai-ml-capstone/ml-services/data/raw/ravdess/audio_speech_actors_01-24/Actor_11/03-01-07-02-01-02-11.wav,03-01-07-02-01-02-11.wav,RAVDESS,11,03,01,07,disgust,disgust,Negative,02,01,02,True,train
/Users/clarayousif/Sheridan/Third/ai-ml-capstone/ml-services/data/raw/ravdess/audio_speech_actors_01-24/Actor_11/03-01-07-02-02-01-11.wav,03-01-07-02-02-01-11.wav,RAVDESS,11,03,01,07,disgust,disgust,Negative,02,02,01,True,train
/Users/clarayousif/Sheridan/Third/ai-ml-capstone/ml-services/data/raw/ravdess/audio_speech_actors_01-24/Actor_11/03-01-07-02-02-02-11.wav,03-01-07-02-02-02-11.wav,RAVDESS,11,03,01,07,disgust,disgust,Negative,02,02,02,True,train
/Users/clarayousif/Sheridan/Third/ai-ml-capstone/ml-services/data/raw/ravdess/audio_speech_actors_01-24/Actor_11/03-01-06-01-01-01-11.wav,03-01-06-01-01-01-11.wav,RAVDESS,11,03,01,06,fearful,fear,Negative,01,01,01,True,train
/Users/clarayousif/Sheridan/Third/ai-ml-capstone/ml-services/data/raw/ravdess/audio_speech_actors_01-24/Actor_11/03-01-06-01-01-02-11.wav,03-01-06-01-01-02-11.wav,RAVDESS,11,03,01,06,fearful,fear,Negative,01,01,02,True,train
/Users/clarayousif/Sheridan/Third/ai-ml-capstone/ml-services/data/raw/ravdess/audio_speech_actors_01-24/Actor_11/03-01-06-01-02-01-11.wav,03-01-06-01-02-01-11.wav,RAVDESS,11,03,01,06,fearful,fear,Negative,01,02,01,True,train
/Users/clarayousif/Sheridan/Third/ai-ml-capstone/ml-services/data/raw/ravdess/audio_speech_actors_01-24/Actor_11/03-01-06-01-02-02-11.wav,03-01-06-01-02-02-11.wav,RAVDESS,11,03,01,06,fearful,fear,Negative,01,02,02,True,train
/Users/clarayousif/Sheridan/Third/ai-ml-capstone/ml-services/data/raw/ravdess/audio_speech_actors_01-24/Actor_11/03-01-06-02-01-01-11.wav,03-01-06-02-01-01-11.wav,RAVDESS,11,03,01,06,fearful,fear,Negative,02,01,01,True,train
/Users/clarayousif/Sheridan/Third/ai-ml-capstone/ml-services/data/raw/ravdess/audio_speech_actors_01-24/Actor_11/03-01-06-02-01-02-11.wav,03-01-06-02-01-02-11.wav,RAVDESS,11,03,01,06,fearful,fear,Negative,02,01,02,True,train
/Users/clarayousif/Sheridan/Third/ai-ml-capstone/ml-services/data/raw/ravdess/audio_speech_actors_01-24/Actor_11/03-01-06-02-02-01-11.wav,03-01-06-02-02-01-11.wav,RAVDESS,11,03,01,06,fearful,fear,Negative,02,02,01,True,train
/Users/clarayousif/Sheridan/Third/ai-ml-capstone/ml-services/data/raw/ravdess/audio_speech_actors_01-24/Actor_11/03-01-06-02-02-02-11.wav,03-01-06-02-02-02-11.wav,RAVDESS,11,03,01,06,fearful,fear,Negative,02,02,02,True,train
/Users/clarayousif/Sheridan/Third/ai-ml-capstone/ml-services/data/raw/ravdess/audio_speech_actors_01-24/Actor_11/03-01-03-01-01-01-11.wav,03-01-03-01-01-01-11.wav,RAVDESS,11,03,01,03,happy,happy,Positive,01,01,01,False,train
/Users/clarayousif/Sheridan/Third/ai-ml-capstone/ml-services/data/raw/ravdess/audio_speech_actors_01-24/Actor_11/03-01-03-01-01-02-11.wav,03-01-03-01-01-02-11.wav,RAVDESS,11,03,01,03,happy,happy,Positive,01,01,02,False,train
/Users/clarayousif/Sheridan/Third/ai-ml-capstone/ml-services/data/raw/ravdess/audio_speech_actors_01-24/Actor_11/03-01-03-01-02-01-11.wav,03-01-03-01-02-01-11.wav,RAVDESS,11,03,01,03,happy,happy,Positive,01,02,01,False,train
/Users/clarayousif/Sheridan/Third/ai-ml-capstone/ml-services/data/raw/ravdess/audio_speech_actors_01-24/Actor_11/03-01-03-01-02-02-11.wav,03-01-03-01-02-02-11.wav,RAVDESS,11,03,01,03,happy,happy,Positive,01,02,02,False,train
/Users/clarayousif/Sheridan/Third/ai-ml-capstone/ml-services/data/raw/ravdess/audio_speech_actors_01-24/Actor_11/03-01-03-02-01-01-11.wav,03-01-03-02-01-01-11.wav,RAVDESS,11,03,01,03,happy,happy,Positive,02,01,01,False,train
/Users/clarayousif/Sheridan/Third/ai-ml-capstone/ml-services/data/raw/ravdess/audio_speech_actors_01-24/Actor_11/03-01-03-02-01-02-11.wav,03-01-03-02-01-02-11.wav,RAVDESS,11,03,01,03,happy,happy,Positive,02,01,02,False,train
/Users/clarayousif/Sheridan/Third/ai-ml-capstone/ml-services/data/raw/ravdess/audio_speech_actors_01-24/Actor_11/03-01-03-02-02-01-11.wav,03-01-03-02-02-01-11.wav,RAVDESS,11,03,01,03,happy,happy,Positive,02,02,01,False,train
/Users/clarayousif/Sheridan/Third/ai-ml-capstone/ml-services/data/raw/ravdess/audio_speech_actors_01-24/Actor_11/03-01-03-02-02-02-11.wav,03-01-03-02-02-02-11.wav,RAVDESS,11,03,01,03,happy,happy,Positive,02,02,02,False,train
/Users/clarayousif/Sheridan/Third/ai-ml-capstone/ml-services/data/raw/ravdess/audio_speech_actors_01-24/Actor_11/03-01-01-01-01-01-11.wav,03-01-01-01-01-01-11.wav,RAVDESS,11,03,01,01,neutral,neutral,Neutral,01,01,01,False,train
/Users/clarayousif/Sheridan/Third/ai-ml-capstone/ml-services/data/raw/ravdess/audio_speech_actors_01-24/Actor_11/03-01-01-01-01-02-11.wav,03-01-01-01-01-02-11.wav,RAVDESS,11,03,01,01,neutral,neutral,Neutral,01,01,02,False,train
/Users/clarayousif/Sheridan/Third/ai-ml-capstone/ml-services/data/raw/ravdess/audio_speech_actors_01-24/Actor_11/03-01-01-01-02-01-11.wav,03-01-01-01-02-01-11.wav,RAVDESS,11,03,01,01,neutral,neutral,Neutral,01,02,01,False,train
/Users/clarayousif/Sheridan/Third/ai-ml-capstone/ml-services/data/raw/ravdess/audio_speech_actors_01-24/Actor_11/03-01-01-01-02-02-11.wav,03-01-01-01-02-02-11.wav,RAVDESS,11,03,01,01,neutral,neutral,Neutral,01,02,02,False,train
/Users/clarayousif/Sheridan/Third/ai-ml-capstone/ml-services/data/raw/ravdess/audio_speech_actors_01-24/Actor_11/03-01-02-01-01-01-11.wav,03-01-02-01-01-01-11.wav,RAVDESS,11,03,01,02,calm,neutral,Neutral,01,01,01,False,train
/Users/clarayousif/Sheridan/Third/ai-ml-capstone/ml-services/data/raw/ravdess/audio_speech_actors_01-24/Actor_11/03-01-02-01-01-02-11.wav,03-01-02-01-01-02-11.wav,RAVDESS,11,03,01,02,calm,neutral,Neutral,01,01,02,False,train
/Users/clarayousif/Sheridan/Third/ai-ml-capstone/ml-services/data/raw/ravdess/audio_speech_actors_01-24/Actor_11/03-01-02-01-02-01-11.wav,03-01-02-01-02-01-11.wav,RAVDESS,11,03,01,02,calm,neutral,Neutral,01,02,01,False,train
/Users/clarayousif/Sheridan/Third/ai-ml-capstone/ml-services/data/raw/ravdess/audio_speech_actors_01-24/Actor_11/03-01-02-01-02-02-11.wav,03-01-02-01-02-02-11.wav,RAVDESS,11,03,01,02,calm,neutral,Neutral,01,02,02,False,train
/Users/clarayousif/Sheridan/Third/ai-ml-capstone/ml-services/data/raw/ravdess/audio_speech_actors_01-24/Actor_11/03-01-02-02-01-01-11.wav,03-01-02-02-01-01-11.wav,RAVDESS,11,03,01,02,calm,neutral,Neutral,02,01,01,False,train
/Users/clarayousif/Sheridan/Third/ai-ml-capstone/ml-services/data/raw/ravdess/audio_speech_actors_01-24/Actor_11/03-01-02-02-01-02-11.wav,03-01-02-02-01-02-11.wav,RAVDESS,11,03,01,02,calm,neutral,Neutral,02,01,02,False,train
/Users/clarayousif/Sheridan/Third/ai-ml-capstone/ml-services/data/raw/ravdess/audio_speech_actors_01-24/Actor_11/03-01-02-02-02-01-11.wav,03-01-02-02-02-01-11.wav,RAVDESS,11,03,01,02,calm,neutral,Neutral,02,02,01,False,train
/Users/clarayousif/Sheridan/Third/ai-ml-capstone/ml-services/data/raw/ravdess/audio_speech_actors_01-24/Actor_11/03-01-02-02-02-02-11.wav,03-01-02-02-02-02-11.wav,RAVDESS,11,03,01,02,calm,neutral,Neutral,02,02,02,False,train
/Users/clarayousif/Sheridan/Third/ai-ml-capstone/ml-services/data/raw/ravdess/audio_speech_actors_01-24/Actor_11/03-01-04-01-01-01-11.wav,03-01-04-01-01-01-11.wav,RAVDESS,11,03,01,04,sad,sadness,Negative,01,01,01,True,train
/Users/clarayousif/Sheridan/Third/ai-ml-capstone/ml-services/data/raw/ravdess/audio_speech_actors_01-24/Actor_11/03-01-04-01-01-02-11.wav,03-01-04-01-01-02-11.wav,RAVDESS,11,03,01,04,sad,sadness,Negative,01,01,02,True,train
/Users/clarayousif/Sheridan/Third/ai-ml-capstone/ml-services/data/raw/ravdess/audio_speech_actors_01-24/Actor_11/03-01-04-01-02-01-11.wav,03-01-04-01-02-01-11.wav,RAVDESS,11,03,01,04,sad,sadness,Negative,01,02,01,True,train
/Users/clarayousif/Sheridan/Third/ai-ml-capstone/ml-services/data/raw/ravdess/audio_speech_actors_01-24/Actor_11/03-01-04-01-02-02-11.wav,03-01-04-01-02-02-11.wav,RAVDESS,11,03,01,04,sad,sadness,Negative,01,02,02,True,train
/Users/clarayousif/Sheridan/Third/ai-ml-capstone/ml-services/data/raw/ravdess/audio_speech_actors_01-24/Actor_11/03-01-04-02-01-01-11.wav,03-01-04-02-01-01-11.wav,RAVDESS,11,03,01,04,sad,sadness,Negative,02,01,01,True,train
/Users/clarayousif/Sheridan/Third/ai-ml-capstone/ml-services/data/raw/ravdess/audio_speech_actors_01-24/Actor_11/03-01-04-02-01-02-11.wav,03-01-04-02-01-02-11.wav,RAVDESS,11,03,01,04,sad,sadness,Negative,02,01,02,True,train
/Users/clarayousif/Sheridan/Third/ai-ml-capstone/ml-services/data/raw/ravdess/audio_speech_actors_01-24/Actor_11/03-01-04-02-02-01-11.wav,03-01-04-02-02-01-11.wav,RAVDESS,11,03,01,04,sad,sadness,Negative,02,02,01,True,train
/Users/clarayousif/Sheridan/Third/ai-ml-capstone/ml-services/data/raw/ravdess/audio_speech_actors_01-24/Actor_11/03-01-04-02-02-02-11.wav,03-01-04-02-02-02-11.wav,RAVDESS,11,03,01,04,sad,sadness,Negative,02,02,02,True,train
/Users/clarayousif/Sheridan/Third/ai-ml-capstone/ml-services/data/raw/ravdess/audio_speech_actors_01-24/Actor_12/03-01-05-01-01-01-12.wav,03-01-05-01-01-01-12.wav,RAVDESS,12,03,01,05,angry,anger,Negative,01,01,01,True,train
/Users/clarayousif/Sheridan/Third/ai-ml-capstone/ml-services/data/raw/ravdess/audio_speech_actors_01-24/Actor_12/03-01-05-01-01-02-12.wav,03-01-05-01-01-02-12.wav,RAVDESS,12,03,01,05,angry,anger,Negative,01,01,02,True,train
/Users/clarayousif/Sheridan/Third/ai-ml-capstone/ml-services/data/raw/ravdess/audio_speech_actors_01-24/Actor_12/03-01-05-01-02-01-12.wav,03-01-05-01-02-01-12.wav,RAVDESS,12,03,01,05,angry,anger,Negative,01,02,01,True,train
/Users/clarayousif/Sheridan/Third/ai-ml-capstone/ml-services/data/raw/ravdess/audio_speech_actors_01-24/Actor_12/03-01-05-01-02-02-12.wav,03-01-05-01-02-02-12.wav,RAVDESS,12,03,01,05,angry,anger,Negative,01,02,02,True,train
/Users/clarayousif/Sheridan/Third/ai-ml-capstone/ml-services/data/raw/ravdess/audio_speech_actors_01-24/Actor_12/03-01-05-02-01-01-12.wav,03-01-05-02-01-01-12.wav,RAVDESS,12,03,01,05,angry,anger,Negative,02,01,01,True,train
/Users/clarayousif/Sheridan/Third/ai-ml-capstone/ml-services/data/raw/ravdess/audio_speech_actors_01-24/Actor_12/03-01-05-02-01-02-12.wav,03-01-05-02-01-02-12.wav,RAVDESS,12,03,01,05,angry,anger,Negative,02,01,02,True,train
/Users/clarayousif/Sheridan/Third/ai-ml-capstone/ml-services/data/raw/ravdess/audio_speech_actors_01-24/Actor_12/03-01-05-02-02-01-12.wav,03-01-05-02-02-01-12.wav,RAVDESS,12,03,01,05,angry,anger,Negative,02,02,01,True,train
/Users/clarayousif/Sheridan/Third/ai-ml-capstone/ml-services/data/raw/ravdess/audio_speech_actors_01-24/Actor_12/03-01-05-02-02-02-12.wav,03-01-05-02-02-02-12.wav,RAVDESS,12,03,01,05,angry,anger,Negative,02,02,02,True,train
/Users/clarayousif/Sheridan/Third/ai-ml-capstone/ml-services/data/raw/ravdess/audio_speech_actors_01-24/Actor_12/03-01-07-01-01-01-12.wav,03-01-07-01-01-01-12.wav,RAVDESS,12,03,01,07,disgust,disgust,Negative,01,01,01,True,train
/Users/clarayousif/Sheridan/Third/ai-ml-capstone/ml-services/data/raw/ravdess/audio_speech_actors_01-24/Actor_12/03-01-07-01-01-02-12.wav,03-01-07-01-01-02-12.wav,RAVDESS,12,03,01,07,disgust,disgust,Negative,01,01,02,True,train
/Users/clarayousif/Sheridan/Third/ai-ml-capstone/ml-services/data/raw/ravdess/audio_speech_actors_01-24/Actor_12/03-01-07-01-02-01-12.wav,03-01-07-01-02-01-12.wav,RAVDESS,12,03,01,07,disgust,disgust,Negative,01,02,01,True,train
/Users/clarayousif/Sheridan/Third/ai-ml-capstone/ml-services/data/raw/ravdess/audio_speech_actors_01-24/Actor_12/03-01-07-01-02-02-12.wav,03-01-07-01-02-02-12.wav,RAVDESS,12,03,01,07,disgust,disgust,Negative,01,02,02,True,train
/Users/clarayousif/Sheridan/Third/ai-ml-capstone/ml-services/data/raw/ravdess/audio_speech_actors_01-24/Actor_12/03-01-07-02-01-01-12.wav,03-01-07-02-01-01-12.wav,RAVDESS,12,03,01,07,disgust,disgust,Negative,02,01,01,True,train
/Users/clarayousif/Sheridan/Third/ai-ml-capstone/ml-services/data/raw/ravdess/audio_speech_actors_01-24/Actor_12/03-01-07-02-01-02-12.wav,03-01-07-02-01-02-12.wav,RAVDESS,12,03,01,07,disgust,disgust,Negative,02,01,02,True,train
/Users/clarayousif/Sheridan/Third/ai-ml-capstone/ml-services/data/raw/ravdess/audio_speech_actors_01-24/Actor_12/03-01-07-02-02-01-12.wav,03-01-07-02-02-01-12.wav,RAVDESS,12,03,01,07,disgust,disgust,Negative,02,02,01,True,train
/Users/clarayousif/Sheridan/Third/ai-ml-capstone/ml-services/data/raw/ravdess/audio_speech_actors_01-24/Actor_12/03-01-07-02-02-02-12.wav,03-01-07-02-02-02-12.wav,RAVDESS,12,03,01,07,disgust,disgust,Negative,02,02,02,True,train
/Users/clarayousif/Sheridan/Third/ai-ml-capstone/ml-services/data/raw/ravdess/audio_speech_actors_01-24/Actor_12/03-01-06-01-01-01-12.wav,03-01-06-01-01-01-12.wav,RAVDESS,12,03,01,06,fearful,fear,Negative,01,01,01,True,train
/Users/clarayousif/Sheridan/Third/ai-ml-capstone/ml-services/data/raw/ravdess/audio_speech_actors_01-24/Actor_12/03-01-06-01-01-02-12.wav,03-01-06-01-01-02-12.wav,RAVDESS,12,03,01,06,fearful,fear,Negative,01,01,02,True,train
/Users/clarayousif/Sheridan/Third/ai-ml-capstone/ml-services/data/raw/ravdess/audio_speech_actors_01-24/Actor_12/03-01-06-01-02-01-12.wav,03-01-06-01-02-01-12.wav,RAVDESS,12,03,01,06,fearful,fear,Negative,01,02,01,True,train
/Users/clarayousif/Sheridan/Third/ai-ml-capstone/ml-services/data/raw/ravdess/audio_speech_actors_01-24/Actor_12/03-01-06-01-02-02-12.wav,03-01-06-01-02-02-12.wav,RAVDESS,12,03,01,06,fearful,fear,Negative,01,02,02,True,train
/Users/clarayousif/Sheridan/Third/ai-ml-capstone/ml-services/data/raw/ravdess/audio_speech_actors_01-24/Actor_12/03-01-06-02-01-01-12.wav,03-01-06-02-01-01-12.wav,RAVDESS,12,03,01,06,fearful,fear,Negative,02,01,01,True,train
/Users/clarayousif/Sheridan/Third/ai-ml-capstone/ml-services/data/raw/ravdess/audio_speech_actors_01-24/Actor_12/03-01-06-02-01-02-12.wav,03-01-06-02-01-02-12.wav,RAVDESS,12,03,01,06,fearful,fear,Negative,02,01,02,True,train
/Users/clarayousif/Sheridan/Third/ai-ml-capstone/ml-services/data/raw/ravdess/audio_speech_actors_01-24/Actor_12/03-01-06-02-02-01-12.wav,03-01-06-02-02-01-12.wav,RAVDESS,12,03,01,06,fearful,fear,Negative,02,02,01,True,train
/Users/clarayousif/Sheridan/Third/ai-ml-capstone/ml-services/data/raw/ravdess/audio_speech_actors_01-24/Actor_12/03-01-06-02-02-02-12.wav,03-01-06-02-02-02-12.wav,RAVDESS,12,03,01,06,fearful,fear,Negative,02,02,02,True,train
/Users/clarayousif/Sheridan/Third/ai-ml-capstone/ml-services/data/raw/ravdess/audio_speech_actors_01-24/Actor_12/03-01-03-01-01-01-12.wav,03-01-03-01-01-01-12.wav,RAVDESS,12,03,01,03,happy,happy,Positive,01,01,01,False,train
/Users/clarayousif/Sheridan/Third/ai-ml-capstone/ml-services/data/raw/ravdess/audio_speech_actors_01-24/Actor_12/03-01-03-01-01-02-12.wav,03-01-03-01-01-02-12.wav,RAVDESS,12,03,01,03,happy,happy,Positive,01,01,02,False,train
/Users/clarayousif/Sheridan/Third/ai-ml-capstone/ml-services/data/raw/ravdess/audio_speech_actors_01-24/Actor_12/03-01-03-01-02-01-12.wav,03-01-03-01-02-01-12.wav,RAVDESS,12,03,01,03,happy,happy,Positive,01,02,01,False,train
/Users/clarayousif/Sheridan/Third/ai-ml-capstone/ml-services/data/raw/ravdess/audio_speech_actors_01-24/Actor_12/03-01-03-01-02-02-12.wav,03-01-03-01-02-02-12.wav,RAVDESS,12,03,01,03,happy,happy,Positive,01,02,02,False,train
/Users/clarayousif/Sheridan/Third/ai-ml-capstone/ml-services/data/raw/ravdess/audio_speech_actors_01-24/Actor_12/03-01-03-02-01-01-12.wav,03-01-03-02-01-01-12.wav,RAVDESS,12,03,01,03,happy,happy,Positive,02,01,01,False,train
/Users/clarayousif/Sheridan/Third/ai-ml-capstone/ml-services/data/raw/ravdess/audio_speech_actors_01-24/Actor_12/03-01-03-02-01-02-12.wav,03-01-03-02-01-02-12.wav,RAVDESS,12,03,01,03,happy,happy,Positive,02,01,02,False,train
/Users/clarayousif/Sheridan/Third/ai-ml-capstone/ml-services/data/raw/ravdess/audio_speech_actors_01-24/Actor_12/03-01-03-02-02-01-12.wav,03-01-03-02-02-01-12.wav,RAVDESS,12,03,01,03,happy,happy,Positive,02,02,01,False,train
/Users/clarayousif/Sheridan/Third/ai-ml-capstone/ml-services/data/raw/ravdess/audio_speech_actors_01-24/Actor_12/03-01-03-02-02-02-12.wav,03-01-03-02-02-02-12.wav,RAVDESS,12,03,01,03,happy,happy,Positive,02,02,02,False,train
/Users/clarayousif/Sheridan/Third/ai-ml-capstone/ml-services/data/raw/ravdess/audio_speech_actors_01-24/Actor_12/03-01-01-01-01-01-12.wav,03-01-01-01-01-01-12.wav,RAVDESS,12,03,01,01,neutral,neutral,Neutral,01,01,01,False,train
/Users/clarayousif/Sheridan/Third/ai-ml-capstone/ml-services/data/raw/ravdess/audio_speech_actors_01-24/Actor_12/03-01-01-01-01-02-12.wav,03-01-01-01-01-02-12.wav,RAVDESS,12,03,01,01,neutral,neutral,Neutral,01,01,02,False,train
/Users/clarayousif/Sheridan/Third/ai-ml-capstone/ml-services/data/raw/ravdess/audio_speech_actors_01-24/Actor_12/03-01-01-01-02-01-12.wav,03-01-01-01-02-01-12.wav,RAVDESS,12,03,01,01,neutral,neutral,Neutral,01,02,01,False,train
/Users/clarayousif/Sheridan/Third/ai-ml-capstone/ml-services/data/raw/ravdess/audio_speech_actors_01-24/Actor_12/03-01-01-01-02-02-12.wav,03-01-01-01-02-02-12.wav,RAVDESS,12,03,01,01,neutral,neutral,Neutral,01,02,02,False,train
/Users/clarayousif/Sheridan/Third/ai-ml-capstone/ml-services/data/raw/ravdess/audio_speech_actors_01-24/Actor_12/03-01-02-01-01-01-12.wav,03-01-02-01-01-01-12.wav,RAVDESS,12,03,01,02,calm,neutral,Neutral,01,01,01,False,train
/Users/clarayousif/Sheridan/Third/ai-ml-capstone/ml-services/data/raw/ravdess/audio_speech_actors_01-24/Actor_12/03-01-02-01-01-02-12.wav,03-01-02-01-01-02-12.wav,RAVDESS,12,03,01,02,calm,neutral,Neutral,01,01,02,False,train
/Users/clarayousif/Sheridan/Third/ai-ml-capstone/ml-services/data/raw/ravdess/audio_speech_actors_01-24/Actor_12/03-01-02-01-02-01-12.wav,03-01-02-01-02-01-12.wav,RAVDESS,12,03,01,02,calm,neutral,Neutral,01,02,01,False,train
/Users/clarayousif/Sheridan/Third/ai-ml-capstone/ml-services/data/raw/ravdess/audio_speech_actors_01-24/Actor_12/03-01-02-01-02-02-12.wav,03-01-02-01-02-02-12.wav,RAVDESS,12,03,01,02,calm,neutral,Neutral,01,02,02,False,train
/Users/clarayousif/Sheridan/Third/ai-ml-capstone/ml-services/data/raw/ravdess/audio_speech_actors_01-24/Actor_12/03-01-02-02-01-01-12.wav,03-01-02-02-01-01-12.wav,RAVDESS,12,03,01,02,calm,neutral,Neutral,02,01,01,False,train
/Users/clarayousif/Sheridan/Third/ai-ml-capstone/ml-services/data/raw/ravdess/audio_speech_actors_01-24/Actor_12/03-01-02-02-01-02-12.wav,03-01-02-02-01-02-12.wav,RAVDESS,12,03,01,02,calm,neutral,Neutral,02,01,02,False,train
/Users/clarayousif/Sheridan/Third/ai-ml-capstone/ml-services/data/raw/ravdess/audio_speech_actors_01-24/Actor_12/03-01-02-02-02-01-12.wav,03-01-02-02-02-01-12.wav,RAVDESS,12,03,01,02,calm,neutral,Neutral,02,02,01,False,train
/Users/clarayousif/Sheridan/Third/ai-ml-capstone/ml-services/data/raw/ravdess/audio_speech_actors_01-24/Actor_12/03-01-02-02-02-02-12.wav,03-01-02-02-02-02-12.wav,RAVDESS,12,03,01,02,calm,neutral,Neutral,02,02,02,False,train
/Users/clarayousif/Sheridan/Third/ai-ml-capstone/ml-services/data/raw/ravdess/audio_speech_actors_01-24/Actor_12/03-01-04-01-01-01-12.wav,03-01-04-01-01-01-12.wav,RAVDESS,12,03,01,04,sad,sadness,Negative,01,01,01,True,train
/Users/clarayousif/Sheridan/Third/ai-ml-capstone/ml-services/data/raw/ravdess/audio_speech_actors_01-24/Actor_12/03-01-04-01-01-02-12.wav,03-01-04-01-01-02-12.wav,RAVDESS,12,03,01,04,sad,sadness,Negative,01,01,02,True,train
/Users/clarayousif/Sheridan/Third/ai-ml-capstone/ml-services/data/raw/ravdess/audio_speech_actors_01-24/Actor_12/03-01-04-01-02-01-12.wav,03-01-04-01-02-01-12.wav,RAVDESS,12,03,01,04,sad,sadness,Negative,01,02,01,True,train
/Users/clarayousif/Sheridan/Third/ai-ml-capstone/ml-services/data/raw/ravdess/audio_speech_actors_01-24/Actor_12/03-01-04-01-02-02-12.wav,03-01-04-01-02-02-12.wav,RAVDESS,12,03,01,04,sad,sadness,Negative,01,02,02,True,train
/Users/clarayousif/Sheridan/Third/ai-ml-capstone/ml-services/data/raw/ravdess/audio_speech_actors_01-24/Actor_12/03-01-04-02-01-01-12.wav,03-01-04-02-01-01-12.wav,RAVDESS,12,03,01,04,sad,sadness,Negative,02,01,01,True,train
/Users/clarayousif/Sheridan/Third/ai-ml-capstone/ml-services/data/raw/ravdess/audio_speech_actors_01-24/Actor_12/03-01-04-02-01-02-12.wav,03-01-04-02-01-02-12.wav,RAVDESS,12,03,01,04,sad,sadness,Negative,02,01,02,True,train
/Users/clarayousif/Sheridan/Third/ai-ml-capstone/ml-services/data/raw/ravdess/audio_speech_actors_01-24/Actor_12/03-01-04-02-02-01-12.wav,03-01-04-02-02-01-12.wav,RAVDESS,12,03,01,04,sad,sadness,Negative,02,02,01,True,train
/Users/clarayousif/Sheridan/Third/ai-ml-capstone/ml-services/data/raw/ravdess/audio_speech_actors_01-24/Actor_12/03-01-04-02-02-02-12.wav,03-01-04-02-02-02-12.wav,RAVDESS,12,03,01,04,sad,sadness,Negative,02,02,02,True,train
/Users/clarayousif/Sheridan/Third/ai-ml-capstone/ml-services/data/raw/ravdess/audio_speech_actors_01-24/Actor_13/03-01-05-01-01-01-13.wav,03-01-05-01-01-01-13.wav,RAVDESS,13,03,01,05,angry,anger,Negative,01,01,01,True,train
/Users/clarayousif/Sheridan/Third/ai-ml-capstone/ml-services/data/raw/ravdess/audio_speech_actors_01-24/Actor_13/03-01-05-01-01-02-13.wav,03-01-05-01-01-02-13.wav,RAVDESS,13,03,01,05,angry,anger,Negative,01,01,02,True,train
/Users/clarayousif/Sheridan/Third/ai-ml-capstone/ml-services/data/raw/ravdess/audio_speech_actors_01-24/Actor_13/03-01-05-01-02-01-13.wav,03-01-05-01-02-01-13.wav,RAVDESS,13,03,01,05,angry,anger,Negative,01,02,01,True,train
/Users/clarayousif/Sheridan/Third/ai-ml-capstone/ml-services/data/raw/ravdess/audio_speech_actors_01-24/Actor_13/03-01-05-01-02-02-13.wav,03-01-05-01-02-02-13.wav,RAVDESS,13,03,01,05,angry,anger,Negative,01,02,02,True,train
/Users/clarayousif/Sheridan/Third/ai-ml-capstone/ml-services/data/raw/ravdess/audio_speech_actors_01-24/Actor_13/03-01-05-02-01-01-13.wav,03-01-05-02-01-01-13.wav,RAVDESS,13,03,01,05,angry,anger,Negative,02,01,01,True,train
/Users/clarayousif/Sheridan/Third/ai-ml-capstone/ml-services/data/raw/ravdess/audio_speech_actors_01-24/Actor_13/03-01-05-02-01-02-13.wav,03-01-05-02-01-02-13.wav,RAVDESS,13,03,01,05,angry,anger,Negative,02,01,02,True,train
/Users/clarayousif/Sheridan/Third/ai-ml-capstone/ml-services/data/raw/ravdess/audio_speech_actors_01-24/Actor_13/03-01-05-02-02-01-13.wav,03-01-05-02-02-01-13.wav,RAVDESS,13,03,01,05,angry,anger,Negative,02,02,01,True,train
/Users/clarayousif/Sheridan/Third/ai-ml-capstone/ml-services/data/raw/ravdess/audio_speech_actors_01-24/Actor_13/03-01-05-02-02-02-13.wav,03-01-05-02-02-02-13.wav,RAVDESS,13,03,01,05,angry,anger,Negative,02,02,02,True,train
/Users/clarayousif/Sheridan/Third/ai-ml-capstone/ml-services/data/raw/ravdess/audio_speech_actors_01-24/Actor_13/03-01-07-01-01-01-13.wav,03-01-07-01-01-01-13.wav,RAVDESS,13,03,01,07,disgust,disgust,Negative,01,01,01,True,train
/Users/clarayousif/Sheridan/Third/ai-ml-capstone/ml-services/data/raw/ravdess/audio_speech_actors_01-24/Actor_13/03-01-07-01-01-02-13.wav,03-01-07-01-01-02-13.wav,RAVDESS,13,03,01,07,disgust,disgust,Negative,01,01,02,True,train
/Users/clarayousif/Sheridan/Third/ai-ml-capstone/ml-services/data/raw/ravdess/audio_speech_actors_01-24/Actor_13/03-01-07-01-02-01-13.wav,03-01-07-01-02-01-13.wav,RAVDESS,13,03,01,07,disgust,disgust,Negative,01,02,01,True,train
/Users/clarayousif/Sheridan/Third/ai-ml-capstone/ml-services/data/raw/ravdess/audio_speech_actors_01-24/Actor_13/03-01-07-01-02-02-13.wav,03-01-07-01-02-02-13.wav,RAVDESS,13,03,01,07,disgust,disgust,Negative,01,02,02,True,train
/Users/clarayousif/Sheridan/Third/ai-ml-capstone/ml-services/data/raw/ravdess/audio_speech_actors_01-24/Actor_13/03-01-07-02-01-01-13.wav,03-01-07-02-01-01-13.wav,RAVDESS,13,03,01,07,disgust,disgust,Negative,02,01,01,True,train
/Users/clarayousif/Sheridan/Third/ai-ml-capstone/ml-services/data/raw/ravdess/audio_speech_actors_01-24/Actor_13/03-01-07-02-01-02-13.wav,03-01-07-02-01-02-13.wav,RAVDESS,13,03,01,07,disgust,disgust,Negative,02,01,02,True,train
/Users/clarayousif/Sheridan/Third/ai-ml-capstone/ml-services/data/raw/ravdess/audio_speech_actors_01-24/Actor_13/03-01-07-02-02-01-13.wav,03-01-07-02-02-01-13.wav,RAVDESS,13,03,01,07,disgust,disgust,Negative,02,02,01,True,train
/Users/clarayousif/Sheridan/Third/ai-ml-capstone/ml-services/data/raw/ravdess/audio_speech_actors_01-24/Actor_13/03-01-07-02-02-02-13.wav,03-01-07-02-02-02-13.wav,RAVDESS,13,03,01,07,disgust,disgust,Negative,02,02,02,True,train
/Users/clarayousif/Sheridan/Third/ai-ml-capstone/ml-services/data/raw/ravdess/audio_speech_actors_01-24/Actor_13/03-01-06-01-01-01-13.wav,03-01-06-01-01-01-13.wav,RAVDESS,13,03,01,06,fearful,fear,Negative,01,01,01,True,train
/Users/clarayousif/Sheridan/Third/ai-ml-capstone/ml-services/data/raw/ravdess/audio_speech_actors_01-24/Actor_13/03-01-06-01-01-02-13.wav,03-01-06-01-01-02-13.wav,RAVDESS,13,03,01,06,fearful,fear,Negative,01,01,02,True,train
/Users/clarayousif/Sheridan/Third/ai-ml-capstone/ml-services/data/raw/ravdess/audio_speech_actors_01-24/Actor_13/03-01-06-01-02-01-13.wav,03-01-06-01-02-01-13.wav,RAVDESS,13,03,01,06,fearful,fear,Negative,01,02,01,True,train
/Users/clarayousif/Sheridan/Third/ai-ml-capstone/ml-services/data/raw/ravdess/audio_speech_actors_01-24/Actor_13/03-01-06-01-02-02-13.wav,03-01-06-01-02-02-13.wav,RAVDESS,13,03,01,06,fearful,fear,Negative,01,02,02,True,train
/Users/clarayousif/Sheridan/Third/ai-ml-capstone/ml-services/data/raw/ravdess/audio_speech_actors_01-24/Actor_13/03-01-06-02-01-01-13.wav,03-01-06-02-01-01-13.wav,RAVDESS,13,03,01,06,fearful,fear,Negative,02,01,01,True,train
/Users/clarayousif/Sheridan/Third/ai-ml-capstone/ml-services/data/raw/ravdess/audio_speech_actors_01-24/Actor_13/03-01-06-02-01-02-13.wav,03-01-06-02-01-02-13.wav,RAVDESS,13,03,01,06,fearful,fear,Negative,02,01,02,True,train
/Users/clarayousif/Sheridan/Third/ai-ml-capstone/ml-services/data/raw/ravdess/audio_speech_actors_01-24/Actor_13/03-01-06-02-02-01-13.wav,03-01-06-02-02-01-13.wav,RAVDESS,13,03,01,06,fearful,fear,Negative,02,02,01,True,train
/Users/clarayousif/Sheridan/Third/ai-ml-capstone/ml-services/data/raw/ravdess/audio_speech_actors_01-24/Actor_13/03-01-06-02-02-02-13.wav,03-01-06-02-02-02-13.wav,RAVDESS,13,03,01,06,fearful,fear,Negative,02,02,02,True,train
/Users/clarayousif/Sheridan/Third/ai-ml-capstone/ml-services/data/raw/ravdess/audio_speech_actors_01-24/Actor_13/03-01-03-01-01-01-13.wav,03-01-03-01-01-01-13.wav,RAVDESS,13,03,01,03,happy,happy,Positive,01,01,01,False,train
/Users/clarayousif/Sheridan/Third/ai-ml-capstone/ml-services/data/raw/ravdess/audio_speech_actors_01-24/Actor_13/03-01-03-01-01-02-13.wav,03-01-03-01-01-02-13.wav,RAVDESS,13,03,01,03,happy,happy,Positive,01,01,02,False,train
/Users/clarayousif/Sheridan/Third/ai-ml-capstone/ml-services/data/raw/ravdess/audio_speech_actors_01-24/Actor_13/03-01-03-01-02-01-13.wav,03-01-03-01-02-01-13.wav,RAVDESS,13,03,01,03,happy,happy,Positive,01,02,01,False,train
/Users/clarayousif/Sheridan/Third/ai-ml-capstone/ml-services/data/raw/ravdess/audio_speech_actors_01-24/Actor_13/03-01-03-01-02-02-13.wav,03-01-03-01-02-02-13.wav,RAVDESS,13,03,01,03,happy,happy,Positive,01,02,02,False,train
/Users/clarayousif/Sheridan/Third/ai-ml-capstone/ml-services/data/raw/ravdess/audio_speech_actors_01-24/Actor_13/03-01-03-02-01-01-13.wav,03-01-03-02-01-01-13.wav,RAVDESS,13,03,01,03,happy,happy,Positive,02,01,01,False,train
/Users/clarayousif/Sheridan/Third/ai-ml-capstone/ml-services/data/raw/ravdess/audio_speech_actors_01-24/Actor_13/03-01-03-02-01-02-13.wav,03-01-03-02-01-02-13.wav,RAVDESS,13,03,01,03,happy,happy,Positive,02,01,02,False,train
/Users/clarayousif/Sheridan/Third/ai-ml-capstone/ml-services/data/raw/ravdess/audio_speech_actors_01-24/Actor_13/03-01-03-02-02-01-13.wav,03-01-03-02-02-01-13.wav,RAVDESS,13,03,01,03,happy,happy,Positive,02,02,01,False,train
/Users/clarayousif/Sheridan/Third/ai-ml-capstone/ml-services/data/raw/ravdess/audio_speech_actors_01-24/Actor_13/03-01-03-02-02-02-13.wav,03-01-03-02-02-02-13.wav,RAVDESS,13,03,01,03,happy,happy,Positive,02,02,02,False,train
/Users/clarayousif/Sheridan/Third/ai-ml-capstone/ml-services/data/raw/ravdess/audio_speech_actors_01-24/Actor_13/03-01-01-01-01-01-13.wav,03-01-01-01-01-01-13.wav,RAVDESS,13,03,01,01,neutral,neutral,Neutral,01,01,01,False,train
/Users/clarayousif/Sheridan/Third/ai-ml-capstone/ml-services/data/raw/ravdess/audio_speech_actors_01-24/Actor_13/03-01-01-01-01-02-13.wav,03-01-01-01-01-02-13.wav,RAVDESS,13,03,01,01,neutral,neutral,Neutral,01,01,02,False,train
/Users/clarayousif/Sheridan/Third/ai-ml-capstone/ml-services/data/raw/ravdess/audio_speech_actors_01-24/Actor_13/03-01-01-01-02-01-13.wav,03-01-01-01-02-01-13.wav,RAVDESS,13,03,01,01,neutral,neutral,Neutral,01,02,01,False,train
/Users/clarayousif/Sheridan/Third/ai-ml-capstone/ml-services/data/raw/ravdess/audio_speech_actors_01-24/Actor_13/03-01-01-01-02-02-13.wav,03-01-01-01-02-02-13.wav,RAVDESS,13,03,01,01,neutral,neutral,Neutral,01,02,02,False,train
/Users/clarayousif/Sheridan/Third/ai-ml-capstone/ml-services/data/raw/ravdess/audio_speech_actors_01-24/Actor_13/03-01-02-01-01-01-13.wav,03-01-02-01-01-01-13.wav,RAVDESS,13,03,01,02,calm,neutral,Neutral,01,01,01,False,train
/Users/clarayousif/Sheridan/Third/ai-ml-capstone/ml-services/data/raw/ravdess/audio_speech_actors_01-24/Actor_13/03-01-02-01-01-02-13.wav,03-01-02-01-01-02-13.wav,RAVDESS,13,03,01,02,calm,neutral,Neutral,01,01,02,False,train
/Users/clarayousif/Sheridan/Third/ai-ml-capstone/ml-services/data/raw/ravdess/audio_speech_actors_01-24/Actor_13/03-01-02-01-02-01-13.wav,03-01-02-01-02-01-13.wav,RAVDESS,13,03,01,02,calm,neutral,Neutral,01,02,01,False,train
/Users/clarayousif/Sheridan/Third/ai-ml-capstone/ml-services/data/raw/ravdess/audio_speech_actors_01-24/Actor_13/03-01-02-01-02-02-13.wav,03-01-02-01-02-02-13.wav,RAVDESS,13,03,01,02,calm,neutral,Neutral,01,02,02,False,train
/Users/clarayousif/Sheridan/Third/ai-ml-capstone/ml-services/data/raw/ravdess/audio_speech_actors_01-24/Actor_13/03-01-02-02-01-01-13.wav,03-01-02-02-01-01-13.wav,RAVDESS,13,03,01,02,calm,neutral,Neutral,02,01,01,False,train
/Users/clarayousif/Sheridan/Third/ai-ml-capstone/ml-services/data/raw/ravdess/audio_speech_actors_01-24/Actor_13/03-01-02-02-01-02-13.wav,03-01-02-02-01-02-13.wav,RAVDESS,13,03,01,02,calm,neutral,Neutral,02,01,02,False,train
/Users/clarayousif/Sheridan/Third/ai-ml-capstone/ml-services/data/raw/ravdess/audio_speech_actors_01-24/Actor_13/03-01-02-02-02-01-13.wav,03-01-02-02-02-01-13.wav,RAVDESS,13,03,01,02,calm,neutral,Neutral,02,02,01,False,train
/Users/clarayousif/Sheridan/Third/ai-ml-capstone/ml-services/data/raw/ravdess/audio_speech_actors_01-24/Actor_13/03-01-02-02-02-02-13.wav,03-01-02-02-02-02-13.wav,RAVDESS,13,03,01,02,calm,neutral,Neutral,02,02,02,False,train
/Users/clarayousif/Sheridan/Third/ai-ml-capstone/ml-services/data/raw/ravdess/audio_speech_actors_01-24/Actor_13/03-01-04-01-01-01-13.wav,03-01-04-01-01-01-13.wav,RAVDESS,13,03,01,04,sad,sadness,Negative,01,01,01,True,train
/Users/clarayousif/Sheridan/Third/ai-ml-capstone/ml-services/data/raw/ravdess/audio_speech_actors_01-24/Actor_13/03-01-04-01-01-02-13.wav,03-01-04-01-01-02-13.wav,RAVDESS,13,03,01,04,sad,sadness,Negative,01,01,02,True,train
/Users/clarayousif/Sheridan/Third/ai-ml-capstone/ml-services/data/raw/ravdess/audio_speech_actors_01-24/Actor_13/03-01-04-01-02-01-13.wav,03-01-04-01-02-01-13.wav,RAVDESS,13,03,01,04,sad,sadness,Negative,01,02,01,True,train
/Users/clarayousif/Sheridan/Third/ai-ml-capstone/ml-services/data/raw/ravdess/audio_speech_actors_01-24/Actor_13/03-01-04-01-02-02-13.wav,03-01-04-01-02-02-13.wav,RAVDESS,13,03,01,04,sad,sadness,Negative,01,02,02,True,train
/Users/clarayousif/Sheridan/Third/ai-ml-capstone/ml-services/data/raw/ravdess/audio_speech_actors_01-24/Actor_13/03-01-04-02-01-01-13.wav,03-01-04-02-01-01-13.wav,RAVDESS,13,03,01,04,sad,sadness,Negative,02,01,01,True,train
/Users/clarayousif/Sheridan/Third/ai-ml-capstone/ml-services/data/raw/ravdess/audio_speech_actors_01-24/Actor_13/03-01-04-02-01-02-13.wav,03-01-04-02-01-02-13.wav,RAVDESS,13,03,01,04,sad,sadness,Negative,02,01,02,True,train
/Users/clarayousif/Sheridan/Third/ai-ml-capstone/ml-services/data/raw/ravdess/audio_speech_actors_01-24/Actor_13/03-01-04-02-02-01-13.wav,03-01-04-02-02-01-13.wav,RAVDESS,13,03,01,04,sad,sadness,Negative,02,02,01,True,train
/Users/clarayousif/Sheridan/Third/ai-ml-capstone/ml-services/data/raw/ravdess/audio_speech_actors_01-24/Actor_13/03-01-04-02-02-02-13.wav,03-01-04-02-02-02-13.wav,RAVDESS,13,03,01,04,sad,sadness,Negative,02,02,02,True,train
/Users/clarayousif/Sheridan/Third/ai-ml-capstone/ml-services/data/raw/ravdess/audio_speech_actors_01-24/Actor_14/03-01-05-01-01-01-14.wav,03-01-05-01-01-01-14.wav,RAVDESS,14,03,01,05,angry,anger,Negative,01,01,01,True,train
/Users/clarayousif/Sheridan/Third/ai-ml-capstone/ml-services/data/raw/ravdess/audio_speech_actors_01-24/Actor_14/03-01-05-01-01-02-14.wav,03-01-05-01-01-02-14.wav,RAVDESS,14,03,01,05,angry,anger,Negative,01,01,02,True,train
/Users/clarayousif/Sheridan/Third/ai-ml-capstone/ml-services/data/raw/ravdess/audio_speech_actors_01-24/Actor_14/03-01-05-01-02-01-14.wav,03-01-05-01-02-01-14.wav,RAVDESS,14,03,01,05,angry,anger,Negative,01,02,01,True,train
/Users/clarayousif/Sheridan/Third/ai-ml-capstone/ml-services/data/raw/ravdess/audio_speech_actors_01-24/Actor_14/03-01-05-01-02-02-14.wav,03-01-05-01-02-02-14.wav,RAVDESS,14,03,01,05,angry,anger,Negative,01,02,02,True,train
/Users/clarayousif/Sheridan/Third/ai-ml-capstone/ml-services/data/raw/ravdess/audio_speech_actors_01-24/Actor_14/03-01-05-02-01-01-14.wav,03-01-05-02-01-01-14.wav,RAVDESS,14,03,01,05,angry,anger,Negative,02,01,01,True,train
/Users/clarayousif/Sheridan/Third/ai-ml-capstone/ml-services/data/raw/ravdess/audio_speech_actors_01-24/Actor_14/03-01-05-02-01-02-14.wav,03-01-05-02-01-02-14.wav,RAVDESS,14,03,01,05,angry,anger,Negative,02,01,02,True,train
/Users/clarayousif/Sheridan/Third/ai-ml-capstone/ml-services/data/raw/ravdess/audio_speech_actors_01-24/Actor_14/03-01-05-02-02-01-14.wav,03-01-05-02-02-01-14.wav,RAVDESS,14,03,01,05,angry,anger,Negative,02,02,01,True,train
/Users/clarayousif/Sheridan/Third/ai-ml-capstone/ml-services/data/raw/ravdess/audio_speech_actors_01-24/Actor_14/03-01-05-02-02-02-14.wav,03-01-05-02-02-02-14.wav,RAVDESS,14,03,01,05,angry,anger,Negative,02,02,02,True,train
/Users/clarayousif/Sheridan/Third/ai-ml-capstone/ml-services/data/raw/ravdess/audio_speech_actors_01-24/Actor_14/03-01-07-01-01-01-14.wav,03-01-07-01-01-01-14.wav,RAVDESS,14,03,01,07,disgust,disgust,Negative,01,01,01,True,train
/Users/clarayousif/Sheridan/Third/ai-ml-capstone/ml-services/data/raw/ravdess/audio_speech_actors_01-24/Actor_14/03-01-07-01-01-02-14.wav,03-01-07-01-01-02-14.wav,RAVDESS,14,03,01,07,disgust,disgust,Negative,01,01,02,True,train
/Users/clarayousif/Sheridan/Third/ai-ml-capstone/ml-services/data/raw/ravdess/audio_speech_actors_01-24/Actor_14/03-01-07-01-02-01-14.wav,03-01-07-01-02-01-14.wav,RAVDESS,14,03,01,07,disgust,disgust,Negative,01,02,01,True,train
/Users/clarayousif/Sheridan/Third/ai-ml-capstone/ml-services/data/raw/ravdess/audio_speech_actors_01-24/Actor_14/03-01-07-01-02-02-14.wav,03-01-07-01-02-02-14.wav,RAVDESS,14,03,01,07,disgust,disgust,Negative,01,02,02,True,train
/Users/clarayousif/Sheridan/Third/ai-ml-capstone/ml-services/data/raw/ravdess/audio_speech_actors_01-24/Actor_14/03-01-07-02-01-01-14.wav,03-01-07-02-01-01-14.wav,RAVDESS,14,03,01,07,disgust,disgust,Negative,02,01,01,True,train
/Users/clarayousif/Sheridan/Third/ai-ml-capstone/ml-services/data/raw/ravdess/audio_speech_actors_01-24/Actor_14/03-01-07-02-01-02-14.wav,03-01-07-02-01-02-14.wav,RAVDESS,14,03,01,07,disgust,disgust,Negative,02,01,02,True,train
/Users/clarayousif/Sheridan/Third/ai-ml-capstone/ml-services/data/raw/ravdess/audio_speech_actors_01-24/Actor_14/03-01-07-02-02-01-14.wav,03-01-07-02-02-01-14.wav,RAVDESS,14,03,01,07,disgust,disgust,Negative,02,02,01,True,train
/Users/clarayousif/Sheridan/Third/ai-ml-capstone/ml-services/data/raw/ravdess/audio_speech_actors_01-24/Actor_14/03-01-07-02-02-02-14.wav,03-01-07-02-02-02-14.wav,RAVDESS,14,03,01,07,disgust,disgust,Negative,02,02,02,True,train
/Users/clarayousif/Sheridan/Third/ai-ml-capstone/ml-services/data/raw/ravdess/audio_speech_actors_01-24/Actor_14/03-01-06-01-01-01-14.wav,03-01-06-01-01-01-14.wav,RAVDESS,14,03,01,06,fearful,fear,Negative,01,01,01,True,train
/Users/clarayousif/Sheridan/Third/ai-ml-capstone/ml-services/data/raw/ravdess/audio_speech_actors_01-24/Actor_14/03-01-06-01-01-02-14.wav,03-01-06-01-01-02-14.wav,RAVDESS,14,03,01,06,fearful,fear,Negative,01,01,02,True,train
/Users/clarayousif/Sheridan/Third/ai-ml-capstone/ml-services/data/raw/ravdess/audio_speech_actors_01-24/Actor_14/03-01-06-01-02-01-14.wav,03-01-06-01-02-01-14.wav,RAVDESS,14,03,01,06,fearful,fear,Negative,01,02,01,True,train
/Users/clarayousif/Sheridan/Third/ai-ml-capstone/ml-services/data/raw/ravdess/audio_speech_actors_01-24/Actor_14/03-01-06-01-02-02-14.wav,03-01-06-01-02-02-14.wav,RAVDESS,14,03,01,06,fearful,fear,Negative,01,02,02,True,train
/Users/clarayousif/Sheridan/Third/ai-ml-capstone/ml-services/data/raw/ravdess/audio_speech_actors_01-24/Actor_14/03-01-06-02-01-01-14.wav,03-01-06-02-01-01-14.wav,RAVDESS,14,03,01,06,fearful,fear,Negative,02,01,01,True,train
/Users/clarayousif/Sheridan/Third/ai-ml-capstone/ml-services/data/raw/ravdess/audio_speech_actors_01-24/Actor_14/03-01-06-02-01-02-14.wav,03-01-06-02-01-02-14.wav,RAVDESS,14,03,01,06,fearful,fear,Negative,02,01,02,True,train
/Users/clarayousif/Sheridan/Third/ai-ml-capstone/ml-services/data/raw/ravdess/audio_speech_actors_01-24/Actor_14/03-01-06-02-02-01-14.wav,03-01-06-02-02-01-14.wav,RAVDESS,14,03,01,06,fearful,fear,Negative,02,02,01,True,train
/Users/clarayousif/Sheridan/Third/ai-ml-capstone/ml-services/data/raw/ravdess/audio_speech_actors_01-24/Actor_14/03-01-06-02-02-02-14.wav,03-01-06-02-02-02-14.wav,RAVDESS,14,03,01,06,fearful,fear,Negative,02,02,02,True,train
/Users/clarayousif/Sheridan/Third/ai-ml-capstone/ml-services/data/raw/ravdess/audio_speech_actors_01-24/Actor_14/03-01-03-01-01-01-14.wav,03-01-03-01-01-01-14.wav,RAVDESS,14,03,01,03,happy,happy,Positive,01,01,01,False,train
/Users/clarayousif/Sheridan/Third/ai-ml-capstone/ml-services/data/raw/ravdess/audio_speech_actors_01-24/Actor_14/03-01-03-01-01-02-14.wav,03-01-03-01-01-02-14.wav,RAVDESS,14,03,01,03,happy,happy,Positive,01,01,02,False,train
/Users/clarayousif/Sheridan/Third/ai-ml-capstone/ml-services/data/raw/ravdess/audio_speech_actors_01-24/Actor_14/03-01-03-01-02-01-14.wav,03-01-03-01-02-01-14.wav,RAVDESS,14,03,01,03,happy,happy,Positive,01,02,01,False,train
/Users/clarayousif/Sheridan/Third/ai-ml-capstone/ml-services/data/raw/ravdess/audio_speech_actors_01-24/Actor_14/03-01-03-01-02-02-14.wav,03-01-03-01-02-02-14.wav,RAVDESS,14,03,01,03,happy,happy,Positive,01,02,02,False,train
/Users/clarayousif/Sheridan/Third/ai-ml-capstone/ml-services/data/raw/ravdess/audio_speech_actors_01-24/Actor_14/03-01-03-02-01-01-14.wav,03-01-03-02-01-01-14.wav,RAVDESS,14,03,01,03,happy,happy,Positive,02,01,01,False,train
/Users/clarayousif/Sheridan/Third/ai-ml-capstone/ml-services/data/raw/ravdess/audio_speech_actors_01-24/Actor_14/03-01-03-02-01-02-14.wav,03-01-03-02-01-02-14.wav,RAVDESS,14,03,01,03,happy,happy,Positive,02,01,02,False,train
/Users/clarayousif/Sheridan/Third/ai-ml-capstone/ml-services/data/raw/ravdess/audio_speech_actors_01-24/Actor_14/03-01-03-02-02-01-14.wav,03-01-03-02-02-01-14.wav,RAVDESS,14,03,01,03,happy,happy,Positive,02,02,01,False,train
/Users/clarayousif/Sheridan/Third/ai-ml-capstone/ml-services/data/raw/ravdess/audio_speech_actors_01-24/Actor_14/03-01-03-02-02-02-14.wav,03-01-03-02-02-02-14.wav,RAVDESS,14,03,01,03,happy,happy,Positive,02,02,02,False,train
/Users/clarayousif/Sheridan/Third/ai-ml-capstone/ml-services/data/raw/ravdess/audio_speech_actors_01-24/Actor_14/03-01-01-01-01-01-14.wav,03-01-01-01-01-01-14.wav,RAVDESS,14,03,01,01,neutral,neutral,Neutral,01,01,01,False,train
/Users/clarayousif/Sheridan/Third/ai-ml-capstone/ml-services/data/raw/ravdess/audio_speech_actors_01-24/Actor_14/03-01-01-01-01-02-14.wav,03-01-01-01-01-02-14.wav,RAVDESS,14,03,01,01,neutral,neutral,Neutral,01,01,02,False,train
/Users/clarayousif/Sheridan/Third/ai-ml-capstone/ml-services/data/raw/ravdess/audio_speech_actors_01-24/Actor_14/03-01-01-01-02-01-14.wav,03-01-01-01-02-01-14.wav,RAVDESS,14,03,01,01,neutral,neutral,Neutral,01,02,01,False,train
/Users/clarayousif/Sheridan/Third/ai-ml-capstone/ml-services/data/raw/ravdess/audio_speech_actors_01-24/Actor_14/03-01-01-01-02-02-14.wav,03-01-01-01-02-02-14.wav,RAVDESS,14,03,01,01,neutral,neutral,Neutral,01,02,02,False,train
/Users/clarayousif/Sheridan/Third/ai-ml-capstone/ml-services/data/raw/ravdess/audio_speech_actors_01-24/Actor_14/03-01-02-01-01-01-14.wav,03-01-02-01-01-01-14.wav,RAVDESS,14,03,01,02,calm,neutral,Neutral,01,01,01,False,train
/Users/clarayousif/Sheridan/Third/ai-ml-capstone/ml-services/data/raw/ravdess/audio_speech_actors_01-24/Actor_14/03-01-02-01-01-02-14.wav,03-01-02-01-01-02-14.wav,RAVDESS,14,03,01,02,calm,neutral,Neutral,01,01,02,False,train
/Users/clarayousif/Sheridan/Third/ai-ml-capstone/ml-services/data/raw/ravdess/audio_speech_actors_01-24/Actor_14/03-01-02-01-02-01-14.wav,03-01-02-01-02-01-14.wav,RAVDESS,14,03,01,02,calm,neutral,Neutral,01,02,01,False,train
/Users/clarayousif/Sheridan/Third/ai-ml-capstone/ml-services/data/raw/ravdess/audio_speech_actors_01-24/Actor_14/03-01-02-01-02-02-14.wav,03-01-02-01-02-02-14.wav,RAVDESS,14,03,01,02,calm,neutral,Neutral,01,02,02,False,train
/Users/clarayousif/Sheridan/Third/ai-ml-capstone/ml-services/data/raw/ravdess/audio_speech_actors_01-24/Actor_14/03-01-02-02-01-01-14.wav,03-01-02-02-01-01-14.wav,RAVDESS,14,03,01,02,calm,neutral,Neutral,02,01,01,False,train
/Users/clarayousif/Sheridan/Third/ai-ml-capstone/ml-services/data/raw/ravdess/audio_speech_actors_01-24/Actor_14/03-01-02-02-01-02-14.wav,03-01-02-02-01-02-14.wav,RAVDESS,14,03,01,02,calm,neutral,Neutral,02,01,02,False,train
/Users/clarayousif/Sheridan/Third/ai-ml-capstone/ml-services/data/raw/ravdess/audio_speech_actors_01-24/Actor_14/03-01-02-02-02-01-14.wav,03-01-02-02-02-01-14.wav,RAVDESS,14,03,01,02,calm,neutral,Neutral,02,02,01,False,train
/Users/clarayousif/Sheridan/Third/ai-ml-capstone/ml-services/data/raw/ravdess/audio_speech_actors_01-24/Actor_14/03-01-02-02-02-02-14.wav,03-01-02-02-02-02-14.wav,RAVDESS,14,03,01,02,calm,neutral,Neutral,02,02,02,False,train
/Users/clarayousif/Sheridan/Third/ai-ml-capstone/ml-services/data/raw/ravdess/audio_speech_actors_01-24/Actor_14/03-01-04-01-01-01-14.wav,03-01-04-01-01-01-14.wav,RAVDESS,14,03,01,04,sad,sadness,Negative,01,01,01,True,train
/Users/clarayousif/Sheridan/Third/ai-ml-capstone/ml-services/data/raw/ravdess/audio_speech_actors_01-24/Actor_14/03-01-04-01-01-02-14.wav,03-01-04-01-01-02-14.wav,RAVDESS,14,03,01,04,sad,sadness,Negative,01,01,02,True,train
/Users/clarayousif/Sheridan/Third/ai-ml-capstone/ml-services/data/raw/ravdess/audio_speech_actors_01-24/Actor_14/03-01-04-01-02-01-14.wav,03-01-04-01-02-01-14.wav,RAVDESS,14,03,01,04,sad,sadness,Negative,01,02,01,True,train
/Users/clarayousif/Sheridan/Third/ai-ml-capstone/ml-services/data/raw/ravdess/audio_speech_actors_01-24/Actor_14/03-01-04-01-02-02-14.wav,03-01-04-01-02-02-14.wav,RAVDESS,14,03,01,04,sad,sadness,Negative,01,02,02,True,train
/Users/clarayousif/Sheridan/Third/ai-ml-capstone/ml-services/data/raw/ravdess/audio_speech_actors_01-24/Actor_14/03-01-04-02-01-01-14.wav,03-01-04-02-01-01-14.wav,RAVDESS,14,03,01,04,sad,sadness,Negative,02,01,01,True,train
/Users/clarayousif/Sheridan/Third/ai-ml-capstone/ml-services/data/raw/ravdess/audio_speech_actors_01-24/Actor_14/03-01-04-02-01-02-14.wav,03-01-04-02-01-02-14.wav,RAVDESS,14,03,01,04,sad,sadness,Negative,02,01,02,True,train
/Users/clarayousif/Sheridan/Third/ai-ml-capstone/ml-services/data/raw/ravdess/audio_speech_actors_01-24/Actor_14/03-01-04-02-02-01-14.wav,03-01-04-02-02-01-14.wav,RAVDESS,14,03,01,04,sad,sadness,Negative,02,02,01,True,train
/Users/clarayousif/Sheridan/Third/ai-ml-capstone/ml-services/data/raw/ravdess/audio_speech_actors_01-24/Actor_14/03-01-04-02-02-02-14.wav,03-01-04-02-02-02-14.wav,RAVDESS,14,03,01,04,sad,sadness,Negative,02,02,02,True,train
/Users/clarayousif/Sheridan/Third/ai-ml-capstone/ml-services/data/raw/ravdess/audio_speech_actors_01-24/Actor_15/03-01-05-01-01-01-15.wav,03-01-05-01-01-01-15.wav,RAVDESS,15,03,01,05,angry,anger,Negative,01,01,01,True,train
/Users/clarayousif/Sheridan/Third/ai-ml-capstone/ml-services/data/raw/ravdess/audio_speech_actors_01-24/Actor_15/03-01-05-01-01-02-15.wav,03-01-05-01-01-02-15.wav,RAVDESS,15,03,01,05,angry,anger,Negative,01,01,02,True,train
/Users/clarayousif/Sheridan/Third/ai-ml-capstone/ml-services/data/raw/ravdess/audio_speech_actors_01-24/Actor_15/03-01-05-01-02-01-15.wav,03-01-05-01-02-01-15.wav,RAVDESS,15,03,01,05,angry,anger,Negative,01,02,01,True,train
/Users/clarayousif/Sheridan/Third/ai-ml-capstone/ml-services/data/raw/ravdess/audio_speech_actors_01-24/Actor_15/03-01-05-01-02-02-15.wav,03-01-05-01-02-02-15.wav,RAVDESS,15,03,01,05,angry,anger,Negative,01,02,02,True,train
/Users/clarayousif/Sheridan/Third/ai-ml-capstone/ml-services/data/raw/ravdess/audio_speech_actors_01-24/Actor_15/03-01-05-02-01-01-15.wav,03-01-05-02-01-01-15.wav,RAVDESS,15,03,01,05,angry,anger,Negative,02,01,01,True,train
/Users/clarayousif/Sheridan/Third/ai-ml-capstone/ml-services/data/raw/ravdess/audio_speech_actors_01-24/Actor_15/03-01-05-02-01-02-15.wav,03-01-05-02-01-02-15.wav,RAVDESS,15,03,01,05,angry,anger,Negative,02,01,02,True,train
/Users/clarayousif/Sheridan/Third/ai-ml-capstone/ml-services/data/raw/ravdess/audio_speech_actors_01-24/Actor_15/03-01-05-02-02-01-15.wav,03-01-05-02-02-01-15.wav,RAVDESS,15,03,01,05,angry,anger,Negative,02,02,01,True,train
/Users/clarayousif/Sheridan/Third/ai-ml-capstone/ml-services/data/raw/ravdess/audio_speech_actors_01-24/Actor_15/03-01-05-02-02-02-15.wav,03-01-05-02-02-02-15.wav,RAVDESS,15,03,01,05,angry,anger,Negative,02,02,02,True,train
/Users/clarayousif/Sheridan/Third/ai-ml-capstone/ml-services/data/raw/ravdess/audio_speech_actors_01-24/Actor_15/03-01-07-01-01-01-15.wav,03-01-07-01-01-01-15.wav,RAVDESS,15,03,01,07,disgust,disgust,Negative,01,01,01,True,train
/Users/clarayousif/Sheridan/Third/ai-ml-capstone/ml-services/data/raw/ravdess/audio_speech_actors_01-24/Actor_15/03-01-07-01-01-02-15.wav,03-01-07-01-01-02-15.wav,RAVDESS,15,03,01,07,disgust,disgust,Negative,01,01,02,True,train
/Users/clarayousif/Sheridan/Third/ai-ml-capstone/ml-services/data/raw/ravdess/audio_speech_actors_01-24/Actor_15/03-01-07-01-02-01-15.wav,03-01-07-01-02-01-15.wav,RAVDESS,15,03,01,07,disgust,disgust,Negative,01,02,01,True,train
/Users/clarayousif/Sheridan/Third/ai-ml-capstone/ml-services/data/raw/ravdess/audio_speech_actors_01-24/Actor_15/03-01-07-01-02-02-15.wav,03-01-07-01-02-02-15.wav,RAVDESS,15,03,01,07,disgust,disgust,Negative,01,02,02,True,train
/Users/clarayousif/Sheridan/Third/ai-ml-capstone/ml-services/data/raw/ravdess/audio_speech_actors_01-24/Actor_15/03-01-07-02-01-01-15.wav,03-01-07-02-01-01-15.wav,RAVDESS,15,03,01,07,disgust,disgust,Negative,02,01,01,True,train
/Users/clarayousif/Sheridan/Third/ai-ml-capstone/ml-services/data/raw/ravdess/audio_speech_actors_01-24/Actor_15/03-01-07-02-01-02-15.wav,03-01-07-02-01-02-15.wav,RAVDESS,15,03,01,07,disgust,disgust,Negative,02,01,02,True,train
/Users/clarayousif/Sheridan/Third/ai-ml-capstone/ml-services/data/raw/ravdess/audio_speech_actors_01-24/Actor_15/03-01-07-02-02-01-15.wav,03-01-07-02-02-01-15.wav,RAVDESS,15,03,01,07,disgust,disgust,Negative,02,02,01,True,train
/Users/clarayousif/Sheridan/Third/ai-ml-capstone/ml-services/data/raw/ravdess/audio_speech_actors_01-24/Actor_15/03-01-07-02-02-02-15.wav,03-01-07-02-02-02-15.wav,RAVDESS,15,03,01,07,disgust,disgust,Negative,02,02,02,True,train
/Users/clarayousif/Sheridan/Third/ai-ml-capstone/ml-services/data/raw/ravdess/audio_speech_actors_01-24/Actor_15/03-01-06-01-01-01-15.wav,03-01-06-01-01-01-15.wav,RAVDESS,15,03,01,06,fearful,fear,Negative,01,01,01,True,train
/Users/clarayousif/Sheridan/Third/ai-ml-capstone/ml-services/data/raw/ravdess/audio_speech_actors_01-24/Actor_15/03-01-06-01-01-02-15.wav,03-01-06-01-01-02-15.wav,RAVDESS,15,03,01,06,fearful,fear,Negative,01,01,02,True,train
/Users/clarayousif/Sheridan/Third/ai-ml-capstone/ml-services/data/raw/ravdess/audio_speech_actors_01-24/Actor_15/03-01-06-01-02-01-15.wav,03-01-06-01-02-01-15.wav,RAVDESS,15,03,01,06,fearful,fear,Negative,01,02,01,True,train
/Users/clarayousif/Sheridan/Third/ai-ml-capstone/ml-services/data/raw/ravdess/audio_speech_actors_01-24/Actor_15/03-01-06-01-02-02-15.wav,03-01-06-01-02-02-15.wav,RAVDESS,15,03,01,06,fearful,fear,Negative,01,02,02,True,train
/Users/clarayousif/Sheridan/Third/ai-ml-capstone/ml-services/data/raw/ravdess/audio_speech_actors_01-24/Actor_15/03-01-06-02-01-01-15.wav,03-01-06-02-01-01-15.wav,RAVDESS,15,03,01,06,fearful,fear,Negative,02,01,01,True,train
/Users/clarayousif/Sheridan/Third/ai-ml-capstone/ml-services/data/raw/ravdess/audio_speech_actors_01-24/Actor_15/03-01-06-02-01-02-15.wav,03-01-06-02-01-02-15.wav,RAVDESS,15,03,01,06,fearful,fear,Negative,02,01,02,True,train
/Users/clarayousif/Sheridan/Third/ai-ml-capstone/ml-services/data/raw/ravdess/audio_speech_actors_01-24/Actor_15/03-01-06-02-02-01-15.wav,03-01-06-02-02-01-15.wav,RAVDESS,15,03,01,06,fearful,fear,Negative,02,02,01,True,train
/Users/clarayousif/Sheridan/Third/ai-ml-capstone/ml-services/data/raw/ravdess/audio_speech_actors_01-24/Actor_15/03-01-06-02-02-02-15.wav,03-01-06-02-02-02-15.wav,RAVDESS,15,03,01,06,fearful,fear,Negative,02,02,02,True,train
/Users/clarayousif/Sheridan/Third/ai-ml-capstone/ml-services/data/raw/ravdess/audio_speech_actors_01-24/Actor_15/03-01-03-01-01-01-15.wav,03-01-03-01-01-01-15.wav,RAVDESS,15,03,01,03,happy,happy,Positive,01,01,01,False,train
/Users/clarayousif/Sheridan/Third/ai-ml-capstone/ml-services/data/raw/ravdess/audio_speech_actors_01-24/Actor_15/03-01-03-01-01-02-15.wav,03-01-03-01-01-02-15.wav,RAVDESS,15,03,01,03,happy,happy,Positive,01,01,02,False,train
/Users/clarayousif/Sheridan/Third/ai-ml-capstone/ml-services/data/raw/ravdess/audio_speech_actors_01-24/Actor_15/03-01-03-01-02-01-15.wav,03-01-03-01-02-01-15.wav,RAVDESS,15,03,01,03,happy,happy,Positive,01,02,01,False,train
/Users/clarayousif/Sheridan/Third/ai-ml-capstone/ml-services/data/raw/ravdess/audio_speech_actors_01-24/Actor_15/03-01-03-01-02-02-15.wav,03-01-03-01-02-02-15.wav,RAVDESS,15,03,01,03,happy,happy,Positive,01,02,02,False,train
/Users/clarayousif/Sheridan/Third/ai-ml-capstone/ml-services/data/raw/ravdess/audio_speech_actors_01-24/Actor_15/03-01-03-02-01-01-15.wav,03-01-03-02-01-01-15.wav,RAVDESS,15,03,01,03,happy,happy,Positive,02,01,01,False,train
/Users/clarayousif/Sheridan/Third/ai-ml-capstone/ml-services/data/raw/ravdess/audio_speech_actors_01-24/Actor_15/03-01-03-02-01-02-15.wav,03-01-03-02-01-02-15.wav,RAVDESS,15,03,01,03,happy,happy,Positive,02,01,02,False,train
/Users/clarayousif/Sheridan/Third/ai-ml-capstone/ml-services/data/raw/ravdess/audio_speech_actors_01-24/Actor_15/03-01-03-02-02-01-15.wav,03-01-03-02-02-01-15.wav,RAVDESS,15,03,01,03,happy,happy,Positive,02,02,01,False,train
/Users/clarayousif/Sheridan/Third/ai-ml-capstone/ml-services/data/raw/ravdess/audio_speech_actors_01-24/Actor_15/03-01-03-02-02-02-15.wav,03-01-03-02-02-02-15.wav,RAVDESS,15,03,01,03,happy,happy,Positive,02,02,02,False,train
/Users/clarayousif/Sheridan/Third/ai-ml-capstone/ml-services/data/raw/ravdess/audio_speech_actors_01-24/Actor_15/03-01-01-01-01-01-15.wav,03-01-01-01-01-01-15.wav,RAVDESS,15,03,01,01,neutral,neutral,Neutral,01,01,01,False,train
/Users/clarayousif/Sheridan/Third/ai-ml-capstone/ml-services/data/raw/ravdess/audio_speech_actors_01-24/Actor_15/03-01-01-01-01-02-15.wav,03-01-01-01-01-02-15.wav,RAVDESS,15,03,01,01,neutral,neutral,Neutral,01,01,02,False,train
/Users/clarayousif/Sheridan/Third/ai-ml-capstone/ml-services/data/raw/ravdess/audio_speech_actors_01-24/Actor_15/03-01-01-01-02-01-15.wav,03-01-01-01-02-01-15.wav,RAVDESS,15,03,01,01,neutral,neutral,Neutral,01,02,01,False,train
/Users/clarayousif/Sheridan/Third/ai-ml-capstone/ml-services/data/raw/ravdess/audio_speech_actors_01-24/Actor_15/03-01-01-01-02-02-15.wav,03-01-01-01-02-02-15.wav,RAVDESS,15,03,01,01,neutral,neutral,Neutral,01,02,02,False,train
/Users/clarayousif/Sheridan/Third/ai-ml-capstone/ml-services/data/raw/ravdess/audio_speech_actors_01-24/Actor_15/03-01-02-01-01-01-15.wav,03-01-02-01-01-01-15.wav,RAVDESS,15,03,01,02,calm,neutral,Neutral,01,01,01,False,train
/Users/clarayousif/Sheridan/Third/ai-ml-capstone/ml-services/data/raw/ravdess/audio_speech_actors_01-24/Actor_15/03-01-02-01-01-02-15.wav,03-01-02-01-01-02-15.wav,RAVDESS,15,03,01,02,calm,neutral,Neutral,01,01,02,False,train
/Users/clarayousif/Sheridan/Third/ai-ml-capstone/ml-services/data/raw/ravdess/audio_speech_actors_01-24/Actor_15/03-01-02-01-02-01-15.wav,03-01-02-01-02-01-15.wav,RAVDESS,15,03,01,02,calm,neutral,Neutral,01,02,01,False,train
/Users/clarayousif/Sheridan/Third/ai-ml-capstone/ml-services/data/raw/ravdess/audio_speech_actors_01-24/Actor_15/03-01-02-01-02-02-15.wav,03-01-02-01-02-02-15.wav,RAVDESS,15,03,01,02,calm,neutral,Neutral,01,02,02,False,train
/Users/clarayousif/Sheridan/Third/ai-ml-capstone/ml-services/data/raw/ravdess/audio_speech_actors_01-24/Actor_15/03-01-02-02-01-01-15.wav,03-01-02-02-01-01-15.wav,RAVDESS,15,03,01,02,calm,neutral,Neutral,02,01,01,False,train
/Users/clarayousif/Sheridan/Third/ai-ml-capstone/ml-services/data/raw/ravdess/audio_speech_actors_01-24/Actor_15/03-01-02-02-01-02-15.wav,03-01-02-02-01-02-15.wav,RAVDESS,15,03,01,02,calm,neutral,Neutral,02,01,02,False,train
/Users/clarayousif/Sheridan/Third/ai-ml-capstone/ml-services/data/raw/ravdess/audio_speech_actors_01-24/Actor_15/03-01-02-02-02-01-15.wav,03-01-02-02-02-01-15.wav,RAVDESS,15,03,01,02,calm,neutral,Neutral,02,02,01,False,train
/Users/clarayousif/Sheridan/Third/ai-ml-capstone/ml-services/data/raw/ravdess/audio_speech_actors_01-24/Actor_15/03-01-02-02-02-02-15.wav,03-01-02-02-02-02-15.wav,RAVDESS,15,03,01,02,calm,neutral,Neutral,02,02,02,False,train
/Users/clarayousif/Sheridan/Third/ai-ml-capstone/ml-services/data/raw/ravdess/audio_speech_actors_01-24/Actor_15/03-01-04-01-01-01-15.wav,03-01-04-01-01-01-15.wav,RAVDESS,15,03,01,04,sad,sadness,Negative,01,01,01,True,train
/Users/clarayousif/Sheridan/Third/ai-ml-capstone/ml-services/data/raw/ravdess/audio_speech_actors_01-24/Actor_15/03-01-04-01-01-02-15.wav,03-01-04-01-01-02-15.wav,RAVDESS,15,03,01,04,sad,sadness,Negative,01,01,02,True,train
/Users/clarayousif/Sheridan/Third/ai-ml-capstone/ml-services/data/raw/ravdess/audio_speech_actors_01-24/Actor_15/03-01-04-01-02-01-15.wav,03-01-04-01-02-01-15.wav,RAVDESS,15,03,01,04,sad,sadness,Negative,01,02,01,True,train
/Users/clarayousif/Sheridan/Third/ai-ml-capstone/ml-services/data/raw/ravdess/audio_speech_actors_01-24/Actor_15/03-01-04-01-02-02-15.wav,03-01-04-01-02-02-15.wav,RAVDESS,15,03,01,04,sad,sadness,Negative,01,02,02,True,train
/Users/clarayousif/Sheridan/Third/ai-ml-capstone/ml-services/data/raw/ravdess/audio_speech_actors_01-24/Actor_15/03-01-04-02-01-01-15.wav,03-01-04-02-01-01-15.wav,RAVDESS,15,03,01,04,sad,sadness,Negative,02,01,01,True,train
/Users/clarayousif/Sheridan/Third/ai-ml-capstone/ml-services/data/raw/ravdess/audio_speech_actors_01-24/Actor_15/03-01-04-02-01-02-15.wav,03-01-04-02-01-02-15.wav,RAVDESS,15,03,01,04,sad,sadness,Negative,02,01,02,True,train
/Users/clarayousif/Sheridan/Third/ai-ml-capstone/ml-services/data/raw/ravdess/audio_speech_actors_01-24/Actor_15/03-01-04-02-02-01-15.wav,03-01-04-02-02-01-15.wav,RAVDESS,15,03,01,04,sad,sadness,Negative,02,02,01,True,train
/Users/clarayousif/Sheridan/Third/ai-ml-capstone/ml-services/data/raw/ravdess/audio_speech_actors_01-24/Actor_15/03-01-04-02-02-02-15.wav,03-01-04-02-02-02-15.wav,RAVDESS,15,03,01,04,sad,sadness,Negative,02,02,02,True,train
/Users/clarayousif/Sheridan/Third/ai-ml-capstone/ml-services/data/raw/ravdess/audio_speech_actors_01-24/Actor_16/03-01-05-01-01-01-16.wav,03-01-05-01-01-01-16.wav,RAVDESS,16,03,01,05,angry,anger,Negative,01,01,01,True,train
/Users/clarayousif/Sheridan/Third/ai-ml-capstone/ml-services/data/raw/ravdess/audio_speech_actors_01-24/Actor_16/03-01-05-01-01-02-16.wav,03-01-05-01-01-02-16.wav,RAVDESS,16,03,01,05,angry,anger,Negative,01,01,02,True,train
/Users/clarayousif/Sheridan/Third/ai-ml-capstone/ml-services/data/raw/ravdess/audio_speech_actors_01-24/Actor_16/03-01-05-01-02-01-16.wav,03-01-05-01-02-01-16.wav,RAVDESS,16,03,01,05,angry,anger,Negative,01,02,01,True,train
/Users/clarayousif/Sheridan/Third/ai-ml-capstone/ml-services/data/raw/ravdess/audio_speech_actors_01-24/Actor_16/03-01-05-01-02-02-16.wav,03-01-05-01-02-02-16.wav,RAVDESS,16,03,01,05,angry,anger,Negative,01,02,02,True,train
/Users/clarayousif/Sheridan/Third/ai-ml-capstone/ml-services/data/raw/ravdess/audio_speech_actors_01-24/Actor_16/03-01-05-02-01-01-16.wav,03-01-05-02-01-01-16.wav,RAVDESS,16,03,01,05,angry,anger,Negative,02,01,01,True,train
/Users/clarayousif/Sheridan/Third/ai-ml-capstone/ml-services/data/raw/ravdess/audio_speech_actors_01-24/Actor_16/03-01-05-02-01-02-16.wav,03-01-05-02-01-02-16.wav,RAVDESS,16,03,01,05,angry,anger,Negative,02,01,02,True,train
/Users/clarayousif/Sheridan/Third/ai-ml-capstone/ml-services/data/raw/ravdess/audio_speech_actors_01-24/Actor_16/03-01-05-02-02-01-16.wav,03-01-05-02-02-01-16.wav,RAVDESS,16,03,01,05,angry,anger,Negative,02,02,01,True,train
/Users/clarayousif/Sheridan/Third/ai-ml-capstone/ml-services/data/raw/ravdess/audio_speech_actors_01-24/Actor_16/03-01-05-02-02-02-16.wav,03-01-05-02-02-02-16.wav,RAVDESS,16,03,01,05,angry,anger,Negative,02,02,02,True,train
/Users/clarayousif/Sheridan/Third/ai-ml-capstone/ml-services/data/raw/ravdess/audio_speech_actors_01-24/Actor_16/03-01-07-01-01-01-16.wav,03-01-07-01-01-01-16.wav,RAVDESS,16,03,01,07,disgust,disgust,Negative,01,01,01,True,train
/Users/clarayousif/Sheridan/Third/ai-ml-capstone/ml-services/data/raw/ravdess/audio_speech_actors_01-24/Actor_16/03-01-07-01-01-02-16.wav,03-01-07-01-01-02-16.wav,RAVDESS,16,03,01,07,disgust,disgust,Negative,01,01,02,True,train
/Users/clarayousif/Sheridan/Third/ai-ml-capstone/ml-services/data/raw/ravdess/audio_speech_actors_01-24/Actor_16/03-01-07-01-02-01-16.wav,03-01-07-01-02-01-16.wav,RAVDESS,16,03,01,07,disgust,disgust,Negative,01,02,01,True,train
/Users/clarayousif/Sheridan/Third/ai-ml-capstone/ml-services/data/raw/ravdess/audio_speech_actors_01-24/Actor_16/03-01-07-01-02-02-16.wav,03-01-07-01-02-02-16.wav,RAVDESS,16,03,01,07,disgust,disgust,Negative,01,02,02,True,train
/Users/clarayousif/Sheridan/Third/ai-ml-capstone/ml-services/data/raw/ravdess/audio_speech_actors_01-24/Actor_16/03-01-07-02-01-01-16.wav,03-01-07-02-01-01-16.wav,RAVDESS,16,03,01,07,disgust,disgust,Negative,02,01,01,True,train
/Users/clarayousif/Sheridan/Third/ai-ml-capstone/ml-services/data/raw/ravdess/audio_speech_actors_01-24/Actor_16/03-01-07-02-01-02-16.wav,03-01-07-02-01-02-16.wav,RAVDESS,16,03,01,07,disgust,disgust,Negative,02,01,02,True,train
/Users/clarayousif/Sheridan/Third/ai-ml-capstone/ml-services/data/raw/ravdess/audio_speech_actors_01-24/Actor_16/03-01-07-02-02-01-16.wav,03-01-07-02-02-01-16.wav,RAVDESS,16,03,01,07,disgust,disgust,Negative,02,02,01,True,train
/Users/clarayousif/Sheridan/Third/ai-ml-capstone/ml-services/data/raw/ravdess/audio_speech_actors_01-24/Actor_16/03-01-07-02-02-02-16.wav,03-01-07-02-02-02-16.wav,RAVDESS,16,03,01,07,disgust,disgust,Negative,02,02,02,True,train
/Users/clarayousif/Sheridan/Third/ai-ml-capstone/ml-services/data/raw/ravdess/audio_speech_actors_01-24/Actor_16/03-01-06-01-01-01-16.wav,03-01-06-01-01-01-16.wav,RAVDESS,16,03,01,06,fearful,fear,Negative,01,01,01,True,train
/Users/clarayousif/Sheridan/Third/ai-ml-capstone/ml-services/data/raw/ravdess/audio_speech_actors_01-24/Actor_16/03-01-06-01-01-02-16.wav,03-01-06-01-01-02-16.wav,RAVDESS,16,03,01,06,fearful,fear,Negative,01,01,02,True,train
/Users/clarayousif/Sheridan/Third/ai-ml-capstone/ml-services/data/raw/ravdess/audio_speech_actors_01-24/Actor_16/03-01-06-01-02-01-16.wav,03-01-06-01-02-01-16.wav,RAVDESS,16,03,01,06,fearful,fear,Negative,01,02,01,True,train
/Users/clarayousif/Sheridan/Third/ai-ml-capstone/ml-services/data/raw/ravdess/audio_speech_actors_01-24/Actor_16/03-01-06-01-02-02-16.wav,03-01-06-01-02-02-16.wav,RAVDESS,16,03,01,06,fearful,fear,Negative,01,02,02,True,train
/Users/clarayousif/Sheridan/Third/ai-ml-capstone/ml-services/data/raw/ravdess/audio_speech_actors_01-24/Actor_16/03-01-06-02-01-01-16.wav,03-01-06-02-01-01-16.wav,RAVDESS,16,03,01,06,fearful,fear,Negative,02,01,01,True,train
/Users/clarayousif/Sheridan/Third/ai-ml-capstone/ml-services/data/raw/ravdess/audio_speech_actors_01-24/Actor_16/03-01-06-02-01-02-16.wav,03-01-06-02-01-02-16.wav,RAVDESS,16,03,01,06,fearful,fear,Negative,02,01,02,True,train
/Users/clarayousif/Sheridan/Third/ai-ml-capstone/ml-services/data/raw/ravdess/audio_speech_actors_01-24/Actor_16/03-01-06-02-02-01-16.wav,03-01-06-02-02-01-16.wav,RAVDESS,16,03,01,06,fearful,fear,Negative,02,02,01,True,train
/Users/clarayousif/Sheridan/Third/ai-ml-capstone/ml-services/data/raw/ravdess/audio_speech_actors_01-24/Actor_16/03-01-06-02-02-02-16.wav,03-01-06-02-02-02-16.wav,RAVDESS,16,03,01,06,fearful,fear,Negative,02,02,02,True,train
/Users/clarayousif/Sheridan/Third/ai-ml-capstone/ml-services/data/raw/ravdess/audio_speech_actors_01-24/Actor_16/03-01-03-01-01-01-16.wav,03-01-03-01-01-01-16.wav,RAVDESS,16,03,01,03,happy,happy,Positive,01,01,01,False,train
/Users/clarayousif/Sheridan/Third/ai-ml-capstone/ml-services/data/raw/ravdess/audio_speech_actors_01-24/Actor_16/03-01-03-01-01-02-16.wav,03-01-03-01-01-02-16.wav,RAVDESS,16,03,01,03,happy,happy,Positive,01,01,02,False,train
/Users/clarayousif/Sheridan/Third/ai-ml-capstone/ml-services/data/raw/ravdess/audio_speech_actors_01-24/Actor_16/03-01-03-01-02-01-16.wav,03-01-03-01-02-01-16.wav,RAVDESS,16,03,01,03,happy,happy,Positive,01,02,01,False,train
/Users/clarayousif/Sheridan/Third/ai-ml-capstone/ml-services/data/raw/ravdess/audio_speech_actors_01-24/Actor_16/03-01-03-01-02-02-16.wav,03-01-03-01-02-02-16.wav,RAVDESS,16,03,01,03,happy,happy,Positive,01,02,02,False,train
/Users/clarayousif/Sheridan/Third/ai-ml-capstone/ml-services/data/raw/ravdess/audio_speech_actors_01-24/Actor_16/03-01-03-02-01-01-16.wav,03-01-03-02-01-01-16.wav,RAVDESS,16,03,01,03,happy,happy,Positive,02,01,01,False,train
/Users/clarayousif/Sheridan/Third/ai-ml-capstone/ml-services/data/raw/ravdess/audio_speech_actors_01-24/Actor_16/03-01-03-02-01-02-16.wav,03-01-03-02-01-02-16.wav,RAVDESS,16,03,01,03,happy,happy,Positive,02,01,02,False,train
/Users/clarayousif/Sheridan/Third/ai-ml-capstone/ml-services/data/raw/ravdess/audio_speech_actors_01-24/Actor_16/03-01-03-02-02-01-16.wav,03-01-03-02-02-01-16.wav,RAVDESS,16,03,01,03,happy,happy,Positive,02,02,01,False,train
/Users/clarayousif/Sheridan/Third/ai-ml-capstone/ml-services/data/raw/ravdess/audio_speech_actors_01-24/Actor_16/03-01-03-02-02-02-16.wav,03-01-03-02-02-02-16.wav,RAVDESS,16,03,01,03,happy,happy,Positive,02,02,02,False,train
/Users/clarayousif/Sheridan/Third/ai-ml-capstone/ml-services/data/raw/ravdess/audio_speech_actors_01-24/Actor_16/03-01-01-01-01-01-16.wav,03-01-01-01-01-01-16.wav,RAVDESS,16,03,01,01,neutral,neutral,Neutral,01,01,01,False,train
/Users/clarayousif/Sheridan/Third/ai-ml-capstone/ml-services/data/raw/ravdess/audio_speech_actors_01-24/Actor_16/03-01-01-01-01-02-16.wav,03-01-01-01-01-02-16.wav,RAVDESS,16,03,01,01,neutral,neutral,Neutral,01,01,02,False,train
/Users/clarayousif/Sheridan/Third/ai-ml-capstone/ml-services/data/raw/ravdess/audio_speech_actors_01-24/Actor_16/03-01-01-01-02-01-16.wav,03-01-01-01-02-01-16.wav,RAVDESS,16,03,01,01,neutral,neutral,Neutral,01,02,01,False,train
/Users/clarayousif/Sheridan/Third/ai-ml-capstone/ml-services/data/raw/ravdess/audio_speech_actors_01-24/Actor_16/03-01-01-01-02-02-16.wav,03-01-01-01-02-02-16.wav,RAVDESS,16,03,01,01,neutral,neutral,Neutral,01,02,02,False,train
/Users/clarayousif/Sheridan/Third/ai-ml-capstone/ml-services/data/raw/ravdess/audio_speech_actors_01-24/Actor_16/03-01-02-01-01-01-16.wav,03-01-02-01-01-01-16.wav,RAVDESS,16,03,01,02,calm,neutral,Neutral,01,01,01,False,train
/Users/clarayousif/Sheridan/Third/ai-ml-capstone/ml-services/data/raw/ravdess/audio_speech_actors_01-24/Actor_16/03-01-02-01-01-02-16.wav,03-01-02-01-01-02-16.wav,RAVDESS,16,03,01,02,calm,neutral,Neutral,01,01,02,False,train
/Users/clarayousif/Sheridan/Third/ai-ml-capstone/ml-services/data/raw/ravdess/audio_speech_actors_01-24/Actor_16/03-01-02-01-02-01-16.wav,03-01-02-01-02-01-16.wav,RAVDESS,16,03,01,02,calm,neutral,Neutral,01,02,01,False,train
/Users/clarayousif/Sheridan/Third/ai-ml-capstone/ml-services/data/raw/ravdess/audio_speech_actors_01-24/Actor_16/03-01-02-01-02-02-16.wav,03-01-02-01-02-02-16.wav,RAVDESS,16,03,01,02,calm,neutral,Neutral,01,02,02,False,train
/Users/clarayousif/Sheridan/Third/ai-ml-capstone/ml-services/data/raw/ravdess/audio_speech_actors_01-24/Actor_16/03-01-02-02-01-01-16.wav,03-01-02-02-01-01-16.wav,RAVDESS,16,03,01,02,calm,neutral,Neutral,02,01,01,False,train
/Users/clarayousif/Sheridan/Third/ai-ml-capstone/ml-services/data/raw/ravdess/audio_speech_actors_01-24/Actor_16/03-01-02-02-01-02-16.wav,03-01-02-02-01-02-16.wav,RAVDESS,16,03,01,02,calm,neutral,Neutral,02,01,02,False,train
/Users/clarayousif/Sheridan/Third/ai-ml-capstone/ml-services/data/raw/ravdess/audio_speech_actors_01-24/Actor_16/03-01-02-02-02-01-16.wav,03-01-02-02-02-01-16.wav,RAVDESS,16,03,01,02,calm,neutral,Neutral,02,02,01,False,train
/Users/clarayousif/Sheridan/Third/ai-ml-capstone/ml-services/data/raw/ravdess/audio_speech_actors_01-24/Actor_16/03-01-02-02-02-02-16.wav,03-01-02-02-02-02-16.wav,RAVDESS,16,03,01,02,calm,neutral,Neutral,02,02,02,False,train
/Users/clarayousif/Sheridan/Third/ai-ml-capstone/ml-services/data/raw/ravdess/audio_speech_actors_01-24/Actor_16/03-01-04-01-01-01-16.wav,03-01-04-01-01-01-16.wav,RAVDESS,16,03,01,04,sad,sadness,Negative,01,01,01,True,train
/Users/clarayousif/Sheridan/Third/ai-ml-capstone/ml-services/data/raw/ravdess/audio_speech_actors_01-24/Actor_16/03-01-04-01-01-02-16.wav,03-01-04-01-01-02-16.wav,RAVDESS,16,03,01,04,sad,sadness,Negative,01,01,02,True,train
/Users/clarayousif/Sheridan/Third/ai-ml-capstone/ml-services/data/raw/ravdess/audio_speech_actors_01-24/Actor_16/03-01-04-01-02-01-16.wav,03-01-04-01-02-01-16.wav,RAVDESS,16,03,01,04,sad,sadness,Negative,01,02,01,True,train
/Users/clarayousif/Sheridan/Third/ai-ml-capstone/ml-services/data/raw/ravdess/audio_speech_actors_01-24/Actor_16/03-01-04-01-02-02-16.wav,03-01-04-01-02-02-16.wav,RAVDESS,16,03,01,04,sad,sadness,Negative,01,02,02,True,train
/Users/clarayousif/Sheridan/Third/ai-ml-capstone/ml-services/data/raw/ravdess/audio_speech_actors_01-24/Actor_16/03-01-04-02-01-01-16.wav,03-01-04-02-01-01-16.wav,RAVDESS,16,03,01,04,sad,sadness,Negative,02,01,01,True,train
/Users/clarayousif/Sheridan/Third/ai-ml-capstone/ml-services/data/raw/ravdess/audio_speech_actors_01-24/Actor_16/03-01-04-02-01-02-16.wav,03-01-04-02-01-02-16.wav,RAVDESS,16,03,01,04,sad,sadness,Negative,02,01,02,True,train
/Users/clarayousif/Sheridan/Third/ai-ml-capstone/ml-services/data/raw/ravdess/audio_speech_actors_01-24/Actor_16/03-01-04-02-02-01-16.wav,03-01-04-02-02-01-16.wav,RAVDESS,16,03,01,04,sad,sadness,Negative,02,02,01,True,train
/Users/clarayousif/Sheridan/Third/ai-ml-capstone/ml-services/data/raw/ravdess/audio_speech_actors_01-24/Actor_16/03-01-04-02-02-02-16.wav,03-01-04-02-02-02-16.wav,RAVDESS,16,03,01,04,sad,sadness,Negative,02,02,02,True,train
/Users/clarayousif/Sheridan/Third/ai-ml-capstone/ml-services/data/raw/ravdess/audio_speech_actors_01-24/Actor_17/03-01-05-01-01-01-17.wav,03-01-05-01-01-01-17.wav,RAVDESS,17,03,01,05,angry,anger,Negative,01,01,01,True,train
/Users/clarayousif/Sheridan/Third/ai-ml-capstone/ml-services/data/raw/ravdess/audio_speech_actors_01-24/Actor_17/03-01-05-01-01-02-17.wav,03-01-05-01-01-02-17.wav,RAVDESS,17,03,01,05,angry,anger,Negative,01,01,02,True,train
/Users/clarayousif/Sheridan/Third/ai-ml-capstone/ml-services/data/raw/ravdess/audio_speech_actors_01-24/Actor_17/03-01-05-01-02-01-17.wav,03-01-05-01-02-01-17.wav,RAVDESS,17,03,01,05,angry,anger,Negative,01,02,01,True,train
/Users/clarayousif/Sheridan/Third/ai-ml-capstone/ml-services/data/raw/ravdess/audio_speech_actors_01-24/Actor_17/03-01-05-01-02-02-17.wav,03-01-05-01-02-02-17.wav,RAVDESS,17,03,01,05,angry,anger,Negative,01,02,02,True,train
/Users/clarayousif/Sheridan/Third/ai-ml-capstone/ml-services/data/raw/ravdess/audio_speech_actors_01-24/Actor_17/03-01-05-02-01-01-17.wav,03-01-05-02-01-01-17.wav,RAVDESS,17,03,01,05,angry,anger,Negative,02,01,01,True,train
/Users/clarayousif/Sheridan/Third/ai-ml-capstone/ml-services/data/raw/ravdess/audio_speech_actors_01-24/Actor_17/03-01-05-02-01-02-17.wav,03-01-05-02-01-02-17.wav,RAVDESS,17,03,01,05,angry,anger,Negative,02,01,02,True,train
/Users/clarayousif/Sheridan/Third/ai-ml-capstone/ml-services/data/raw/ravdess/audio_speech_actors_01-24/Actor_17/03-01-05-02-02-01-17.wav,03-01-05-02-02-01-17.wav,RAVDESS,17,03,01,05,angry,anger,Negative,02,02,01,True,train
/Users/clarayousif/Sheridan/Third/ai-ml-capstone/ml-services/data/raw/ravdess/audio_speech_actors_01-24/Actor_17/03-01-05-02-02-02-17.wav,03-01-05-02-02-02-17.wav,RAVDESS,17,03,01,05,angry,anger,Negative,02,02,02,True,train
/Users/clarayousif/Sheridan/Third/ai-ml-capstone/ml-services/data/raw/ravdess/audio_speech_actors_01-24/Actor_17/03-01-07-01-01-01-17.wav,03-01-07-01-01-01-17.wav,RAVDESS,17,03,01,07,disgust,disgust,Negative,01,01,01,True,train
/Users/clarayousif/Sheridan/Third/ai-ml-capstone/ml-services/data/raw/ravdess/audio_speech_actors_01-24/Actor_17/03-01-07-01-01-02-17.wav,03-01-07-01-01-02-17.wav,RAVDESS,17,03,01,07,disgust,disgust,Negative,01,01,02,True,train
/Users/clarayousif/Sheridan/Third/ai-ml-capstone/ml-services/data/raw/ravdess/audio_speech_actors_01-24/Actor_17/03-01-07-01-02-01-17.wav,03-01-07-01-02-01-17.wav,RAVDESS,17,03,01,07,disgust,disgust,Negative,01,02,01,True,train
/Users/clarayousif/Sheridan/Third/ai-ml-capstone/ml-services/data/raw/ravdess/audio_speech_actors_01-24/Actor_17/03-01-07-01-02-02-17.wav,03-01-07-01-02-02-17.wav,RAVDESS,17,03,01,07,disgust,disgust,Negative,01,02,02,True,train
/Users/clarayousif/Sheridan/Third/ai-ml-capstone/ml-services/data/raw/ravdess/audio_speech_actors_01-24/Actor_17/03-01-07-02-01-01-17.wav,03-01-07-02-01-01-17.wav,RAVDESS,17,03,01,07,disgust,disgust,Negative,02,01,01,True,train
/Users/clarayousif/Sheridan/Third/ai-ml-capstone/ml-services/data/raw/ravdess/audio_speech_actors_01-24/Actor_17/03-01-07-02-01-02-17.wav,03-01-07-02-01-02-17.wav,RAVDESS,17,03,01,07,disgust,disgust,Negative,02,01,02,True,train
/Users/clarayousif/Sheridan/Third/ai-ml-capstone/ml-services/data/raw/ravdess/audio_speech_actors_01-24/Actor_17/03-01-07-02-02-01-17.wav,03-01-07-02-02-01-17.wav,RAVDESS,17,03,01,07,disgust,disgust,Negative,02,02,01,True,train
/Users/clarayousif/Sheridan/Third/ai-ml-capstone/ml-services/data/raw/ravdess/audio_speech_actors_01-24/Actor_17/03-01-07-02-02-02-17.wav,03-01-07-02-02-02-17.wav,RAVDESS,17,03,01,07,disgust,disgust,Negative,02,02,02,True,train
/Users/clarayousif/Sheridan/Third/ai-ml-capstone/ml-services/data/raw/ravdess/audio_speech_actors_01-24/Actor_17/03-01-06-01-01-01-17.wav,03-01-06-01-01-01-17.wav,RAVDESS,17,03,01,06,fearful,fear,Negative,01,01,01,True,train
/Users/clarayousif/Sheridan/Third/ai-ml-capstone/ml-services/data/raw/ravdess/audio_speech_actors_01-24/Actor_17/03-01-06-01-01-02-17.wav,03-01-06-01-01-02-17.wav,RAVDESS,17,03,01,06,fearful,fear,Negative,01,01,02,True,train
/Users/clarayousif/Sheridan/Third/ai-ml-capstone/ml-services/data/raw/ravdess/audio_speech_actors_01-24/Actor_17/03-01-06-01-02-01-17.wav,03-01-06-01-02-01-17.wav,RAVDESS,17,03,01,06,fearful,fear,Negative,01,02,01,True,train
/Users/clarayousif/Sheridan/Third/ai-ml-capstone/ml-services/data/raw/ravdess/audio_speech_actors_01-24/Actor_17/03-01-06-01-02-02-17.wav,03-01-06-01-02-02-17.wav,RAVDESS,17,03,01,06,fearful,fear,Negative,01,02,02,True,train
/Users/clarayousif/Sheridan/Third/ai-ml-capstone/ml-services/data/raw/ravdess/audio_speech_actors_01-24/Actor_17/03-01-06-02-01-01-17.wav,03-01-06-02-01-01-17.wav,RAVDESS,17,03,01,06,fearful,fear,Negative,02,01,01,True,train
/Users/clarayousif/Sheridan/Third/ai-ml-capstone/ml-services/data/raw/ravdess/audio_speech_actors_01-24/Actor_17/03-01-06-02-01-02-17.wav,03-01-06-02-01-02-17.wav,RAVDESS,17,03,01,06,fearful,fear,Negative,02,01,02,True,train
/Users/clarayousif/Sheridan/Third/ai-ml-capstone/ml-services/data/raw/ravdess/audio_speech_actors_01-24/Actor_17/03-01-06-02-02-01-17.wav,03-01-06-02-02-01-17.wav,RAVDESS,17,03,01,06,fearful,fear,Negative,02,02,01,True,train
/Users/clarayousif/Sheridan/Third/ai-ml-capstone/ml-services/data/raw/ravdess/audio_speech_actors_01-24/Actor_17/03-01-06-02-02-02-17.wav,03-01-06-02-02-02-17.wav,RAVDESS,17,03,01,06,fearful,fear,Negative,02,02,02,True,train
/Users/clarayousif/Sheridan/Third/ai-ml-capstone/ml-services/data/raw/ravdess/audio_speech_actors_01-24/Actor_17/03-01-03-01-01-01-17.wav,03-01-03-01-01-01-17.wav,RAVDESS,17,03,01,03,happy,happy,Positive,01,01,01,False,train
/Users/clarayousif/Sheridan/Third/ai-ml-capstone/ml-services/data/raw/ravdess/audio_speech_actors_01-24/Actor_17/03-01-03-01-01-02-17.wav,03-01-03-01-01-02-17.wav,RAVDESS,17,03,01,03,happy,happy,Positive,01,01,02,False,train
/Users/clarayousif/Sheridan/Third/ai-ml-capstone/ml-services/data/raw/ravdess/audio_speech_actors_01-24/Actor_17/03-01-03-01-02-01-17.wav,03-01-03-01-02-01-17.wav,RAVDESS,17,03,01,03,happy,happy,Positive,01,02,01,False,train
/Users/clarayousif/Sheridan/Third/ai-ml-capstone/ml-services/data/raw/ravdess/audio_speech_actors_01-24/Actor_17/03-01-03-01-02-02-17.wav,03-01-03-01-02-02-17.wav,RAVDESS,17,03,01,03,happy,happy,Positive,01,02,02,False,train
/Users/clarayousif/Sheridan/Third/ai-ml-capstone/ml-services/data/raw/ravdess/audio_speech_actors_01-24/Actor_17/03-01-03-02-01-01-17.wav,03-01-03-02-01-01-17.wav,RAVDESS,17,03,01,03,happy,happy,Positive,02,01,01,False,train
/Users/clarayousif/Sheridan/Third/ai-ml-capstone/ml-services/data/raw/ravdess/audio_speech_actors_01-24/Actor_17/03-01-03-02-01-02-17.wav,03-01-03-02-01-02-17.wav,RAVDESS,17,03,01,03,happy,happy,Positive,02,01,02,False,train
/Users/clarayousif/Sheridan/Third/ai-ml-capstone/ml-services/data/raw/ravdess/audio_speech_actors_01-24/Actor_17/03-01-03-02-02-01-17.wav,03-01-03-02-02-01-17.wav,RAVDESS,17,03,01,03,happy,happy,Positive,02,02,01,False,train
/Users/clarayousif/Sheridan/Third/ai-ml-capstone/ml-services/data/raw/ravdess/audio_speech_actors_01-24/Actor_17/03-01-03-02-02-02-17.wav,03-01-03-02-02-02-17.wav,RAVDESS,17,03,01,03,happy,happy,Positive,02,02,02,False,train
/Users/clarayousif/Sheridan/Third/ai-ml-capstone/ml-services/data/raw/ravdess/audio_speech_actors_01-24/Actor_17/03-01-01-01-01-01-17.wav,03-01-01-01-01-01-17.wav,RAVDESS,17,03,01,01,neutral,neutral,Neutral,01,01,01,False,train
/Users/clarayousif/Sheridan/Third/ai-ml-capstone/ml-services/data/raw/ravdess/audio_speech_actors_01-24/Actor_17/03-01-01-01-01-02-17.wav,03-01-01-01-01-02-17.wav,RAVDESS,17,03,01,01,neutral,neutral,Neutral,01,01,02,False,train
/Users/clarayousif/Sheridan/Third/ai-ml-capstone/ml-services/data/raw/ravdess/audio_speech_actors_01-24/Actor_17/03-01-01-01-02-01-17.wav,03-01-01-01-02-01-17.wav,RAVDESS,17,03,01,01,neutral,neutral,Neutral,01,02,01,False,train
/Users/clarayousif/Sheridan/Third/ai-ml-capstone/ml-services/data/raw/ravdess/audio_speech_actors_01-24/Actor_17/03-01-01-01-02-02-17.wav,03-01-01-01-02-02-17.wav,RAVDESS,17,03,01,01,neutral,neutral,Neutral,01,02,02,False,train
/Users/clarayousif/Sheridan/Third/ai-ml-capstone/ml-services/data/raw/ravdess/audio_speech_actors_01-24/Actor_17/03-01-02-01-01-01-17.wav,03-01-02-01-01-01-17.wav,RAVDESS,17,03,01,02,calm,neutral,Neutral,01,01,01,False,train
/Users/clarayousif/Sheridan/Third/ai-ml-capstone/ml-services/data/raw/ravdess/audio_speech_actors_01-24/Actor_17/03-01-02-01-01-02-17.wav,03-01-02-01-01-02-17.wav,RAVDESS,17,03,01,02,calm,neutral,Neutral,01,01,02,False,train
/Users/clarayousif/Sheridan/Third/ai-ml-capstone/ml-services/data/raw/ravdess/audio_speech_actors_01-24/Actor_17/03-01-02-01-02-01-17.wav,03-01-02-01-02-01-17.wav,RAVDESS,17,03,01,02,calm,neutral,Neutral,01,02,01,False,train
/Users/clarayousif/Sheridan/Third/ai-ml-capstone/ml-services/data/raw/ravdess/audio_speech_actors_01-24/Actor_17/03-01-02-01-02-02-17.wav,03-01-02-01-02-02-17.wav,RAVDESS,17,03,01,02,calm,neutral,Neutral,01,02,02,False,train
/Users/clarayousif/Sheridan/Third/ai-ml-capstone/ml-services/data/raw/ravdess/audio_speech_actors_01-24/Actor_17/03-01-02-02-01-01-17.wav,03-01-02-02-01-01-17.wav,RAVDESS,17,03,01,02,calm,neutral,Neutral,02,01,01,False,train
/Users/clarayousif/Sheridan/Third/ai-ml-capstone/ml-services/data/raw/ravdess/audio_speech_actors_01-24/Actor_17/03-01-02-02-01-02-17.wav,03-01-02-02-01-02-17.wav,RAVDESS,17,03,01,02,calm,neutral,Neutral,02,01,02,False,train
/Users/clarayousif/Sheridan/Third/ai-ml-capstone/ml-services/data/raw/ravdess/audio_speech_actors_01-24/Actor_17/03-01-02-02-02-01-17.wav,03-01-02-02-02-01-17.wav,RAVDESS,17,03,01,02,calm,neutral,Neutral,02,02,01,False,train
/Users/clarayousif/Sheridan/Third/ai-ml-capstone/ml-services/data/raw/ravdess/audio_speech_actors_01-24/Actor_17/03-01-02-02-02-02-17.wav,03-01-02-02-02-02-17.wav,RAVDESS,17,03,01,02,calm,neutral,Neutral,02,02,02,False,train
/Users/clarayousif/Sheridan/Third/ai-ml-capstone/ml-services/data/raw/ravdess/audio_speech_actors_01-24/Actor_17/03-01-04-01-01-01-17.wav,03-01-04-01-01-01-17.wav,RAVDESS,17,03,01,04,sad,sadness,Negative,01,01,01,True,train
/Users/clarayousif/Sheridan/Third/ai-ml-capstone/ml-services/data/raw/ravdess/audio_speech_actors_01-24/Actor_17/03-01-04-01-01-02-17.wav,03-01-04-01-01-02-17.wav,RAVDESS,17,03,01,04,sad,sadness,Negative,01,01,02,True,train
/Users/clarayousif/Sheridan/Third/ai-ml-capstone/ml-services/data/raw/ravdess/audio_speech_actors_01-24/Actor_17/03-01-04-01-02-01-17.wav,03-01-04-01-02-01-17.wav,RAVDESS,17,03,01,04,sad,sadness,Negative,01,02,01,True,train
/Users/clarayousif/Sheridan/Third/ai-ml-capstone/ml-services/data/raw/ravdess/audio_speech_actors_01-24/Actor_17/03-01-04-01-02-02-17.wav,03-01-04-01-02-02-17.wav,RAVDESS,17,03,01,04,sad,sadness,Negative,01,02,02,True,train
/Users/clarayousif/Sheridan/Third/ai-ml-capstone/ml-services/data/raw/ravdess/audio_speech_actors_01-24/Actor_17/03-01-04-02-01-01-17.wav,03-01-04-02-01-01-17.wav,RAVDESS,17,03,01,04,sad,sadness,Negative,02,01,01,True,train
/Users/clarayousif/Sheridan/Third/ai-ml-capstone/ml-services/data/raw/ravdess/audio_speech_actors_01-24/Actor_17/03-01-04-02-01-02-17.wav,03-01-04-02-01-02-17.wav,RAVDESS,17,03,01,04,sad,sadness,Negative,02,01,02,True,train
/Users/clarayousif/Sheridan/Third/ai-ml-capstone/ml-services/data/raw/ravdess/audio_speech_actors_01-24/Actor_17/03-01-04-02-02-01-17.wav,03-01-04-02-02-01-17.wav,RAVDESS,17,03,01,04,sad,sadness,Negative,02,02,01,True,train
/Users/clarayousif/Sheridan/Third/ai-ml-capstone/ml-services/data/raw/ravdess/audio_speech_actors_01-24/Actor_17/03-01-04-02-02-02-17.wav,03-01-04-02-02-02-17.wav,RAVDESS,17,03,01,04,sad,sadness,Negative,02,02,02,True,train
/Users/clarayousif/Sheridan/Third/ai-ml-capstone/ml-services/data/raw/ravdess/audio_speech_actors_01-24/Actor_18/03-01-05-01-01-01-18.wav,03-01-05-01-01-01-18.wav,RAVDESS,18,03,01,05,angry,anger,Negative,01,01,01,True,train
/Users/clarayousif/Sheridan/Third/ai-ml-capstone/ml-services/data/raw/ravdess/audio_speech_actors_01-24/Actor_18/03-01-05-01-01-02-18.wav,03-01-05-01-01-02-18.wav,RAVDESS,18,03,01,05,angry,anger,Negative,01,01,02,True,train
/Users/clarayousif/Sheridan/Third/ai-ml-capstone/ml-services/data/raw/ravdess/audio_speech_actors_01-24/Actor_18/03-01-05-01-02-01-18.wav,03-01-05-01-02-01-18.wav,RAVDESS,18,03,01,05,angry,anger,Negative,01,02,01,True,train
/Users/clarayousif/Sheridan/Third/ai-ml-capstone/ml-services/data/raw/ravdess/audio_speech_actors_01-24/Actor_18/03-01-05-01-02-02-18.wav,03-01-05-01-02-02-18.wav,RAVDESS,18,03,01,05,angry,anger,Negative,01,02,02,True,train
/Users/clarayousif/Sheridan/Third/ai-ml-capstone/ml-services/data/raw/ravdess/audio_speech_actors_01-24/Actor_18/03-01-05-02-01-01-18.wav,03-01-05-02-01-01-18.wav,RAVDESS,18,03,01,05,angry,anger,Negative,02,01,01,True,train
/Users/clarayousif/Sheridan/Third/ai-ml-capstone/ml-services/data/raw/ravdess/audio_speech_actors_01-24/Actor_18/03-01-05-02-01-02-18.wav,03-01-05-02-01-02-18.wav,RAVDESS,18,03,01,05,angry,anger,Negative,02,01,02,True,train
/Users/clarayousif/Sheridan/Third/ai-ml-capstone/ml-services/data/raw/ravdess/audio_speech_actors_01-24/Actor_18/03-01-05-02-02-01-18.wav,03-01-05-02-02-01-18.wav,RAVDESS,18,03,01,05,angry,anger,Negative,02,02,01,True,train
/Users/clarayousif/Sheridan/Third/ai-ml-capstone/ml-services/data/raw/ravdess/audio_speech_actors_01-24/Actor_18/03-01-05-02-02-02-18.wav,03-01-05-02-02-02-18.wav,RAVDESS,18,03,01,05,angry,anger,Negative,02,02,02,True,train
/Users/clarayousif/Sheridan/Third/ai-ml-capstone/ml-services/data/raw/ravdess/audio_speech_actors_01-24/Actor_18/03-01-07-01-01-01-18.wav,03-01-07-01-01-01-18.wav,RAVDESS,18,03,01,07,disgust,disgust,Negative,01,01,01,True,train
/Users/clarayousif/Sheridan/Third/ai-ml-capstone/ml-services/data/raw/ravdess/audio_speech_actors_01-24/Actor_18/03-01-07-01-01-02-18.wav,03-01-07-01-01-02-18.wav,RAVDESS,18,03,01,07,disgust,disgust,Negative,01,01,02,True,train
/Users/clarayousif/Sheridan/Third/ai-ml-capstone/ml-services/data/raw/ravdess/audio_speech_actors_01-24/Actor_18/03-01-07-01-02-01-18.wav,03-01-07-01-02-01-18.wav,RAVDESS,18,03,01,07,disgust,disgust,Negative,01,02,01,True,train
/Users/clarayousif/Sheridan/Third/ai-ml-capstone/ml-services/data/raw/ravdess/audio_speech_actors_01-24/Actor_18/03-01-07-01-02-02-18.wav,03-01-07-01-02-02-18.wav,RAVDESS,18,03,01,07,disgust,disgust,Negative,01,02,02,True,train
/Users/clarayousif/Sheridan/Third/ai-ml-capstone/ml-services/data/raw/ravdess/audio_speech_actors_01-24/Actor_18/03-01-07-02-01-01-18.wav,03-01-07-02-01-01-18.wav,RAVDESS,18,03,01,07,disgust,disgust,Negative,02,01,01,True,train
/Users/clarayousif/Sheridan/Third/ai-ml-capstone/ml-services/data/raw/ravdess/audio_speech_actors_01-24/Actor_18/03-01-07-02-01-02-18.wav,03-01-07-02-01-02-18.wav,RAVDESS,18,03,01,07,disgust,disgust,Negative,02,01,02,True,train
/Users/clarayousif/Sheridan/Third/ai-ml-capstone/ml-services/data/raw/ravdess/audio_speech_actors_01-24/Actor_18/03-01-07-02-02-01-18.wav,03-01-07-02-02-01-18.wav,RAVDESS,18,03,01,07,disgust,disgust,Negative,02,02,01,True,train
/Users/clarayousif/Sheridan/Third/ai-ml-capstone/ml-services/data/raw/ravdess/audio_speech_actors_01-24/Actor_18/03-01-07-02-02-02-18.wav,03-01-07-02-02-02-18.wav,RAVDESS,18,03,01,07,disgust,disgust,Negative,02,02,02,True,train
/Users/clarayousif/Sheridan/Third/ai-ml-capstone/ml-services/data/raw/ravdess/audio_speech_actors_01-24/Actor_18/03-01-06-01-01-01-18.wav,03-01-06-01-01-01-18.wav,RAVDESS,18,03,01,06,fearful,fear,Negative,01,01,01,True,train
/Users/clarayousif/Sheridan/Third/ai-ml-capstone/ml-services/data/raw/ravdess/audio_speech_actors_01-24/Actor_18/03-01-06-01-01-02-18.wav,03-01-06-01-01-02-18.wav,RAVDESS,18,03,01,06,fearful,fear,Negative,01,01,02,True,train
/Users/clarayousif/Sheridan/Third/ai-ml-capstone/ml-services/data/raw/ravdess/audio_speech_actors_01-24/Actor_18/03-01-06-01-02-01-18.wav,03-01-06-01-02-01-18.wav,RAVDESS,18,03,01,06,fearful,fear,Negative,01,02,01,True,train
/Users/clarayousif/Sheridan/Third/ai-ml-capstone/ml-services/data/raw/ravdess/audio_speech_actors_01-24/Actor_18/03-01-06-01-02-02-18.wav,03-01-06-01-02-02-18.wav,RAVDESS,18,03,01,06,fearful,fear,Negative,01,02,02,True,train
/Users/clarayousif/Sheridan/Third/ai-ml-capstone/ml-services/data/raw/ravdess/audio_speech_actors_01-24/Actor_18/03-01-06-02-01-01-18.wav,03-01-06-02-01-01-18.wav,RAVDESS,18,03,01,06,fearful,fear,Negative,02,01,01,True,train
/Users/clarayousif/Sheridan/Third/ai-ml-capstone/ml-services/data/raw/ravdess/audio_speech_actors_01-24/Actor_18/03-01-06-02-01-02-18.wav,03-01-06-02-01-02-18.wav,RAVDESS,18,03,01,06,fearful,fear,Negative,02,01,02,True,train
/Users/clarayousif/Sheridan/Third/ai-ml-capstone/ml-services/data/raw/ravdess/audio_speech_actors_01-24/Actor_18/03-01-06-02-02-01-18.wav,03-01-06-02-02-01-18.wav,RAVDESS,18,03,01,06,fearful,fear,Negative,02,02,01,True,train
/Users/clarayousif/Sheridan/Third/ai-ml-capstone/ml-services/data/raw/ravdess/audio_speech_actors_01-24/Actor_18/03-01-06-02-02-02-18.wav,03-01-06-02-02-02-18.wav,RAVDESS,18,03,01,06,fearful,fear,Negative,02,02,02,True,train
/Users/clarayousif/Sheridan/Third/ai-ml-capstone/ml-services/data/raw/ravdess/audio_speech_actors_01-24/Actor_18/03-01-03-01-01-01-18.wav,03-01-03-01-01-01-18.wav,RAVDESS,18,03,01,03,happy,happy,Positive,01,01,01,False,train
/Users/clarayousif/Sheridan/Third/ai-ml-capstone/ml-services/data/raw/ravdess/audio_speech_actors_01-24/Actor_18/03-01-03-01-01-02-18.wav,03-01-03-01-01-02-18.wav,RAVDESS,18,03,01,03,happy,happy,Positive,01,01,02,False,train
/Users/clarayousif/Sheridan/Third/ai-ml-capstone/ml-services/data/raw/ravdess/audio_speech_actors_01-24/Actor_18/03-01-03-01-02-01-18.wav,03-01-03-01-02-01-18.wav,RAVDESS,18,03,01,03,happy,happy,Positive,01,02,01,False,train
/Users/clarayousif/Sheridan/Third/ai-ml-capstone/ml-services/data/raw/ravdess/audio_speech_actors_01-24/Actor_18/03-01-03-01-02-02-18.wav,03-01-03-01-02-02-18.wav,RAVDESS,18,03,01,03,happy,happy,Positive,01,02,02,False,train
/Users/clarayousif/Sheridan/Third/ai-ml-capstone/ml-services/data/raw/ravdess/audio_speech_actors_01-24/Actor_18/03-01-03-02-01-01-18.wav,03-01-03-02-01-01-18.wav,RAVDESS,18,03,01,03,happy,happy,Positive,02,01,01,False,train
/Users/clarayousif/Sheridan/Third/ai-ml-capstone/ml-services/data/raw/ravdess/audio_speech_actors_01-24/Actor_18/03-01-03-02-01-02-18.wav,03-01-03-02-01-02-18.wav,RAVDESS,18,03,01,03,happy,happy,Positive,02,01,02,False,train
/Users/clarayousif/Sheridan/Third/ai-ml-capstone/ml-services/data/raw/ravdess/audio_speech_actors_01-24/Actor_18/03-01-03-02-02-01-18.wav,03-01-03-02-02-01-18.wav,RAVDESS,18,03,01,03,happy,happy,Positive,02,02,01,False,train
/Users/clarayousif/Sheridan/Third/ai-ml-capstone/ml-services/data/raw/ravdess/audio_speech_actors_01-24/Actor_18/03-01-03-02-02-02-18.wav,03-01-03-02-02-02-18.wav,RAVDESS,18,03,01,03,happy,happy,Positive,02,02,02,False,train
/Users/clarayousif/Sheridan/Third/ai-ml-capstone/ml-services/data/raw/ravdess/audio_speech_actors_01-24/Actor_18/03-01-01-01-01-01-18.wav,03-01-01-01-01-01-18.wav,RAVDESS,18,03,01,01,neutral,neutral,Neutral,01,01,01,False,train
/Users/clarayousif/Sheridan/Third/ai-ml-capstone/ml-services/data/raw/ravdess/audio_speech_actors_01-24/Actor_18/03-01-01-01-01-02-18.wav,03-01-01-01-01-02-18.wav,RAVDESS,18,03,01,01,neutral,neutral,Neutral,01,01,02,False,train
/Users/clarayousif/Sheridan/Third/ai-ml-capstone/ml-services/data/raw/ravdess/audio_speech_actors_01-24/Actor_18/03-01-01-01-02-01-18.wav,03-01-01-01-02-01-18.wav,RAVDESS,18,03,01,01,neutral,neutral,Neutral,01,02,01,False,train
/Users/clarayousif/Sheridan/Third/ai-ml-capstone/ml-services/data/raw/ravdess/audio_speech_actors_01-24/Actor_18/03-01-01-01-02-02-18.wav,03-01-01-01-02-02-18.wav,RAVDESS,18,03,01,01,neutral,neutral,Neutral,01,02,02,False,train
/Users/clarayousif/Sheridan/Third/ai-ml-capstone/ml-services/data/raw/ravdess/audio_speech_actors_01-24/Actor_18/03-01-02-01-01-01-18.wav,03-01-02-01-01-01-18.wav,RAVDESS,18,03,01,02,calm,neutral,Neutral,01,01,01,False,train
/Users/clarayousif/Sheridan/Third/ai-ml-capstone/ml-services/data/raw/ravdess/audio_speech_actors_01-24/Actor_18/03-01-02-01-01-02-18.wav,03-01-02-01-01-02-18.wav,RAVDESS,18,03,01,02,calm,neutral,Neutral,01,01,02,False,train
/Users/clarayousif/Sheridan/Third/ai-ml-capstone/ml-services/data/raw/ravdess/audio_speech_actors_01-24/Actor_18/03-01-02-01-02-01-18.wav,03-01-02-01-02-01-18.wav,RAVDESS,18,03,01,02,calm,neutral,Neutral,01,02,01,False,train
/Users/clarayousif/Sheridan/Third/ai-ml-capstone/ml-services/data/raw/ravdess/audio_speech_actors_01-24/Actor_18/03-01-02-01-02-02-18.wav,03-01-02-01-02-02-18.wav,RAVDESS,18,03,01,02,calm,neutral,Neutral,01,02,02,False,train
/Users/clarayousif/Sheridan/Third/ai-ml-capstone/ml-services/data/raw/ravdess/audio_speech_actors_01-24/Actor_18/03-01-02-02-01-01-18.wav,03-01-02-02-01-01-18.wav,RAVDESS,18,03,01,02,calm,neutral,Neutral,02,01,01,False,train
/Users/clarayousif/Sheridan/Third/ai-ml-capstone/ml-services/data/raw/ravdess/audio_speech_actors_01-24/Actor_18/03-01-02-02-01-02-18.wav,03-01-02-02-01-02-18.wav,RAVDESS,18,03,01,02,calm,neutral,Neutral,02,01,02,False,train
/Users/clarayousif/Sheridan/Third/ai-ml-capstone/ml-services/data/raw/ravdess/audio_speech_actors_01-24/Actor_18/03-01-02-02-02-01-18.wav,03-01-02-02-02-01-18.wav,RAVDESS,18,03,01,02,calm,neutral,Neutral,02,02,01,False,train
/Users/clarayousif/Sheridan/Third/ai-ml-capstone/ml-services/data/raw/ravdess/audio_speech_actors_01-24/Actor_18/03-01-02-02-02-02-18.wav,03-01-02-02-02-02-18.wav,RAVDESS,18,03,01,02,calm,neutral,Neutral,02,02,02,False,train
/Users/clarayousif/Sheridan/Third/ai-ml-capstone/ml-services/data/raw/ravdess/audio_speech_actors_01-24/Actor_18/03-01-04-01-01-01-18.wav,03-01-04-01-01-01-18.wav,RAVDESS,18,03,01,04,sad,sadness,Negative,01,01,01,True,train
/Users/clarayousif/Sheridan/Third/ai-ml-capstone/ml-services/data/raw/ravdess/audio_speech_actors_01-24/Actor_18/03-01-04-01-01-02-18.wav,03-01-04-01-01-02-18.wav,RAVDESS,18,03,01,04,sad,sadness,Negative,01,01,02,True,train
/Users/clarayousif/Sheridan/Third/ai-ml-capstone/ml-services/data/raw/ravdess/audio_speech_actors_01-24/Actor_18/03-01-04-01-02-01-18.wav,03-01-04-01-02-01-18.wav,RAVDESS,18,03,01,04,sad,sadness,Negative,01,02,01,True,train
/Users/clarayousif/Sheridan/Third/ai-ml-capstone/ml-services/data/raw/ravdess/audio_speech_actors_01-24/Actor_18/03-01-04-01-02-02-18.wav,03-01-04-01-02-02-18.wav,RAVDESS,18,03,01,04,sad,sadness,Negative,01,02,02,True,train
/Users/clarayousif/Sheridan/Third/ai-ml-capstone/ml-services/data/raw/ravdess/audio_speech_actors_01-24/Actor_18/03-01-04-02-01-01-18.wav,03-01-04-02-01-01-18.wav,RAVDESS,18,03,01,04,sad,sadness,Negative,02,01,01,True,train
/Users/clarayousif/Sheridan/Third/ai-ml-capstone/ml-services/data/raw/ravdess/audio_speech_actors_01-24/Actor_18/03-01-04-02-01-02-18.wav,03-01-04-02-01-02-18.wav,RAVDESS,18,03,01,04,sad,sadness,Negative,02,01,02,True,train
/Users/clarayousif/Sheridan/Third/ai-ml-capstone/ml-services/data/raw/ravdess/audio_speech_actors_01-24/Actor_18/03-01-04-02-02-01-18.wav,03-01-04-02-02-01-18.wav,RAVDESS,18,03,01,04,sad,sadness,Negative,02,02,01,True,train
/Users/clarayousif/Sheridan/Third/ai-ml-capstone/ml-services/data/raw/ravdess/audio_speech_actors_01-24/Actor_18/03-01-04-02-02-02-18.wav,03-01-04-02-02-02-18.wav,RAVDESS,18,03,01,04,sad,sadness,Negative,02,02,02,True,train
/Users/clarayousif/Sheridan/Third/ai-ml-capstone/ml-services/data/raw/ravdess/audio_speech_actors_01-24/Actor_19/03-01-05-01-01-01-19.wav,03-01-05-01-01-01-19.wav,RAVDESS,19,03,01,05,angry,anger,Negative,01,01,01,True,train
/Users/clarayousif/Sheridan/Third/ai-ml-capstone/ml-services/data/raw/ravdess/audio_speech_actors_01-24/Actor_19/03-01-05-01-01-02-19.wav,03-01-05-01-01-02-19.wav,RAVDESS,19,03,01,05,angry,anger,Negative,01,01,02,True,train
/Users/clarayousif/Sheridan/Third/ai-ml-capstone/ml-services/data/raw/ravdess/audio_speech_actors_01-24/Actor_19/03-01-05-01-02-01-19.wav,03-01-05-01-02-01-19.wav,RAVDESS,19,03,01,05,angry,anger,Negative,01,02,01,True,train
/Users/clarayousif/Sheridan/Third/ai-ml-capstone/ml-services/data/raw/ravdess/audio_speech_actors_01-24/Actor_19/03-01-05-01-02-02-19.wav,03-01-05-01-02-02-19.wav,RAVDESS,19,03,01,05,angry,anger,Negative,01,02,02,True,train
/Users/clarayousif/Sheridan/Third/ai-ml-capstone/ml-services/data/raw/ravdess/audio_speech_actors_01-24/Actor_19/03-01-05-02-01-01-19.wav,03-01-05-02-01-01-19.wav,RAVDESS,19,03,01,05,angry,anger,Negative,02,01,01,True,train
/Users/clarayousif/Sheridan/Third/ai-ml-capstone/ml-services/data/raw/ravdess/audio_speech_actors_01-24/Actor_19/03-01-05-02-01-02-19.wav,03-01-05-02-01-02-19.wav,RAVDESS,19,03,01,05,angry,anger,Negative,02,01,02,True,train
/Users/clarayousif/Sheridan/Third/ai-ml-capstone/ml-services/data/raw/ravdess/audio_speech_actors_01-24/Actor_19/03-01-05-02-02-01-19.wav,03-01-05-02-02-01-19.wav,RAVDESS,19,03,01,05,angry,anger,Negative,02,02,01,True,train
/Users/clarayousif/Sheridan/Third/ai-ml-capstone/ml-services/data/raw/ravdess/audio_speech_actors_01-24/Actor_19/03-01-05-02-02-02-19.wav,03-01-05-02-02-02-19.wav,RAVDESS,19,03,01,05,angry,anger,Negative,02,02,02,True,train
/Users/clarayousif/Sheridan/Third/ai-ml-capstone/ml-services/data/raw/ravdess/audio_speech_actors_01-24/Actor_19/03-01-07-01-01-01-19.wav,03-01-07-01-01-01-19.wav,RAVDESS,19,03,01,07,disgust,disgust,Negative,01,01,01,True,train
/Users/clarayousif/Sheridan/Third/ai-ml-capstone/ml-services/data/raw/ravdess/audio_speech_actors_01-24/Actor_19/03-01-07-01-01-02-19.wav,03-01-07-01-01-02-19.wav,RAVDESS,19,03,01,07,disgust,disgust,Negative,01,01,02,True,train
/Users/clarayousif/Sheridan/Third/ai-ml-capstone/ml-services/data/raw/ravdess/audio_speech_actors_01-24/Actor_19/03-01-07-01-02-01-19.wav,03-01-07-01-02-01-19.wav,RAVDESS,19,03,01,07,disgust,disgust,Negative,01,02,01,True,train
/Users/clarayousif/Sheridan/Third/ai-ml-capstone/ml-services/data/raw/ravdess/audio_speech_actors_01-24/Actor_19/03-01-07-01-02-02-19.wav,03-01-07-01-02-02-19.wav,RAVDESS,19,03,01,07,disgust,disgust,Negative,01,02,02,True,train
/Users/clarayousif/Sheridan/Third/ai-ml-capstone/ml-services/data/raw/ravdess/audio_speech_actors_01-24/Actor_19/03-01-07-02-01-01-19.wav,03-01-07-02-01-01-19.wav,RAVDESS,19,03,01,07,disgust,disgust,Negative,02,01,01,True,train
/Users/clarayousif/Sheridan/Third/ai-ml-capstone/ml-services/data/raw/ravdess/audio_speech_actors_01-24/Actor_19/03-01-07-02-01-02-19.wav,03-01-07-02-01-02-19.wav,RAVDESS,19,03,01,07,disgust,disgust,Negative,02,01,02,True,train
/Users/clarayousif/Sheridan/Third/ai-ml-capstone/ml-services/data/raw/ravdess/audio_speech_actors_01-24/Actor_19/03-01-07-02-02-01-19.wav,03-01-07-02-02-01-19.wav,RAVDESS,19,03,01,07,disgust,disgust,Negative,02,02,01,True,train
/Users/clarayousif/Sheridan/Third/ai-ml-capstone/ml-services/data/raw/ravdess/audio_speech_actors_01-24/Actor_19/03-01-07-02-02-02-19.wav,03-01-07-02-02-02-19.wav,RAVDESS,19,03,01,07,disgust,disgust,Negative,02,02,02,True,train
/Users/clarayousif/Sheridan/Third/ai-ml-capstone/ml-services/data/raw/ravdess/audio_speech_actors_01-24/Actor_19/03-01-06-01-01-01-19.wav,03-01-06-01-01-01-19.wav,RAVDESS,19,03,01,06,fearful,fear,Negative,01,01,01,True,train
/Users/clarayousif/Sheridan/Third/ai-ml-capstone/ml-services/data/raw/ravdess/audio_speech_actors_01-24/Actor_19/03-01-06-01-01-02-19.wav,03-01-06-01-01-02-19.wav,RAVDESS,19,03,01,06,fearful,fear,Negative,01,01,02,True,train
/Users/clarayousif/Sheridan/Third/ai-ml-capstone/ml-services/data/raw/ravdess/audio_speech_actors_01-24/Actor_19/03-01-06-01-02-01-19.wav,03-01-06-01-02-01-19.wav,RAVDESS,19,03,01,06,fearful,fear,Negative,01,02,01,True,train
/Users/clarayousif/Sheridan/Third/ai-ml-capstone/ml-services/data/raw/ravdess/audio_speech_actors_01-24/Actor_19/03-01-06-01-02-02-19.wav,03-01-06-01-02-02-19.wav,RAVDESS,19,03,01,06,fearful,fear,Negative,01,02,02,True,train
/Users/clarayousif/Sheridan/Third/ai-ml-capstone/ml-services/data/raw/ravdess/audio_speech_actors_01-24/Actor_19/03-01-06-02-01-01-19.wav,03-01-06-02-01-01-19.wav,RAVDESS,19,03,01,06,fearful,fear,Negative,02,01,01,True,train
/Users/clarayousif/Sheridan/Third/ai-ml-capstone/ml-services/data/raw/ravdess/audio_speech_actors_01-24/Actor_19/03-01-06-02-01-02-19.wav,03-01-06-02-01-02-19.wav,RAVDESS,19,03,01,06,fearful,fear,Negative,02,01,02,True,train
/Users/clarayousif/Sheridan/Third/ai-ml-capstone/ml-services/data/raw/ravdess/audio_speech_actors_01-24/Actor_19/03-01-06-02-02-01-19.wav,03-01-06-02-02-01-19.wav,RAVDESS,19,03,01,06,fearful,fear,Negative,02,02,01,True,train
/Users/clarayousif/Sheridan/Third/ai-ml-capstone/ml-services/data/raw/ravdess/audio_speech_actors_01-24/Actor_19/03-01-06-02-02-02-19.wav,03-01-06-02-02-02-19.wav,RAVDESS,19,03,01,06,fearful,fear,Negative,02,02,02,True,train
/Users/clarayousif/Sheridan/Third/ai-ml-capstone/ml-services/data/raw/ravdess/audio_speech_actors_01-24/Actor_19/03-01-03-01-01-01-19.wav,03-01-03-01-01-01-19.wav,RAVDESS,19,03,01,03,happy,happy,Positive,01,01,01,False,train
/Users/clarayousif/Sheridan/Third/ai-ml-capstone/ml-services/data/raw/ravdess/audio_speech_actors_01-24/Actor_19/03-01-03-01-01-02-19.wav,03-01-03-01-01-02-19.wav,RAVDESS,19,03,01,03,happy,happy,Positive,01,01,02,False,train
/Users/clarayousif/Sheridan/Third/ai-ml-capstone/ml-services/data/raw/ravdess/audio_speech_actors_01-24/Actor_19/03-01-03-01-02-01-19.wav,03-01-03-01-02-01-19.wav,RAVDESS,19,03,01,03,happy,happy,Positive,01,02,01,False,train
/Users/clarayousif/Sheridan/Third/ai-ml-capstone/ml-services/data/raw/ravdess/audio_speech_actors_01-24/Actor_19/03-01-03-01-02-02-19.wav,03-01-03-01-02-02-19.wav,RAVDESS,19,03,01,03,happy,happy,Positive,01,02,02,False,train
/Users/clarayousif/Sheridan/Third/ai-ml-capstone/ml-services/data/raw/ravdess/audio_speech_actors_01-24/Actor_19/03-01-03-02-01-01-19.wav,03-01-03-02-01-01-19.wav,RAVDESS,19,03,01,03,happy,happy,Positive,02,01,01,False,train
/Users/clarayousif/Sheridan/Third/ai-ml-capstone/ml-services/data/raw/ravdess/audio_speech_actors_01-24/Actor_19/03-01-03-02-01-02-19.wav,03-01-03-02-01-02-19.wav,RAVDESS,19,03,01,03,happy,happy,Positive,02,01,02,False,train
/Users/clarayousif/Sheridan/Third/ai-ml-capstone/ml-services/data/raw/ravdess/audio_speech_actors_01-24/Actor_19/03-01-03-02-02-01-19.wav,03-01-03-02-02-01-19.wav,RAVDESS,19,03,01,03,happy,happy,Positive,02,02,01,False,train
/Users/clarayousif/Sheridan/Third/ai-ml-capstone/ml-services/data/raw/ravdess/audio_speech_actors_01-24/Actor_19/03-01-03-02-02-02-19.wav,03-01-03-02-02-02-19.wav,RAVDESS,19,03,01,03,happy,happy,Positive,02,02,02,False,train
/Users/clarayousif/Sheridan/Third/ai-ml-capstone/ml-services/data/raw/ravdess/audio_speech_actors_01-24/Actor_19/03-01-01-01-01-01-19.wav,03-01-01-01-01-01-19.wav,RAVDESS,19,03,01,01,neutral,neutral,Neutral,01,01,01,False,train
/Users/clarayousif/Sheridan/Third/ai-ml-capstone/ml-services/data/raw/ravdess/audio_speech_actors_01-24/Actor_19/03-01-01-01-01-02-19.wav,03-01-01-01-01-02-19.wav,RAVDESS,19,03,01,01,neutral,neutral,Neutral,01,01,02,False,train
/Users/clarayousif/Sheridan/Third/ai-ml-capstone/ml-services/data/raw/ravdess/audio_speech_actors_01-24/Actor_19/03-01-01-01-02-01-19.wav,03-01-01-01-02-01-19.wav,RAVDESS,19,03,01,01,neutral,neutral,Neutral,01,02,01,False,train
/Users/clarayousif/Sheridan/Third/ai-ml-capstone/ml-services/data/raw/ravdess/audio_speech_actors_01-24/Actor_19/03-01-01-01-02-02-19.wav,03-01-01-01-02-02-19.wav,RAVDESS,19,03,01,01,neutral,neutral,Neutral,01,02,02,False,train
/Users/clarayousif/Sheridan/Third/ai-ml-capstone/ml-services/data/raw/ravdess/audio_speech_actors_01-24/Actor_19/03-01-02-01-01-01-19.wav,03-01-02-01-01-01-19.wav,RAVDESS,19,03,01,02,calm,neutral,Neutral,01,01,01,False,train
/Users/clarayousif/Sheridan/Third/ai-ml-capstone/ml-services/data/raw/ravdess/audio_speech_actors_01-24/Actor_19/03-01-02-01-01-02-19.wav,03-01-02-01-01-02-19.wav,RAVDESS,19,03,01,02,calm,neutral,Neutral,01,01,02,False,train
/Users/clarayousif/Sheridan/Third/ai-ml-capstone/ml-services/data/raw/ravdess/audio_speech_actors_01-24/Actor_19/03-01-02-01-02-01-19.wav,03-01-02-01-02-01-19.wav,RAVDESS,19,03,01,02,calm,neutral,Neutral,01,02,01,False,train
/Users/clarayousif/Sheridan/Third/ai-ml-capstone/ml-services/data/raw/ravdess/audio_speech_actors_01-24/Actor_19/03-01-02-01-02-02-19.wav,03-01-02-01-02-02-19.wav,RAVDESS,19,03,01,02,calm,neutral,Neutral,01,02,02,False,train
/Users/clarayousif/Sheridan/Third/ai-ml-capstone/ml-services/data/raw/ravdess/audio_speech_actors_01-24/Actor_19/03-01-02-02-01-01-19.wav,03-01-02-02-01-01-19.wav,RAVDESS,19,03,01,02,calm,neutral,Neutral,02,01,01,False,train
/Users/clarayousif/Sheridan/Third/ai-ml-capstone/ml-services/data/raw/ravdess/audio_speech_actors_01-24/Actor_19/03-01-02-02-01-02-19.wav,03-01-02-02-01-02-19.wav,RAVDESS,19,03,01,02,calm,neutral,Neutral,02,01,02,False,train
/Users/clarayousif/Sheridan/Third/ai-ml-capstone/ml-services/data/raw/ravdess/audio_speech_actors_01-24/Actor_19/03-01-02-02-02-01-19.wav,03-01-02-02-02-01-19.wav,RAVDESS,19,03,01,02,calm,neutral,Neutral,02,02,01,False,train
/Users/clarayousif/Sheridan/Third/ai-ml-capstone/ml-services/data/raw/ravdess/audio_speech_actors_01-24/Actor_19/03-01-02-02-02-02-19.wav,03-01-02-02-02-02-19.wav,RAVDESS,19,03,01,02,calm,neutral,Neutral,02,02,02,False,train
/Users/clarayousif/Sheridan/Third/ai-ml-capstone/ml-services/data/raw/ravdess/audio_speech_actors_01-24/Actor_19/03-01-04-01-01-01-19.wav,03-01-04-01-01-01-19.wav,RAVDESS,19,03,01,04,sad,sadness,Negative,01,01,01,True,train
/Users/clarayousif/Sheridan/Third/ai-ml-capstone/ml-services/data/raw/ravdess/audio_speech_actors_01-24/Actor_19/03-01-04-01-01-02-19.wav,03-01-04-01-01-02-19.wav,RAVDESS,19,03,01,04,sad,sadness,Negative,01,01,02,True,train
/Users/clarayousif/Sheridan/Third/ai-ml-capstone/ml-services/data/raw/ravdess/audio_speech_actors_01-24/Actor_19/03-01-04-01-02-01-19.wav,03-01-04-01-02-01-19.wav,RAVDESS,19,03,01,04,sad,sadness,Negative,01,02,01,True,train
/Users/clarayousif/Sheridan/Third/ai-ml-capstone/ml-services/data/raw/ravdess/audio_speech_actors_01-24/Actor_19/03-01-04-01-02-02-19.wav,03-01-04-01-02-02-19.wav,RAVDESS,19,03,01,04,sad,sadness,Negative,01,02,02,True,train
/Users/clarayousif/Sheridan/Third/ai-ml-capstone/ml-services/data/raw/ravdess/audio_speech_actors_01-24/Actor_19/03-01-04-02-01-01-19.wav,03-01-04-02-01-01-19.wav,RAVDESS,19,03,01,04,sad,sadness,Negative,02,01,01,True,train
/Users/clarayousif/Sheridan/Third/ai-ml-capstone/ml-services/data/raw/ravdess/audio_speech_actors_01-24/Actor_19/03-01-04-02-01-02-19.wav,03-01-04-02-01-02-19.wav,RAVDESS,19,03,01,04,sad,sadness,Negative,02,01,02,True,train
/Users/clarayousif/Sheridan/Third/ai-ml-capstone/ml-services/data/raw/ravdess/audio_speech_actors_01-24/Actor_19/03-01-04-02-02-01-19.wav,03-01-04-02-02-01-19.wav,RAVDESS,19,03,01,04,sad,sadness,Negative,02,02,01,True,train
/Users/clarayousif/Sheridan/Third/ai-ml-capstone/ml-services/data/raw/ravdess/audio_speech_actors_01-24/Actor_19/03-01-04-02-02-02-19.wav,03-01-04-02-02-02-19.wav,RAVDESS,19,03,01,04,sad,sadness,Negative,02,02,02,True,train
/Users/clarayousif/Sheridan/Third/ai-ml-capstone/ml-services/data/raw/ravdess/audio_speech_actors_01-24/Actor_22/03-01-05-01-01-01-22.wav,03-01-05-01-01-01-22.wav,RAVDESS,22,03,01,05,angry,anger,Negative,01,01,01,True,train
/Users/clarayousif/Sheridan/Third/ai-ml-capstone/ml-services/data/raw/ravdess/audio_speech_actors_01-24/Actor_22/03-01-05-01-01-02-22.wav,03-01-05-01-01-02-22.wav,RAVDESS,22,03,01,05,angry,anger,Negative,01,01,02,True,train
/Users/clarayousif/Sheridan/Third/ai-ml-capstone/ml-services/data/raw/ravdess/audio_speech_actors_01-24/Actor_22/03-01-05-01-02-01-22.wav,03-01-05-01-02-01-22.wav,RAVDESS,22,03,01,05,angry,anger,Negative,01,02,01,True,train
/Users/clarayousif/Sheridan/Third/ai-ml-capstone/ml-services/data/raw/ravdess/audio_speech_actors_01-24/Actor_22/03-01-05-01-02-02-22.wav,03-01-05-01-02-02-22.wav,RAVDESS,22,03,01,05,angry,anger,Negative,01,02,02,True,train
/Users/clarayousif/Sheridan/Third/ai-ml-capstone/ml-services/data/raw/ravdess/audio_speech_actors_01-24/Actor_22/03-01-05-02-01-01-22.wav,03-01-05-02-01-01-22.wav,RAVDESS,22,03,01,05,angry,anger,Negative,02,01,01,True,train
/Users/clarayousif/Sheridan/Third/ai-ml-capstone/ml-services/data/raw/ravdess/audio_speech_actors_01-24/Actor_22/03-01-05-02-01-02-22.wav,03-01-05-02-01-02-22.wav,RAVDESS,22,03,01,05,angry,anger,Negative,02,01,02,True,train
/Users/clarayousif/Sheridan/Third/ai-ml-capstone/ml-services/data/raw/ravdess/audio_speech_actors_01-24/Actor_22/03-01-05-02-02-01-22.wav,03-01-05-02-02-01-22.wav,RAVDESS,22,03,01,05,angry,anger,Negative,02,02,01,True,train
/Users/clarayousif/Sheridan/Third/ai-ml-capstone/ml-services/data/raw/ravdess/audio_speech_actors_01-24/Actor_22/03-01-05-02-02-02-22.wav,03-01-05-02-02-02-22.wav,RAVDESS,22,03,01,05,angry,anger,Negative,02,02,02,True,train
/Users/clarayousif/Sheridan/Third/ai-ml-capstone/ml-services/data/raw/ravdess/audio_speech_actors_01-24/Actor_22/03-01-07-01-01-01-22.wav,03-01-07-01-01-01-22.wav,RAVDESS,22,03,01,07,disgust,disgust,Negative,01,01,01,True,train
/Users/clarayousif/Sheridan/Third/ai-ml-capstone/ml-services/data/raw/ravdess/audio_speech_actors_01-24/Actor_22/03-01-07-01-01-02-22.wav,03-01-07-01-01-02-22.wav,RAVDESS,22,03,01,07,disgust,disgust,Negative,01,01,02,True,train
/Users/clarayousif/Sheridan/Third/ai-ml-capstone/ml-services/data/raw/ravdess/audio_speech_actors_01-24/Actor_22/03-01-07-01-02-01-22.wav,03-01-07-01-02-01-22.wav,RAVDESS,22,03,01,07,disgust,disgust,Negative,01,02,01,True,train
/Users/clarayousif/Sheridan/Third/ai-ml-capstone/ml-services/data/raw/ravdess/audio_speech_actors_01-24/Actor_22/03-01-07-01-02-02-22.wav,03-01-07-01-02-02-22.wav,RAVDESS,22,03,01,07,disgust,disgust,Negative,01,02,02,True,train
/Users/clarayousif/Sheridan/Third/ai-ml-capstone/ml-services/data/raw/ravdess/audio_speech_actors_01-24/Actor_22/03-01-07-02-01-01-22.wav,03-01-07-02-01-01-22.wav,RAVDESS,22,03,01,07,disgust,disgust,Negative,02,01,01,True,train
/Users/clarayousif/Sheridan/Third/ai-ml-capstone/ml-services/data/raw/ravdess/audio_speech_actors_01-24/Actor_22/03-01-07-02-01-02-22.wav,03-01-07-02-01-02-22.wav,RAVDESS,22,03,01,07,disgust,disgust,Negative,02,01,02,True,train
/Users/clarayousif/Sheridan/Third/ai-ml-capstone/ml-services/data/raw/ravdess/audio_speech_actors_01-24/Actor_22/03-01-07-02-02-01-22.wav,03-01-07-02-02-01-22.wav,RAVDESS,22,03,01,07,disgust,disgust,Negative,02,02,01,True,train
/Users/clarayousif/Sheridan/Third/ai-ml-capstone/ml-services/data/raw/ravdess/audio_speech_actors_01-24/Actor_22/03-01-07-02-02-02-22.wav,03-01-07-02-02-02-22.wav,RAVDESS,22,03,01,07,disgust,disgust,Negative,02,02,02,True,train
/Users/clarayousif/Sheridan/Third/ai-ml-capstone/ml-services/data/raw/ravdess/audio_speech_actors_01-24/Actor_22/03-01-06-01-01-01-22.wav,03-01-06-01-01-01-22.wav,RAVDESS,22,03,01,06,fearful,fear,Negative,01,01,01,True,train
/Users/clarayousif/Sheridan/Third/ai-ml-capstone/ml-services/data/raw/ravdess/audio_speech_actors_01-24/Actor_22/03-01-06-01-01-02-22.wav,03-01-06-01-01-02-22.wav,RAVDESS,22,03,01,06,fearful,fear,Negative,01,01,02,True,train
/Users/clarayousif/Sheridan/Third/ai-ml-capstone/ml-services/data/raw/ravdess/audio_speech_actors_01-24/Actor_22/03-01-06-01-02-01-22.wav,03-01-06-01-02-01-22.wav,RAVDESS,22,03,01,06,fearful,fear,Negative,01,02,01,True,train
/Users/clarayousif/Sheridan/Third/ai-ml-capstone/ml-services/data/raw/ravdess/audio_speech_actors_01-24/Actor_22/03-01-06-01-02-02-22.wav,03-01-06-01-02-02-22.wav,RAVDESS,22,03,01,06,fearful,fear,Negative,01,02,02,True,train
/Users/clarayousif/Sheridan/Third/ai-ml-capstone/ml-services/data/raw/ravdess/audio_speech_actors_01-24/Actor_22/03-01-06-02-01-01-22.wav,03-01-06-02-01-01-22.wav,RAVDESS,22,03,01,06,fearful,fear,Negative,02,01,01,True,train
/Users/clarayousif/Sheridan/Third/ai-ml-capstone/ml-services/data/raw/ravdess/audio_speech_actors_01-24/Actor_22/03-01-06-02-01-02-22.wav,03-01-06-02-01-02-22.wav,RAVDESS,22,03,01,06,fearful,fear,Negative,02,01,02,True,train
/Users/clarayousif/Sheridan/Third/ai-ml-capstone/ml-services/data/raw/ravdess/audio_speech_actors_01-24/Actor_22/03-01-06-02-02-01-22.wav,03-01-06-02-02-01-22.wav,RAVDESS,22,03,01,06,fearful,fear,Negative,02,02,01,True,train
/Users/clarayousif/Sheridan/Third/ai-ml-capstone/ml-services/data/raw/ravdess/audio_speech_actors_01-24/Actor_22/03-01-06-02-02-02-22.wav,03-01-06-02-02-02-22.wav,RAVDESS,22,03,01,06,fearful,fear,Negative,02,02,02,True,train
/Users/clarayousif/Sheridan/Third/ai-ml-capstone/ml-services/data/raw/ravdess/audio_speech_actors_01-24/Actor_22/03-01-03-01-01-01-22.wav,03-01-03-01-01-01-22.wav,RAVDESS,22,03,01,03,happy,happy,Positive,01,01,01,False,train
/Users/clarayousif/Sheridan/Third/ai-ml-capstone/ml-services/data/raw/ravdess/audio_speech_actors_01-24/Actor_22/03-01-03-01-01-02-22.wav,03-01-03-01-01-02-22.wav,RAVDESS,22,03,01,03,happy,happy,Positive,01,01,02,False,train
/Users/clarayousif/Sheridan/Third/ai-ml-capstone/ml-services/data/raw/ravdess/audio_speech_actors_01-24/Actor_22/03-01-03-01-02-01-22.wav,03-01-03-01-02-01-22.wav,RAVDESS,22,03,01,03,happy,happy,Positive,01,02,01,False,train
/Users/clarayousif/Sheridan/Third/ai-ml-capstone/ml-services/data/raw/ravdess/audio_speech_actors_01-24/Actor_22/03-01-03-01-02-02-22.wav,03-01-03-01-02-02-22.wav,RAVDESS,22,03,01,03,happy,happy,Positive,01,02,02,False,train
/Users/clarayousif/Sheridan/Third/ai-ml-capstone/ml-services/data/raw/ravdess/audio_speech_actors_01-24/Actor_22/03-01-03-02-01-01-22.wav,03-01-03-02-01-01-22.wav,RAVDESS,22,03,01,03,happy,happy,Positive,02,01,01,False,train
/Users/clarayousif/Sheridan/Third/ai-ml-capstone/ml-services/data/raw/ravdess/audio_speech_actors_01-24/Actor_22/03-01-03-02-01-02-22.wav,03-01-03-02-01-02-22.wav,RAVDESS,22,03,01,03,happy,happy,Positive,02,01,02,False,train
/Users/clarayousif/Sheridan/Third/ai-ml-capstone/ml-services/data/raw/ravdess/audio_speech_actors_01-24/Actor_22/03-01-03-02-02-01-22.wav,03-01-03-02-02-01-22.wav,RAVDESS,22,03,01,03,happy,happy,Positive,02,02,01,False,train
/Users/clarayousif/Sheridan/Third/ai-ml-capstone/ml-services/data/raw/ravdess/audio_speech_actors_01-24/Actor_22/03-01-03-02-02-02-22.wav,03-01-03-02-02-02-22.wav,RAVDESS,22,03,01,03,happy,happy,Positive,02,02,02,False,train
/Users/clarayousif/Sheridan/Third/ai-ml-capstone/ml-services/data/raw/ravdess/audio_speech_actors_01-24/Actor_22/03-01-01-01-01-01-22.wav,03-01-01-01-01-01-22.wav,RAVDESS,22,03,01,01,neutral,neutral,Neutral,01,01,01,False,train
/Users/clarayousif/Sheridan/Third/ai-ml-capstone/ml-services/data/raw/ravdess/audio_speech_actors_01-24/Actor_22/03-01-01-01-01-02-22.wav,03-01-01-01-01-02-22.wav,RAVDESS,22,03,01,01,neutral,neutral,Neutral,01,01,02,False,train
/Users/clarayousif/Sheridan/Third/ai-ml-capstone/ml-services/data/raw/ravdess/audio_speech_actors_01-24/Actor_22/03-01-01-01-02-01-22.wav,03-01-01-01-02-01-22.wav,RAVDESS,22,03,01,01,neutral,neutral,Neutral,01,02,01,False,train
/Users/clarayousif/Sheridan/Third/ai-ml-capstone/ml-services/data/raw/ravdess/audio_speech_actors_01-24/Actor_22/03-01-01-01-02-02-22.wav,03-01-01-01-02-02-22.wav,RAVDESS,22,03,01,01,neutral,neutral,Neutral,01,02,02,False,train
/Users/clarayousif/Sheridan/Third/ai-ml-capstone/ml-services/data/raw/ravdess/audio_speech_actors_01-24/Actor_22/03-01-02-01-01-01-22.wav,03-01-02-01-01-01-22.wav,RAVDESS,22,03,01,02,calm,neutral,Neutral,01,01,01,False,train
/Users/clarayousif/Sheridan/Third/ai-ml-capstone/ml-services/data/raw/ravdess/audio_speech_actors_01-24/Actor_22/03-01-02-01-01-02-22.wav,03-01-02-01-01-02-22.wav,RAVDESS,22,03,01,02,calm,neutral,Neutral,01,01,02,False,train
/Users/clarayousif/Sheridan/Third/ai-ml-capstone/ml-services/data/raw/ravdess/audio_speech_actors_01-24/Actor_22/03-01-02-01-02-01-22.wav,03-01-02-01-02-01-22.wav,RAVDESS,22,03,01,02,calm,neutral,Neutral,01,02,01,False,train
/Users/clarayousif/Sheridan/Third/ai-ml-capstone/ml-services/data/raw/ravdess/audio_speech_actors_01-24/Actor_22/03-01-02-01-02-02-22.wav,03-01-02-01-02-02-22.wav,RAVDESS,22,03,01,02,calm,neutral,Neutral,01,02,02,False,train
/Users/clarayousif/Sheridan/Third/ai-ml-capstone/ml-services/data/raw/ravdess/audio_speech_actors_01-24/Actor_22/03-01-02-02-01-01-22.wav,03-01-02-02-01-01-22.wav,RAVDESS,22,03,01,02,calm,neutral,Neutral,02,01,01,False,train
/Users/clarayousif/Sheridan/Third/ai-ml-capstone/ml-services/data/raw/ravdess/audio_speech_actors_01-24/Actor_22/03-01-02-02-01-02-22.wav,03-01-02-02-01-02-22.wav,RAVDESS,22,03,01,02,calm,neutral,Neutral,02,01,02,False,train
/Users/clarayousif/Sheridan/Third/ai-ml-capstone/ml-services/data/raw/ravdess/audio_speech_actors_01-24/Actor_22/03-01-02-02-02-01-22.wav,03-01-02-02-02-01-22.wav,RAVDESS,22,03,01,02,calm,neutral,Neutral,02,02,01,False,train
/Users/clarayousif/Sheridan/Third/ai-ml-capstone/ml-services/data/raw/ravdess/audio_speech_actors_01-24/Actor_22/03-01-02-02-02-02-22.wav,03-01-02-02-02-02-22.wav,RAVDESS,22,03,01,02,calm,neutral,Neutral,02,02,02,False,train
/Users/clarayousif/Sheridan/Third/ai-ml-capstone/ml-services/data/raw/ravdess/audio_speech_actors_01-24/Actor_22/03-01-04-01-01-01-22.wav,03-01-04-01-01-01-22.wav,RAVDESS,22,03,01,04,sad,sadness,Negative,01,01,01,True,train
/Users/clarayousif/Sheridan/Third/ai-ml-capstone/ml-services/data/raw/ravdess/audio_speech_actors_01-24/Actor_22/03-01-04-01-01-02-22.wav,03-01-04-01-01-02-22.wav,RAVDESS,22,03,01,04,sad,sadness,Negative,01,01,02,True,train
/Users/clarayousif/Sheridan/Third/ai-ml-capstone/ml-services/data/raw/ravdess/audio_speech_actors_01-24/Actor_22/03-01-04-01-02-01-22.wav,03-01-04-01-02-01-22.wav,RAVDESS,22,03,01,04,sad,sadness,Negative,01,02,01,True,train
/Users/clarayousif/Sheridan/Third/ai-ml-capstone/ml-services/data/raw/ravdess/audio_speech_actors_01-24/Actor_22/03-01-04-01-02-02-22.wav,03-01-04-01-02-02-22.wav,RAVDESS,22,03,01,04,sad,sadness,Negative,01,02,02,True,train
/Users/clarayousif/Sheridan/Third/ai-ml-capstone/ml-services/data/raw/ravdess/audio_speech_actors_01-24/Actor_22/03-01-04-02-01-01-22.wav,03-01-04-02-01-01-22.wav,RAVDESS,22,03,01,04,sad,sadness,Negative,02,01,01,True,train
/Users/clarayousif/Sheridan/Third/ai-ml-capstone/ml-services/data/raw/ravdess/audio_speech_actors_01-24/Actor_22/03-01-04-02-01-02-22.wav,03-01-04-02-01-02-22.wav,RAVDESS,22,03,01,04,sad,sadness,Negative,02,01,02,True,train
/Users/clarayousif/Sheridan/Third/ai-ml-capstone/ml-services/data/raw/ravdess/audio_speech_actors_01-24/Actor_22/03-01-04-02-02-01-22.wav,03-01-04-02-02-01-22.wav,RAVDESS,22,03,01,04,sad,sadness,Negative,02,02,01,True,train
/Users/clarayousif/Sheridan/Third/ai-ml-capstone/ml-services/data/raw/ravdess/audio_speech_actors_01-24/Actor_22/03-01-04-02-02-02-22.wav,03-01-04-02-02-02-22.wav,RAVDESS,22,03,01,04,sad,sadness,Negative,02,02,02,True,train
/Users/clarayousif/Sheridan/Third/ai-ml-capstone/ml-services/data/raw/ravdess/audio_speech_actors_01-24/Actor_24/03-01-05-01-01-01-24.wav,03-01-05-01-01-01-24.wav,RAVDESS,24,03,01,05,angry,anger,Negative,01,01,01,True,train
/Users/clarayousif/Sheridan/Third/ai-ml-capstone/ml-services/data/raw/ravdess/audio_speech_actors_01-24/Actor_24/03-01-05-01-01-02-24.wav,03-01-05-01-01-02-24.wav,RAVDESS,24,03,01,05,angry,anger,Negative,01,01,02,True,train
/Users/clarayousif/Sheridan/Third/ai-ml-capstone/ml-services/data/raw/ravdess/audio_speech_actors_01-24/Actor_24/03-01-05-01-02-01-24.wav,03-01-05-01-02-01-24.wav,RAVDESS,24,03,01,05,angry,anger,Negative,01,02,01,True,train
/Users/clarayousif/Sheridan/Third/ai-ml-capstone/ml-services/data/raw/ravdess/audio_speech_actors_01-24/Actor_24/03-01-05-01-02-02-24.wav,03-01-05-01-02-02-24.wav,RAVDESS,24,03,01,05,angry,anger,Negative,01,02,02,True,train
/Users/clarayousif/Sheridan/Third/ai-ml-capstone/ml-services/data/raw/ravdess/audio_speech_actors_01-24/Actor_24/03-01-05-02-01-01-24.wav,03-01-05-02-01-01-24.wav,RAVDESS,24,03,01,05,angry,anger,Negative,02,01,01,True,train
/Users/clarayousif/Sheridan/Third/ai-ml-capstone/ml-services/data/raw/ravdess/audio_speech_actors_01-24/Actor_24/03-01-05-02-01-02-24.wav,03-01-05-02-01-02-24.wav,RAVDESS,24,03,01,05,angry,anger,Negative,02,01,02,True,train
/Users/clarayousif/Sheridan/Third/ai-ml-capstone/ml-services/data/raw/ravdess/audio_speech_actors_01-24/Actor_24/03-01-05-02-02-01-24.wav,03-01-05-02-02-01-24.wav,RAVDESS,24,03,01,05,angry,anger,Negative,02,02,01,True,train
/Users/clarayousif/Sheridan/Third/ai-ml-capstone/ml-services/data/raw/ravdess/audio_speech_actors_01-24/Actor_24/03-01-05-02-02-02-24.wav,03-01-05-02-02-02-24.wav,RAVDESS,24,03,01,05,angry,anger,Negative,02,02,02,True,train
/Users/clarayousif/Sheridan/Third/ai-ml-capstone/ml-services/data/raw/ravdess/audio_speech_actors_01-24/Actor_24/03-01-07-01-01-01-24.wav,03-01-07-01-01-01-24.wav,RAVDESS,24,03,01,07,disgust,disgust,Negative,01,01,01,True,train
/Users/clarayousif/Sheridan/Third/ai-ml-capstone/ml-services/data/raw/ravdess/audio_speech_actors_01-24/Actor_24/03-01-07-01-01-02-24.wav,03-01-07-01-01-02-24.wav,RAVDESS,24,03,01,07,disgust,disgust,Negative,01,01,02,True,train
/Users/clarayousif/Sheridan/Third/ai-ml-capstone/ml-services/data/raw/ravdess/audio_speech_actors_01-24/Actor_24/03-01-07-01-02-01-24.wav,03-01-07-01-02-01-24.wav,RAVDESS,24,03,01,07,disgust,disgust,Negative,01,02,01,True,train
/Users/clarayousif/Sheridan/Third/ai-ml-capstone/ml-services/data/raw/ravdess/audio_speech_actors_01-24/Actor_24/03-01-07-01-02-02-24.wav,03-01-07-01-02-02-24.wav,RAVDESS,24,03,01,07,disgust,disgust,Negative,01,02,02,True,train
/Users/clarayousif/Sheridan/Third/ai-ml-capstone/ml-services/data/raw/ravdess/audio_speech_actors_01-24/Actor_24/03-01-07-02-01-01-24.wav,03-01-07-02-01-01-24.wav,RAVDESS,24,03,01,07,disgust,disgust,Negative,02,01,01,True,train
/Users/clarayousif/Sheridan/Third/ai-ml-capstone/ml-services/data/raw/ravdess/audio_speech_actors_01-24/Actor_24/03-01-07-02-01-02-24.wav,03-01-07-02-01-02-24.wav,RAVDESS,24,03,01,07,disgust,disgust,Negative,02,01,02,True,train
/Users/clarayousif/Sheridan/Third/ai-ml-capstone/ml-services/data/raw/ravdess/audio_speech_actors_01-24/Actor_24/03-01-07-02-02-01-24.wav,03-01-07-02-02-01-24.wav,RAVDESS,24,03,01,07,disgust,disgust,Negative,02,02,01,True,train
/Users/clarayousif/Sheridan/Third/ai-ml-capstone/ml-services/data/raw/ravdess/audio_speech_actors_01-24/Actor_24/03-01-07-02-02-02-24.wav,03-01-07-02-02-02-24.wav,RAVDESS,24,03,01,07,disgust,disgust,Negative,02,02,02,True,train
/Users/clarayousif/Sheridan/Third/ai-ml-capstone/ml-services/data/raw/ravdess/audio_speech_actors_01-24/Actor_24/03-01-06-01-01-01-24.wav,03-01-06-01-01-01-24.wav,RAVDESS,24,03,01,06,fearful,fear,Negative,01,01,01,True,train
/Users/clarayousif/Sheridan/Third/ai-ml-capstone/ml-services/data/raw/ravdess/audio_speech_actors_01-24/Actor_24/03-01-06-01-01-02-24.wav,03-01-06-01-01-02-24.wav,RAVDESS,24,03,01,06,fearful,fear,Negative,01,01,02,True,train
/Users/clarayousif/Sheridan/Third/ai-ml-capstone/ml-services/data/raw/ravdess/audio_speech_actors_01-24/Actor_24/03-01-06-01-02-01-24.wav,03-01-06-01-02-01-24.wav,RAVDESS,24,03,01,06,fearful,fear,Negative,01,02,01,True,train
/Users/clarayousif/Sheridan/Third/ai-ml-capstone/ml-services/data/raw/ravdess/audio_speech_actors_01-24/Actor_24/03-01-06-01-02-02-24.wav,03-01-06-01-02-02-24.wav,RAVDESS,24,03,01,06,fearful,fear,Negative,01,02,02,True,train
/Users/clarayousif/Sheridan/Third/ai-ml-capstone/ml-services/data/raw/ravdess/audio_speech_actors_01-24/Actor_24/03-01-06-02-01-01-24.wav,03-01-06-02-01-01-24.wav,RAVDESS,24,03,01,06,fearful,fear,Negative,02,01,01,True,train
/Users/clarayousif/Sheridan/Third/ai-ml-capstone/ml-services/data/raw/ravdess/audio_speech_actors_01-24/Actor_24/03-01-06-02-01-02-24.wav,03-01-06-02-01-02-24.wav,RAVDESS,24,03,01,06,fearful,fear,Negative,02,01,02,True,train
/Users/clarayousif/Sheridan/Third/ai-ml-capstone/ml-services/data/raw/ravdess/audio_speech_actors_01-24/Actor_24/03-01-06-02-02-01-24.wav,03-01-06-02-02-01-24.wav,RAVDESS,24,03,01,06,fearful,fear,Negative,02,02,01,True,train
/Users/clarayousif/Sheridan/Third/ai-ml-capstone/ml-services/data/raw/ravdess/audio_speech_actors_01-24/Actor_24/03-01-06-02-02-02-24.wav,03-01-06-02-02-02-24.wav,RAVDESS,24,03,01,06,fearful,fear,Negative,02,02,02,True,train
/Users/clarayousif/Sheridan/Third/ai-ml-capstone/ml-services/data/raw/ravdess/audio_speech_actors_01-24/Actor_24/03-01-03-01-01-01-24.wav,03-01-03-01-01-01-24.wav,RAVDESS,24,03,01,03,happy,happy,Positive,01,01,01,False,train
/Users/clarayousif/Sheridan/Third/ai-ml-capstone/ml-services/data/raw/ravdess/audio_speech_actors_01-24/Actor_24/03-01-03-01-01-02-24.wav,03-01-03-01-01-02-24.wav,RAVDESS,24,03,01,03,happy,happy,Positive,01,01,02,False,train
/Users/clarayousif/Sheridan/Third/ai-ml-capstone/ml-services/data/raw/ravdess/audio_speech_actors_01-24/Actor_24/03-01-03-01-02-01-24.wav,03-01-03-01-02-01-24.wav,RAVDESS,24,03,01,03,happy,happy,Positive,01,02,01,False,train
/Users/clarayousif/Sheridan/Third/ai-ml-capstone/ml-services/data/raw/ravdess/audio_speech_actors_01-24/Actor_24/03-01-03-01-02-02-24.wav,03-01-03-01-02-02-24.wav,RAVDESS,24,03,01,03,happy,happy,Positive,01,02,02,False,train
/Users/clarayousif/Sheridan/Third/ai-ml-capstone/ml-services/data/raw/ravdess/audio_speech_actors_01-24/Actor_24/03-01-03-02-01-01-24.wav,03-01-03-02-01-01-24.wav,RAVDESS,24,03,01,03,happy,happy,Positive,02,01,01,False,train
/Users/clarayousif/Sheridan/Third/ai-ml-capstone/ml-services/data/raw/ravdess/audio_speech_actors_01-24/Actor_24/03-01-03-02-01-02-24.wav,03-01-03-02-01-02-24.wav,RAVDESS,24,03,01,03,happy,happy,Positive,02,01,02,False,train
/Users/clarayousif/Sheridan/Third/ai-ml-capstone/ml-services/data/raw/ravdess/audio_speech_actors_01-24/Actor_24/03-01-03-02-02-01-24.wav,03-01-03-02-02-01-24.wav,RAVDESS,24,03,01,03,happy,happy,Positive,02,02,01,False,train
/Users/clarayousif/Sheridan/Third/ai-ml-capstone/ml-services/data/raw/ravdess/audio_speech_actors_01-24/Actor_24/03-01-03-02-02-02-24.wav,03-01-03-02-02-02-24.wav,RAVDESS,24,03,01,03,happy,happy,Positive,02,02,02,False,train
/Users/clarayousif/Sheridan/Third/ai-ml-capstone/ml-services/data/raw/ravdess/audio_speech_actors_01-24/Actor_24/03-01-01-01-01-01-24.wav,03-01-01-01-01-01-24.wav,RAVDESS,24,03,01,01,neutral,neutral,Neutral,01,01,01,False,train
/Users/clarayousif/Sheridan/Third/ai-ml-capstone/ml-services/data/raw/ravdess/audio_speech_actors_01-24/Actor_24/03-01-01-01-01-02-24.wav,03-01-01-01-01-02-24.wav,RAVDESS,24,03,01,01,neutral,neutral,Neutral,01,01,02,False,train
/Users/clarayousif/Sheridan/Third/ai-ml-capstone/ml-services/data/raw/ravdess/audio_speech_actors_01-24/Actor_24/03-01-01-01-02-01-24.wav,03-01-01-01-02-01-24.wav,RAVDESS,24,03,01,01,neutral,neutral,Neutral,01,02,01,False,train
/Users/clarayousif/Sheridan/Third/ai-ml-capstone/ml-services/data/raw/ravdess/audio_speech_actors_01-24/Actor_24/03-01-01-01-02-02-24.wav,03-01-01-01-02-02-24.wav,RAVDESS,24,03,01,01,neutral,neutral,Neutral,01,02,02,False,train
/Users/clarayousif/Sheridan/Third/ai-ml-capstone/ml-services/data/raw/ravdess/audio_speech_actors_01-24/Actor_24/03-01-02-01-01-01-24.wav,03-01-02-01-01-01-24.wav,RAVDESS,24,03,01,02,calm,neutral,Neutral,01,01,01,False,train
/Users/clarayousif/Sheridan/Third/ai-ml-capstone/ml-services/data/raw/ravdess/audio_speech_actors_01-24/Actor_24/03-01-02-01-01-02-24.wav,03-01-02-01-01-02-24.wav,RAVDESS,24,03,01,02,calm,neutral,Neutral,01,01,02,False,train
/Users/clarayousif/Sheridan/Third/ai-ml-capstone/ml-services/data/raw/ravdess/audio_speech_actors_01-24/Actor_24/03-01-02-01-02-01-24.wav,03-01-02-01-02-01-24.wav,RAVDESS,24,03,01,02,calm,neutral,Neutral,01,02,01,False,train
/Users/clarayousif/Sheridan/Third/ai-ml-capstone/ml-services/data/raw/ravdess/audio_speech_actors_01-24/Actor_24/03-01-02-01-02-02-24.wav,03-01-02-01-02-02-24.wav,RAVDESS,24,03,01,02,calm,neutral,Neutral,01,02,02,False,train
/Users/clarayousif/Sheridan/Third/ai-ml-capstone/ml-services/data/raw/ravdess/audio_speech_actors_01-24/Actor_24/03-01-02-02-01-01-24.wav,03-01-02-02-01-01-24.wav,RAVDESS,24,03,01,02,calm,neutral,Neutral,02,01,01,False,train
/Users/clarayousif/Sheridan/Third/ai-ml-capstone/ml-services/data/raw/ravdess/audio_speech_actors_01-24/Actor_24/03-01-02-02-01-02-24.wav,03-01-02-02-01-02-24.wav,RAVDESS,24,03,01,02,calm,neutral,Neutral,02,01,02,False,train
/Users/clarayousif/Sheridan/Third/ai-ml-capstone/ml-services/data/raw/ravdess/audio_speech_actors_01-24/Actor_24/03-01-02-02-02-01-24.wav,03-01-02-02-02-01-24.wav,RAVDESS,24,03,01,02,calm,neutral,Neutral,02,02,01,False,train
/Users/clarayousif/Sheridan/Third/ai-ml-capstone/ml-services/data/raw/ravdess/audio_speech_actors_01-24/Actor_24/03-01-02-02-02-02-24.wav,03-01-02-02-02-02-24.wav,RAVDESS,24,03,01,02,calm,neutral,Neutral,02,02,02,False,train
/Users/clarayousif/Sheridan/Third/ai-ml-capstone/ml-services/data/raw/ravdess/audio_speech_actors_01-24/Actor_24/03-01-04-01-01-01-24.wav,03-01-04-01-01-01-24.wav,RAVDESS,24,03,01,04,sad,sadness,Negative,01,01,01,True,train
/Users/clarayousif/Sheridan/Third/ai-ml-capstone/ml-services/data/raw/ravdess/audio_speech_actors_01-24/Actor_24/03-01-04-01-01-02-24.wav,03-01-04-01-01-02-24.wav,RAVDESS,24,03,01,04,sad,sadness,Negative,01,01,02,True,train
/Users/clarayousif/Sheridan/Third/ai-ml-capstone/ml-services/data/raw/ravdess/audio_speech_actors_01-24/Actor_24/03-01-04-01-02-01-24.wav,03-01-04-01-02-01-24.wav,RAVDESS,24,03,01,04,sad,sadness,Negative,01,02,01,True,train
/Users/clarayousif/Sheridan/Third/ai-ml-capstone/ml-services/data/raw/ravdess/audio_speech_actors_01-24/Actor_24/03-01-04-01-02-02-24.wav,03-01-04-01-02-02-24.wav,RAVDESS,24,03,01,04,sad,sadness,Negative,01,02,02,True,train
/Users/clarayousif/Sheridan/Third/ai-ml-capstone/ml-services/data/raw/ravdess/audio_speech_actors_01-24/Actor_24/03-01-04-02-01-01-24.wav,03-01-04-02-01-01-24.wav,RAVDESS,24,03,01,04,sad,sadness,Negative,02,01,01,True,train
/Users/clarayousif/Sheridan/Third/ai-ml-capstone/ml-services/data/raw/ravdess/audio_speech_actors_01-24/Actor_24/03-01-04-02-01-02-24.wav,03-01-04-02-01-02-24.wav,RAVDESS,24,03,01,04,sad,sadness,Negative,02,01,02,True,train
/Users/clarayousif/Sheridan/Third/ai-ml-capstone/ml-services/data/raw/ravdess/audio_speech_actors_01-24/Actor_24/03-01-04-02-02-01-24.wav,03-01-04-02-02-01-24.wav,RAVDESS,24,03,01,04,sad,sadness,Negative,02,02,01,True,train
/Users/clarayousif/Sheridan/Third/ai-ml-capstone/ml-services/data/raw/ravdess/audio_speech_actors_01-24/Actor_24/03-01-04-02-02-02-24.wav,03-01-04-02-02-02-24.wav,RAVDESS,24,03,01,04,sad,sadness,Negative,02,02,02,True,train
/Users/clarayousif/Sheridan/Third/ai-ml-capstone/ml-services/data/raw/ravdess/audio_speech_actors_01-24/Actor_05/03-01-05-01-01-01-05.wav,03-01-05-01-01-01-05.wav,RAVDESS,5,03,01,05,angry,anger,Negative,01,01,01,True,validation
/Users/clarayousif/Sheridan/Third/ai-ml-capstone/ml-services/data/raw/ravdess/audio_speech_actors_01-24/Actor_05/03-01-05-01-01-02-05.wav,03-01-05-01-01-02-05.wav,RAVDESS,5,03,01,05,angry,anger,Negative,01,01,02,True,validation
/Users/clarayousif/Sheridan/Third/ai-ml-capstone/ml-services/data/raw/ravdess/audio_speech_actors_01-24/Actor_05/03-01-05-01-02-01-05.wav,03-01-05-01-02-01-05.wav,RAVDESS,5,03,01,05,angry,anger,Negative,01,02,01,True,validation
/Users/clarayousif/Sheridan/Third/ai-ml-capstone/ml-services/data/raw/ravdess/audio_speech_actors_01-24/Actor_05/03-01-05-01-02-02-05.wav,03-01-05-01-02-02-05.wav,RAVDESS,5,03,01,05,angry,anger,Negative,01,02,02,True,validation
/Users/clarayousif/Sheridan/Third/ai-ml-capstone/ml-services/data/raw/ravdess/audio_speech_actors_01-24/Actor_05/03-01-05-02-01-01-05.wav,03-01-05-02-01-01-05.wav,RAVDESS,5,03,01,05,angry,anger,Negative,02,01,01,True,validation
/Users/clarayousif/Sheridan/Third/ai-ml-capstone/ml-services/data/raw/ravdess/audio_speech_actors_01-24/Actor_05/03-01-05-02-01-02-05.wav,03-01-05-02-01-02-05.wav,RAVDESS,5,03,01,05,angry,anger,Negative,02,01,02,True,validation
/Users/clarayousif/Sheridan/Third/ai-ml-capstone/ml-services/data/raw/ravdess/audio_speech_actors_01-24/Actor_05/03-01-05-02-02-01-05.wav,03-01-05-02-02-01-05.wav,RAVDESS,5,03,01,05,angry,anger,Negative,02,02,01,True,validation
/Users/clarayousif/Sheridan/Third/ai-ml-capstone/ml-services/data/raw/ravdess/audio_speech_actors_01-24/Actor_05/03-01-05-02-02-02-05.wav,03-01-05-02-02-02-05.wav,RAVDESS,5,03,01,05,angry,anger,Negative,02,02,02,True,validation
/Users/clarayousif/Sheridan/Third/ai-ml-capstone/ml-services/data/raw/ravdess/audio_speech_actors_01-24/Actor_05/03-01-07-01-01-01-05.wav,03-01-07-01-01-01-05.wav,RAVDESS,5,03,01,07,disgust,disgust,Negative,01,01,01,True,validation
/Users/clarayousif/Sheridan/Third/ai-ml-capstone/ml-services/data/raw/ravdess/audio_speech_actors_01-24/Actor_05/03-01-07-01-01-02-05.wav,03-01-07-01-01-02-05.wav,RAVDESS,5,03,01,07,disgust,disgust,Negative,01,01,02,True,validation
/Users/clarayousif/Sheridan/Third/ai-ml-capstone/ml-services/data/raw/ravdess/audio_speech_actors_01-24/Actor_05/03-01-07-01-02-01-05.wav,03-01-07-01-02-01-05.wav,RAVDESS,5,03,01,07,disgust,disgust,Negative,01,02,01,True,validation
/Users/clarayousif/Sheridan/Third/ai-ml-capstone/ml-services/data/raw/ravdess/audio_speech_actors_01-24/Actor_05/03-01-07-01-02-02-05.wav,03-01-07-01-02-02-05.wav,RAVDESS,5,03,01,07,disgust,disgust,Negative,01,02,02,True,validation
/Users/clarayousif/Sheridan/Third/ai-ml-capstone/ml-services/data/raw/ravdess/audio_speech_actors_01-24/Actor_05/03-01-07-02-01-01-05.wav,03-01-07-02-01-01-05.wav,RAVDESS,5,03,01,07,disgust,disgust,Negative,02,01,01,True,validation
/Users/clarayousif/Sheridan/Third/ai-ml-capstone/ml-services/data/raw/ravdess/audio_speech_actors_01-24/Actor_05/03-01-07-02-01-02-05.wav,03-01-07-02-01-02-05.wav,RAVDESS,5,03,01,07,disgust,disgust,Negative,02,01,02,True,validation
/Users/clarayousif/Sheridan/Third/ai-ml-capstone/ml-services/data/raw/ravdess/audio_speech_actors_01-24/Actor_05/03-01-07-02-02-01-05.wav,03-01-07-02-02-01-05.wav,RAVDESS,5,03,01,07,disgust,disgust,Negative,02,02,01,True,validation
/Users/clarayousif/Sheridan/Third/ai-ml-capstone/ml-services/data/raw/ravdess/audio_speech_actors_01-24/Actor_05/03-01-07-02-02-02-05.wav,03-01-07-02-02-02-05.wav,RAVDESS,5,03,01,07,disgust,disgust,Negative,02,02,02,True,validation
/Users/clarayousif/Sheridan/Third/ai-ml-capstone/ml-services/data/raw/ravdess/audio_speech_actors_01-24/Actor_05/03-01-06-01-01-01-05.wav,03-01-06-01-01-01-05.wav,RAVDESS,5,03,01,06,fearful,fear,Negative,01,01,01,True,validation
/Users/clarayousif/Sheridan/Third/ai-ml-capstone/ml-services/data/raw/ravdess/audio_speech_actors_01-24/Actor_05/03-01-06-01-01-02-05.wav,03-01-06-01-01-02-05.wav,RAVDESS,5,03,01,06,fearful,fear,Negative,01,01,02,True,validation
/Users/clarayousif/Sheridan/Third/ai-ml-capstone/ml-services/data/raw/ravdess/audio_speech_actors_01-24/Actor_05/03-01-06-01-02-01-05.wav,03-01-06-01-02-01-05.wav,RAVDESS,5,03,01,06,fearful,fear,Negative,01,02,01,True,validation
/Users/clarayousif/Sheridan/Third/ai-ml-capstone/ml-services/data/raw/ravdess/audio_speech_actors_01-24/Actor_05/03-01-06-01-02-02-05.wav,03-01-06-01-02-02-05.wav,RAVDESS,5,03,01,06,fearful,fear,Negative,01,02,02,True,validation
/Users/clarayousif/Sheridan/Third/ai-ml-capstone/ml-services/data/raw/ravdess/audio_speech_actors_01-24/Actor_05/03-01-06-02-01-01-05.wav,03-01-06-02-01-01-05.wav,RAVDESS,5,03,01,06,fearful,fear,Negative,02,01,01,True,validation
/Users/clarayousif/Sheridan/Third/ai-ml-capstone/ml-services/data/raw/ravdess/audio_speech_actors_01-24/Actor_05/03-01-06-02-01-02-05.wav,03-01-06-02-01-02-05.wav,RAVDESS,5,03,01,06,fearful,fear,Negative,02,01,02,True,validation
/Users/clarayousif/Sheridan/Third/ai-ml-capstone/ml-services/data/raw/ravdess/audio_speech_actors_01-24/Actor_05/03-01-06-02-02-01-05.wav,03-01-06-02-02-01-05.wav,RAVDESS,5,03,01,06,fearful,fear,Negative,02,02,01,True,validation
/Users/clarayousif/Sheridan/Third/ai-ml-capstone/ml-services/data/raw/ravdess/audio_speech_actors_01-24/Actor_05/03-01-06-02-02-02-05.wav,03-01-06-02-02-02-05.wav,RAVDESS,5,03,01,06,fearful,fear,Negative,02,02,02,True,validation
/Users/clarayousif/Sheridan/Third/ai-ml-capstone/ml-services/data/raw/ravdess/audio_speech_actors_01-24/Actor_05/03-01-03-01-01-01-05.wav,03-01-03-01-01-01-05.wav,RAVDESS,5,03,01,03,happy,happy,Positive,01,01,01,False,validation
/Users/clarayousif/Sheridan/Third/ai-ml-capstone/ml-services/data/raw/ravdess/audio_speech_actors_01-24/Actor_05/03-01-03-01-01-02-05.wav,03-01-03-01-01-02-05.wav,RAVDESS,5,03,01,03,happy,happy,Positive,01,01,02,False,validation
/Users/clarayousif/Sheridan/Third/ai-ml-capstone/ml-services/data/raw/ravdess/audio_speech_actors_01-24/Actor_05/03-01-03-01-02-01-05.wav,03-01-03-01-02-01-05.wav,RAVDESS,5,03,01,03,happy,happy,Positive,01,02,01,False,validation
/Users/clarayousif/Sheridan/Third/ai-ml-capstone/ml-services/data/raw/ravdess/audio_speech_actors_01-24/Actor_05/03-01-03-01-02-02-05.wav,03-01-03-01-02-02-05.wav,RAVDESS,5,03,01,03,happy,happy,Positive,01,02,02,False,validation
/Users/clarayousif/Sheridan/Third/ai-ml-capstone/ml-services/data/raw/ravdess/audio_speech_actors_01-24/Actor_05/03-01-03-02-01-01-05.wav,03-01-03-02-01-01-05.wav,RAVDESS,5,03,01,03,happy,happy,Positive,02,01,01,False,validation
/Users/clarayousif/Sheridan/Third/ai-ml-capstone/ml-services/data/raw/ravdess/audio_speech_actors_01-24/Actor_05/03-01-03-02-01-02-05.wav,03-01-03-02-01-02-05.wav,RAVDESS,5,03,01,03,happy,happy,Positive,02,01,02,False,validation
/Users/clarayousif/Sheridan/Third/ai-ml-capstone/ml-services/data/raw/ravdess/audio_speech_actors_01-24/Actor_05/03-01-03-02-02-01-05.wav,03-01-03-02-02-01-05.wav,RAVDESS,5,03,01,03,happy,happy,Positive,02,02,01,False,validation
/Users/clarayousif/Sheridan/Third/ai-ml-capstone/ml-services/data/raw/ravdess/audio_speech_actors_01-24/Actor_05/03-01-03-02-02-02-05.wav,03-01-03-02-02-02-05.wav,RAVDESS,5,03,01,03,happy,happy,Positive,02,02,02,False,validation
/Users/clarayousif/Sheridan/Third/ai-ml-capstone/ml-services/data/raw/ravdess/audio_speech_actors_01-24/Actor_05/03-01-01-01-01-01-05.wav,03-01-01-01-01-01-05.wav,RAVDESS,5,03,01,01,neutral,neutral,Neutral,01,01,01,False,validation
/Users/clarayousif/Sheridan/Third/ai-ml-capstone/ml-services/data/raw/ravdess/audio_speech_actors_01-24/Actor_05/03-01-01-01-01-02-05.wav,03-01-01-01-01-02-05.wav,RAVDESS,5,03,01,01,neutral,neutral,Neutral,01,01,02,False,validation
/Users/clarayousif/Sheridan/Third/ai-ml-capstone/ml-services/data/raw/ravdess/audio_speech_actors_01-24/Actor_05/03-01-01-01-02-01-05.wav,03-01-01-01-02-01-05.wav,RAVDESS,5,03,01,01,neutral,neutral,Neutral,01,02,01,False,validation
/Users/clarayousif/Sheridan/Third/ai-ml-capstone/ml-services/data/raw/ravdess/audio_speech_actors_01-24/Actor_05/03-01-01-01-02-02-05.wav,03-01-01-01-02-02-05.wav,RAVDESS,5,03,01,01,neutral,neutral,Neutral,01,02,02,False,validation
/Users/clarayousif/Sheridan/Third/ai-ml-capstone/ml-services/data/raw/ravdess/audio_speech_actors_01-24/Actor_05/03-01-02-01-01-01-05.wav,03-01-02-01-01-01-05.wav,RAVDESS,5,03,01,02,calm,neutral,Neutral,01,01,01,False,validation
/Users/clarayousif/Sheridan/Third/ai-ml-capstone/ml-services/data/raw/ravdess/audio_speech_actors_01-24/Actor_05/03-01-02-01-01-02-05.wav,03-01-02-01-01-02-05.wav,RAVDESS,5,03,01,02,calm,neutral,Neutral,01,01,02,False,validation
/Users/clarayousif/Sheridan/Third/ai-ml-capstone/ml-services/data/raw/ravdess/audio_speech_actors_01-24/Actor_05/03-01-02-01-02-01-05.wav,03-01-02-01-02-01-05.wav,RAVDESS,5,03,01,02,calm,neutral,Neutral,01,02,01,False,validation
/Users/clarayousif/Sheridan/Third/ai-ml-capstone/ml-services/data/raw/ravdess/audio_speech_actors_01-24/Actor_05/03-01-02-01-02-02-05.wav,03-01-02-01-02-02-05.wav,RAVDESS,5,03,01,02,calm,neutral,Neutral,01,02,02,False,validation
/Users/clarayousif/Sheridan/Third/ai-ml-capstone/ml-services/data/raw/ravdess/audio_speech_actors_01-24/Actor_05/03-01-02-02-01-01-05.wav,03-01-02-02-01-01-05.wav,RAVDESS,5,03,01,02,calm,neutral,Neutral,02,01,01,False,validation
/Users/clarayousif/Sheridan/Third/ai-ml-capstone/ml-services/data/raw/ravdess/audio_speech_actors_01-24/Actor_05/03-01-02-02-01-02-05.wav,03-01-02-02-01-02-05.wav,RAVDESS,5,03,01,02,calm,neutral,Neutral,02,01,02,False,validation
/Users/clarayousif/Sheridan/Third/ai-ml-capstone/ml-services/data/raw/ravdess/audio_speech_actors_01-24/Actor_05/03-01-02-02-02-01-05.wav,03-01-02-02-02-01-05.wav,RAVDESS,5,03,01,02,calm,neutral,Neutral,02,02,01,False,validation
/Users/clarayousif/Sheridan/Third/ai-ml-capstone/ml-services/data/raw/ravdess/audio_speech_actors_01-24/Actor_05/03-01-02-02-02-02-05.wav,03-01-02-02-02-02-05.wav,RAVDESS,5,03,01,02,calm,neutral,Neutral,02,02,02,False,validation
/Users/clarayousif/Sheridan/Third/ai-ml-capstone/ml-services/data/raw/ravdess/audio_speech_actors_01-24/Actor_05/03-01-04-01-01-01-05.wav,03-01-04-01-01-01-05.wav,RAVDESS,5,03,01,04,sad,sadness,Negative,01,01,01,True,validation
/Users/clarayousif/Sheridan/Third/ai-ml-capstone/ml-services/data/raw/ravdess/audio_speech_actors_01-24/Actor_05/03-01-04-01-01-02-05.wav,03-01-04-01-01-02-05.wav,RAVDESS,5,03,01,04,sad,sadness,Negative,01,01,02,True,validation
/Users/clarayousif/Sheridan/Third/ai-ml-capstone/ml-services/data/raw/ravdess/audio_speech_actors_01-24/Actor_05/03-01-04-01-02-01-05.wav,03-01-04-01-02-01-05.wav,RAVDESS,5,03,01,04,sad,sadness,Negative,01,02,01,True,validation
/Users/clarayousif/Sheridan/Third/ai-ml-capstone/ml-services/data/raw/ravdess/audio_speech_actors_01-24/Actor_05/03-01-04-01-02-02-05.wav,03-01-04-01-02-02-05.wav,RAVDESS,5,03,01,04,sad,sadness,Negative,01,02,02,True,validation
/Users/clarayousif/Sheridan/Third/ai-ml-capstone/ml-services/data/raw/ravdess/audio_speech_actors_01-24/Actor_05/03-01-04-02-01-01-05.wav,03-01-04-02-01-01-05.wav,RAVDESS,5,03,01,04,sad,sadness,Negative,02,01,01,True,validation
/Users/clarayousif/Sheridan/Third/ai-ml-capstone/ml-services/data/raw/ravdess/audio_speech_actors_01-24/Actor_05/03-01-04-02-01-02-05.wav,03-01-04-02-01-02-05.wav,RAVDESS,5,03,01,04,sad,sadness,Negative,02,01,02,True,validation
/Users/clarayousif/Sheridan/Third/ai-ml-capstone/ml-services/data/raw/ravdess/audio_speech_actors_01-24/Actor_05/03-01-04-02-02-01-05.wav,03-01-04-02-02-01-05.wav,RAVDESS,5,03,01,04,sad,sadness,Negative,02,02,01,True,validation
/Users/clarayousif/Sheridan/Third/ai-ml-capstone/ml-services/data/raw/ravdess/audio_speech_actors_01-24/Actor_05/03-01-04-02-02-02-05.wav,03-01-04-02-02-02-05.wav,RAVDESS,5,03,01,04,sad,sadness,Negative,02,02,02,True,validation
/Users/clarayousif/Sheridan/Third/ai-ml-capstone/ml-services/data/raw/ravdess/audio_speech_actors_01-24/Actor_20/03-01-05-01-01-01-20.wav,03-01-05-01-01-01-20.wav,RAVDESS,20,03,01,05,angry,anger,Negative,01,01,01,True,validation
/Users/clarayousif/Sheridan/Third/ai-ml-capstone/ml-services/data/raw/ravdess/audio_speech_actors_01-24/Actor_20/03-01-05-01-01-02-20.wav,03-01-05-01-01-02-20.wav,RAVDESS,20,03,01,05,angry,anger,Negative,01,01,02,True,validation
/Users/clarayousif/Sheridan/Third/ai-ml-capstone/ml-services/data/raw/ravdess/audio_speech_actors_01-24/Actor_20/03-01-05-01-02-01-20.wav,03-01-05-01-02-01-20.wav,RAVDESS,20,03,01,05,angry,anger,Negative,01,02,01,True,validation
/Users/clarayousif/Sheridan/Third/ai-ml-capstone/ml-services/data/raw/ravdess/audio_speech_actors_01-24/Actor_20/03-01-05-01-02-02-20.wav,03-01-05-01-02-02-20.wav,RAVDESS,20,03,01,05,angry,anger,Negative,01,02,02,True,validation
/Users/clarayousif/Sheridan/Third/ai-ml-capstone/ml-services/data/raw/ravdess/audio_speech_actors_01-24/Actor_20/03-01-05-02-01-01-20.wav,03-01-05-02-01-01-20.wav,RAVDESS,20,03,01,05,angry,anger,Negative,02,01,01,True,validation
/Users/clarayousif/Sheridan/Third/ai-ml-capstone/ml-services/data/raw/ravdess/audio_speech_actors_01-24/Actor_20/03-01-05-02-01-02-20.wav,03-01-05-02-01-02-20.wav,RAVDESS,20,03,01,05,angry,anger,Negative,02,01,02,True,validation
/Users/clarayousif/Sheridan/Third/ai-ml-capstone/ml-services/data/raw/ravdess/audio_speech_actors_01-24/Actor_20/03-01-05-02-02-01-20.wav,03-01-05-02-02-01-20.wav,RAVDESS,20,03,01,05,angry,anger,Negative,02,02,01,True,validation
/Users/clarayousif/Sheridan/Third/ai-ml-capstone/ml-services/data/raw/ravdess/audio_speech_actors_01-24/Actor_20/03-01-05-02-02-02-20.wav,03-01-05-02-02-02-20.wav,RAVDESS,20,03,01,05,angry,anger,Negative,02,02,02,True,validation
/Users/clarayousif/Sheridan/Third/ai-ml-capstone/ml-services/data/raw/ravdess/audio_speech_actors_01-24/Actor_20/03-01-07-01-01-01-20.wav,03-01-07-01-01-01-20.wav,RAVDESS,20,03,01,07,disgust,disgust,Negative,01,01,01,True,validation
/Users/clarayousif/Sheridan/Third/ai-ml-capstone/ml-services/data/raw/ravdess/audio_speech_actors_01-24/Actor_20/03-01-07-01-01-02-20.wav,03-01-07-01-01-02-20.wav,RAVDESS,20,03,01,07,disgust,disgust,Negative,01,01,02,True,validation
/Users/clarayousif/Sheridan/Third/ai-ml-capstone/ml-services/data/raw/ravdess/audio_speech_actors_01-24/Actor_20/03-01-07-01-02-01-20.wav,03-01-07-01-02-01-20.wav,RAVDESS,20,03,01,07,disgust,disgust,Negative,01,02,01,True,validation
/Users/clarayousif/Sheridan/Third/ai-ml-capstone/ml-services/data/raw/ravdess/audio_speech_actors_01-24/Actor_20/03-01-07-01-02-02-20.wav,03-01-07-01-02-02-20.wav,RAVDESS,20,03,01,07,disgust,disgust,Negative,01,02,02,True,validation
/Users/clarayousif/Sheridan/Third/ai-ml-capstone/ml-services/data/raw/ravdess/audio_speech_actors_01-24/Actor_20/03-01-07-02-01-01-20.wav,03-01-07-02-01-01-20.wav,RAVDESS,20,03,01,07,disgust,disgust,Negative,02,01,01,True,validation
/Users/clarayousif/Sheridan/Third/ai-ml-capstone/ml-services/data/raw/ravdess/audio_speech_actors_01-24/Actor_20/03-01-07-02-01-02-20.wav,03-01-07-02-01-02-20.wav,RAVDESS,20,03,01,07,disgust,disgust,Negative,02,01,02,True,validation
/Users/clarayousif/Sheridan/Third/ai-ml-capstone/ml-services/data/raw/ravdess/audio_speech_actors_01-24/Actor_20/03-01-07-02-02-01-20.wav,03-01-07-02-02-01-20.wav,RAVDESS,20,03,01,07,disgust,disgust,Negative,02,02,01,True,validation
/Users/clarayousif/Sheridan/Third/ai-ml-capstone/ml-services/data/raw/ravdess/audio_speech_actors_01-24/Actor_20/03-01-07-02-02-02-20.wav,03-01-07-02-02-02-20.wav,RAVDESS,20,03,01,07,disgust,disgust,Negative,02,02,02,True,validation
/Users/clarayousif/Sheridan/Third/ai-ml-capstone/ml-services/data/raw/ravdess/audio_speech_actors_01-24/Actor_20/03-01-06-01-01-01-20.wav,03-01-06-01-01-01-20.wav,RAVDESS,20,03,01,06,fearful,fear,Negative,01,01,01,True,validation
/Users/clarayousif/Sheridan/Third/ai-ml-capstone/ml-services/data/raw/ravdess/audio_speech_actors_01-24/Actor_20/03-01-06-01-01-02-20.wav,03-01-06-01-01-02-20.wav,RAVDESS,20,03,01,06,fearful,fear,Negative,01,01,02,True,validation
/Users/clarayousif/Sheridan/Third/ai-ml-capstone/ml-services/data/raw/ravdess/audio_speech_actors_01-24/Actor_20/03-01-06-01-02-01-20.wav,03-01-06-01-02-01-20.wav,RAVDESS,20,03,01,06,fearful,fear,Negative,01,02,01,True,validation
/Users/clarayousif/Sheridan/Third/ai-ml-capstone/ml-services/data/raw/ravdess/audio_speech_actors_01-24/Actor_20/03-01-06-01-02-02-20.wav,03-01-06-01-02-02-20.wav,RAVDESS,20,03,01,06,fearful,fear,Negative,01,02,02,True,validation
/Users/clarayousif/Sheridan/Third/ai-ml-capstone/ml-services/data/raw/ravdess/audio_speech_actors_01-24/Actor_20/03-01-06-02-01-01-20.wav,03-01-06-02-01-01-20.wav,RAVDESS,20,03,01,06,fearful,fear,Negative,02,01,01,True,validation
/Users/clarayousif/Sheridan/Third/ai-ml-capstone/ml-services/data/raw/ravdess/audio_speech_actors_01-24/Actor_20/03-01-06-02-01-02-20.wav,03-01-06-02-01-02-20.wav,RAVDESS,20,03,01,06,fearful,fear,Negative,02,01,02,True,validation
/Users/clarayousif/Sheridan/Third/ai-ml-capstone/ml-services/data/raw/ravdess/audio_speech_actors_01-24/Actor_20/03-01-06-02-02-01-20.wav,03-01-06-02-02-01-20.wav,RAVDESS,20,03,01,06,fearful,fear,Negative,02,02,01,True,validation
/Users/clarayousif/Sheridan/Third/ai-ml-capstone/ml-services/data/raw/ravdess/audio_speech_actors_01-24/Actor_20/03-01-06-02-02-02-20.wav,03-01-06-02-02-02-20.wav,RAVDESS,20,03,01,06,fearful,fear,Negative,02,02,02,True,validation
/Users/clarayousif/Sheridan/Third/ai-ml-capstone/ml-services/data/raw/ravdess/audio_speech_actors_01-24/Actor_20/03-01-03-01-01-01-20.wav,03-01-03-01-01-01-20.wav,RAVDESS,20,03,01,03,happy,happy,Positive,01,01,01,False,validation
/Users/clarayousif/Sheridan/Third/ai-ml-capstone/ml-services/data/raw/ravdess/audio_speech_actors_01-24/Actor_20/03-01-03-01-01-02-20.wav,03-01-03-01-01-02-20.wav,RAVDESS,20,03,01,03,happy,happy,Positive,01,01,02,False,validation
/Users/clarayousif/Sheridan/Third/ai-ml-capstone/ml-services/data/raw/ravdess/audio_speech_actors_01-24/Actor_20/03-01-03-01-02-01-20.wav,03-01-03-01-02-01-20.wav,RAVDESS,20,03,01,03,happy,happy,Positive,01,02,01,False,validation
/Users/clarayousif/Sheridan/Third/ai-ml-capstone/ml-services/data/raw/ravdess/audio_speech_actors_01-24/Actor_20/03-01-03-01-02-02-20.wav,03-01-03-01-02-02-20.wav,RAVDESS,20,03,01,03,happy,happy,Positive,01,02,02,False,validation
/Users/clarayousif/Sheridan/Third/ai-ml-capstone/ml-services/data/raw/ravdess/audio_speech_actors_01-24/Actor_20/03-01-03-02-01-01-20.wav,03-01-03-02-01-01-20.wav,RAVDESS,20,03,01,03,happy,happy,Positive,02,01,01,False,validation
/Users/clarayousif/Sheridan/Third/ai-ml-capstone/ml-services/data/raw/ravdess/audio_speech_actors_01-24/Actor_20/03-01-03-02-01-02-20.wav,03-01-03-02-01-02-20.wav,RAVDESS,20,03,01,03,happy,happy,Positive,02,01,02,False,validation
/Users/clarayousif/Sheridan/Third/ai-ml-capstone/ml-services/data/raw/ravdess/audio_speech_actors_01-24/Actor_20/03-01-03-02-02-01-20.wav,03-01-03-02-02-01-20.wav,RAVDESS,20,03,01,03,happy,happy,Positive,02,02,01,False,validation
/Users/clarayousif/Sheridan/Third/ai-ml-capstone/ml-services/data/raw/ravdess/audio_speech_actors_01-24/Actor_20/03-01-03-02-02-02-20.wav,03-01-03-02-02-02-20.wav,RAVDESS,20,03,01,03,happy,happy,Positive,02,02,02,False,validation
/Users/clarayousif/Sheridan/Third/ai-ml-capstone/ml-services/data/raw/ravdess/audio_speech_actors_01-24/Actor_20/03-01-01-01-01-01-20.wav,03-01-01-01-01-01-20.wav,RAVDESS,20,03,01,01,neutral,neutral,Neutral,01,01,01,False,validation
/Users/clarayousif/Sheridan/Third/ai-ml-capstone/ml-services/data/raw/ravdess/audio_speech_actors_01-24/Actor_20/03-01-01-01-01-02-20.wav,03-01-01-01-01-02-20.wav,RAVDESS,20,03,01,01,neutral,neutral,Neutral,01,01,02,False,validation
/Users/clarayousif/Sheridan/Third/ai-ml-capstone/ml-services/data/raw/ravdess/audio_speech_actors_01-24/Actor_20/03-01-01-01-02-01-20.wav,03-01-01-01-02-01-20.wav,RAVDESS,20,03,01,01,neutral,neutral,Neutral,01,02,01,False,validation
/Users/clarayousif/Sheridan/Third/ai-ml-capstone/ml-services/data/raw/ravdess/audio_speech_actors_01-24/Actor_20/03-01-01-01-02-02-20.wav,03-01-01-01-02-02-20.wav,RAVDESS,20,03,01,01,neutral,neutral,Neutral,01,02,02,False,validation
/Users/clarayousif/Sheridan/Third/ai-ml-capstone/ml-services/data/raw/ravdess/audio_speech_actors_01-24/Actor_20/03-01-02-01-01-01-20.wav,03-01-02-01-01-01-20.wav,RAVDESS,20,03,01,02,calm,neutral,Neutral,01,01,01,False,validation
/Users/clarayousif/Sheridan/Third/ai-ml-capstone/ml-services/data/raw/ravdess/audio_speech_actors_01-24/Actor_20/03-01-02-01-01-02-20.wav,03-01-02-01-01-02-20.wav,RAVDESS,20,03,01,02,calm,neutral,Neutral,01,01,02,False,validation
/Users/clarayousif/Sheridan/Third/ai-ml-capstone/ml-services/data/raw/ravdess/audio_speech_actors_01-24/Actor_20/03-01-02-01-02-01-20.wav,03-01-02-01-02-01-20.wav,RAVDESS,20,03,01,02,calm,neutral,Neutral,01,02,01,False,validation
/Users/clarayousif/Sheridan/Third/ai-ml-capstone/ml-services/data/raw/ravdess/audio_speech_actors_01-24/Actor_20/03-01-02-01-02-02-20.wav,03-01-02-01-02-02-20.wav,RAVDESS,20,03,01,02,calm,neutral,Neutral,01,02,02,False,validation
/Users/clarayousif/Sheridan/Third/ai-ml-capstone/ml-services/data/raw/ravdess/audio_speech_actors_01-24/Actor_20/03-01-02-02-01-01-20.wav,03-01-02-02-01-01-20.wav,RAVDESS,20,03,01,02,calm,neutral,Neutral,02,01,01,False,validation
/Users/clarayousif/Sheridan/Third/ai-ml-capstone/ml-services/data/raw/ravdess/audio_speech_actors_01-24/Actor_20/03-01-02-02-01-02-20.wav,03-01-02-02-01-02-20.wav,RAVDESS,20,03,01,02,calm,neutral,Neutral,02,01,02,False,validation
/Users/clarayousif/Sheridan/Third/ai-ml-capstone/ml-services/data/raw/ravdess/audio_speech_actors_01-24/Actor_20/03-01-02-02-02-01-20.wav,03-01-02-02-02-01-20.wav,RAVDESS,20,03,01,02,calm,neutral,Neutral,02,02,01,False,validation
/Users/clarayousif/Sheridan/Third/ai-ml-capstone/ml-services/data/raw/ravdess/audio_speech_actors_01-24/Actor_20/03-01-02-02-02-02-20.wav,03-01-02-02-02-02-20.wav,RAVDESS,20,03,01,02,calm,neutral,Neutral,02,02,02,False,validation
/Users/clarayousif/Sheridan/Third/ai-ml-capstone/ml-services/data/raw/ravdess/audio_speech_actors_01-24/Actor_20/03-01-04-01-01-01-20.wav,03-01-04-01-01-01-20.wav,RAVDESS,20,03,01,04,sad,sadness,Negative,01,01,01,True,validation
/Users/clarayousif/Sheridan/Third/ai-ml-capstone/ml-services/data/raw/ravdess/audio_speech_actors_01-24/Actor_20/03-01-04-01-01-02-20.wav,03-01-04-01-01-02-20.wav,RAVDESS,20,03,01,04,sad,sadness,Negative,01,01,02,True,validation
/Users/clarayousif/Sheridan/Third/ai-ml-capstone/ml-services/data/raw/ravdess/audio_speech_actors_01-24/Actor_20/03-01-04-01-02-01-20.wav,03-01-04-01-02-01-20.wav,RAVDESS,20,03,01,04,sad,sadness,Negative,01,02,01,True,validation
/Users/clarayousif/Sheridan/Third/ai-ml-capstone/ml-services/data/raw/ravdess/audio_speech_actors_01-24/Actor_20/03-01-04-01-02-02-20.wav,03-01-04-01-02-02-20.wav,RAVDESS,20,03,01,04,sad,sadness,Negative,01,02,02,True,validation
/Users/clarayousif/Sheridan/Third/ai-ml-capstone/ml-services/data/raw/ravdess/audio_speech_actors_01-24/Actor_20/03-01-04-02-01-01-20.wav,03-01-04-02-01-01-20.wav,RAVDESS,20,03,01,04,sad,sadness,Negative,02,01,01,True,validation
/Users/clarayousif/Sheridan/Third/ai-ml-capstone/ml-services/data/raw/ravdess/audio_speech_actors_01-24/Actor_20/03-01-04-02-01-02-20.wav,03-01-04-02-01-02-20.wav,RAVDESS,20,03,01,04,sad,sadness,Negative,02,01,02,True,validation
/Users/clarayousif/Sheridan/Third/ai-ml-capstone/ml-services/data/raw/ravdess/audio_speech_actors_01-24/Actor_20/03-01-04-02-02-01-20.wav,03-01-04-02-02-01-20.wav,RAVDESS,20,03,01,04,sad,sadness,Negative,02,02,01,True,validation
/Users/clarayousif/Sheridan/Third/ai-ml-capstone/ml-services/data/raw/ravdess/audio_speech_actors_01-24/Actor_20/03-01-04-02-02-02-20.wav,03-01-04-02-02-02-20.wav,RAVDESS,20,03,01,04,sad,sadness,Negative,02,02,02,True,validation
/Users/clarayousif/Sheridan/Third/ai-ml-capstone/ml-services/data/raw/ravdess/audio_speech_actors_01-24/Actor_23/03-01-05-01-01-01-23.wav,03-01-05-01-01-01-23.wav,RAVDESS,23,03,01,05,angry,anger,Negative,01,01,01,True,validation
/Users/clarayousif/Sheridan/Third/ai-ml-capstone/ml-services/data/raw/ravdess/audio_speech_actors_01-24/Actor_23/03-01-05-01-01-02-23.wav,03-01-05-01-01-02-23.wav,RAVDESS,23,03,01,05,angry,anger,Negative,01,01,02,True,validation
/Users/clarayousif/Sheridan/Third/ai-ml-capstone/ml-services/data/raw/ravdess/audio_speech_actors_01-24/Actor_23/03-01-05-01-02-01-23.wav,03-01-05-01-02-01-23.wav,RAVDESS,23,03,01,05,angry,anger,Negative,01,02,01,True,validation
/Users/clarayousif/Sheridan/Third/ai-ml-capstone/ml-services/data/raw/ravdess/audio_speech_actors_01-24/Actor_23/03-01-05-01-02-02-23.wav,03-01-05-01-02-02-23.wav,RAVDESS,23,03,01,05,angry,anger,Negative,01,02,02,True,validation
/Users/clarayousif/Sheridan/Third/ai-ml-capstone/ml-services/data/raw/ravdess/audio_speech_actors_01-24/Actor_23/03-01-05-02-01-01-23.wav,03-01-05-02-01-01-23.wav,RAVDESS,23,03,01,05,angry,anger,Negative,02,01,01,True,validation
/Users/clarayousif/Sheridan/Third/ai-ml-capstone/ml-services/data/raw/ravdess/audio_speech_actors_01-24/Actor_23/03-01-05-02-01-02-23.wav,03-01-05-02-01-02-23.wav,RAVDESS,23,03,01,05,angry,anger,Negative,02,01,02,True,validation
/Users/clarayousif/Sheridan/Third/ai-ml-capstone/ml-services/data/raw/ravdess/audio_speech_actors_01-24/Actor_23/03-01-05-02-02-01-23.wav,03-01-05-02-02-01-23.wav,RAVDESS,23,03,01,05,angry,anger,Negative,02,02,01,True,validation
/Users/clarayousif/Sheridan/Third/ai-ml-capstone/ml-services/data/raw/ravdess/audio_speech_actors_01-24/Actor_23/03-01-05-02-02-02-23.wav,03-01-05-02-02-02-23.wav,RAVDESS,23,03,01,05,angry,anger,Negative,02,02,02,True,validation
/Users/clarayousif/Sheridan/Third/ai-ml-capstone/ml-services/data/raw/ravdess/audio_speech_actors_01-24/Actor_23/03-01-07-01-01-01-23.wav,03-01-07-01-01-01-23.wav,RAVDESS,23,03,01,07,disgust,disgust,Negative,01,01,01,True,validation
/Users/clarayousif/Sheridan/Third/ai-ml-capstone/ml-services/data/raw/ravdess/audio_speech_actors_01-24/Actor_23/03-01-07-01-01-02-23.wav,03-01-07-01-01-02-23.wav,RAVDESS,23,03,01,07,disgust,disgust,Negative,01,01,02,True,validation
/Users/clarayousif/Sheridan/Third/ai-ml-capstone/ml-services/data/raw/ravdess/audio_speech_actors_01-24/Actor_23/03-01-07-01-02-01-23.wav,03-01-07-01-02-01-23.wav,RAVDESS,23,03,01,07,disgust,disgust,Negative,01,02,01,True,validation
/Users/clarayousif/Sheridan/Third/ai-ml-capstone/ml-services/data/raw/ravdess/audio_speech_actors_01-24/Actor_23/03-01-07-01-02-02-23.wav,03-01-07-01-02-02-23.wav,RAVDESS,23,03,01,07,disgust,disgust,Negative,01,02,02,True,validation
/Users/clarayousif/Sheridan/Third/ai-ml-capstone/ml-services/data/raw/ravdess/audio_speech_actors_01-24/Actor_23/03-01-07-02-01-01-23.wav,03-01-07-02-01-01-23.wav,RAVDESS,23,03,01,07,disgust,disgust,Negative,02,01,01,True,validation
/Users/clarayousif/Sheridan/Third/ai-ml-capstone/ml-services/data/raw/ravdess/audio_speech_actors_01-24/Actor_23/03-01-07-02-01-02-23.wav,03-01-07-02-01-02-23.wav,RAVDESS,23,03,01,07,disgust,disgust,Negative,02,01,02,True,validation
/Users/clarayousif/Sheridan/Third/ai-ml-capstone/ml-services/data/raw/ravdess/audio_speech_actors_01-24/Actor_23/03-01-07-02-02-01-23.wav,03-01-07-02-02-01-23.wav,RAVDESS,23,03,01,07,disgust,disgust,Negative,02,02,01,True,validation
/Users/clarayousif/Sheridan/Third/ai-ml-capstone/ml-services/data/raw/ravdess/audio_speech_actors_01-24/Actor_23/03-01-07-02-02-02-23.wav,03-01-07-02-02-02-23.wav,RAVDESS,23,03,01,07,disgust,disgust,Negative,02,02,02,True,validation
/Users/clarayousif/Sheridan/Third/ai-ml-capstone/ml-services/data/raw/ravdess/audio_speech_actors_01-24/Actor_23/03-01-06-01-01-01-23.wav,03-01-06-01-01-01-23.wav,RAVDESS,23,03,01,06,fearful,fear,Negative,01,01,01,True,validation
/Users/clarayousif/Sheridan/Third/ai-ml-capstone/ml-services/data/raw/ravdess/audio_speech_actors_01-24/Actor_23/03-01-06-01-01-02-23.wav,03-01-06-01-01-02-23.wav,RAVDESS,23,03,01,06,fearful,fear,Negative,01,01,02,True,validation
/Users/clarayousif/Sheridan/Third/ai-ml-capstone/ml-services/data/raw/ravdess/audio_speech_actors_01-24/Actor_23/03-01-06-01-02-01-23.wav,03-01-06-01-02-01-23.wav,RAVDESS,23,03,01,06,fearful,fear,Negative,01,02,01,True,validation
/Users/clarayousif/Sheridan/Third/ai-ml-capstone/ml-services/data/raw/ravdess/audio_speech_actors_01-24/Actor_23/03-01-06-01-02-02-23.wav,03-01-06-01-02-02-23.wav,RAVDESS,23,03,01,06,fearful,fear,Negative,01,02,02,True,validation
/Users/clarayousif/Sheridan/Third/ai-ml-capstone/ml-services/data/raw/ravdess/audio_speech_actors_01-24/Actor_23/03-01-06-02-01-01-23.wav,03-01-06-02-01-01-23.wav,RAVDESS,23,03,01,06,fearful,fear,Negative,02,01,01,True,validation
/Users/clarayousif/Sheridan/Third/ai-ml-capstone/ml-services/data/raw/ravdess/audio_speech_actors_01-24/Actor_23/03-01-06-02-01-02-23.wav,03-01-06-02-01-02-23.wav,RAVDESS,23,03,01,06,fearful,fear,Negative,02,01,02,True,validation
/Users/clarayousif/Sheridan/Third/ai-ml-capstone/ml-services/data/raw/ravdess/audio_speech_actors_01-24/Actor_23/03-01-06-02-02-01-23.wav,03-01-06-02-02-01-23.wav,RAVDESS,23,03,01,06,fearful,fear,Negative,02,02,01,True,validation
/Users/clarayousif/Sheridan/Third/ai-ml-capstone/ml-services/data/raw/ravdess/audio_speech_actors_01-24/Actor_23/03-01-06-02-02-02-23.wav,03-01-06-02-02-02-23.wav,RAVDESS,23,03,01,06,fearful,fear,Negative,02,02,02,True,validation
/Users/clarayousif/Sheridan/Third/ai-ml-capstone/ml-services/data/raw/ravdess/audio_speech_actors_01-24/Actor_23/03-01-03-01-01-01-23.wav,03-01-03-01-01-01-23.wav,RAVDESS,23,03,01,03,happy,happy,Positive,01,01,01,False,validation
/Users/clarayousif/Sheridan/Third/ai-ml-capstone/ml-services/data/raw/ravdess/audio_speech_actors_01-24/Actor_23/03-01-03-01-01-02-23.wav,03-01-03-01-01-02-23.wav,RAVDESS,23,03,01,03,happy,happy,Positive,01,01,02,False,validation
/Users/clarayousif/Sheridan/Third/ai-ml-capstone/ml-services/data/raw/ravdess/audio_speech_actors_01-24/Actor_23/03-01-03-01-02-01-23.wav,03-01-03-01-02-01-23.wav,RAVDESS,23,03,01,03,happy,happy,Positive,01,02,01,False,validation
/Users/clarayousif/Sheridan/Third/ai-ml-capstone/ml-services/data/raw/ravdess/audio_speech_actors_01-24/Actor_23/03-01-03-01-02-02-23.wav,03-01-03-01-02-02-23.wav,RAVDESS,23,03,01,03,happy,happy,Positive,01,02,02,False,validation
/Users/clarayousif/Sheridan/Third/ai-ml-capstone/ml-services/data/raw/ravdess/audio_speech_actors_01-24/Actor_23/03-01-03-02-01-01-23.wav,03-01-03-02-01-01-23.wav,RAVDESS,23,03,01,03,happy,happy,Positive,02,01,01,False,validation
/Users/clarayousif/Sheridan/Third/ai-ml-capstone/ml-services/data/raw/ravdess/audio_speech_actors_01-24/Actor_23/03-01-03-02-01-02-23.wav,03-01-03-02-01-02-23.wav,RAVDESS,23,03,01,03,happy,happy,Positive,02,01,02,False,validation
/Users/clarayousif/Sheridan/Third/ai-ml-capstone/ml-services/data/raw/ravdess/audio_speech_actors_01-24/Actor_23/03-01-03-02-02-01-23.wav,03-01-03-02-02-01-23.wav,RAVDESS,23,03,01,03,happy,happy,Positive,02,02,01,False,validation
/Users/clarayousif/Sheridan/Third/ai-ml-capstone/ml-services/data/raw/ravdess/audio_speech_actors_01-24/Actor_23/03-01-03-02-02-02-23.wav,03-01-03-02-02-02-23.wav,RAVDESS,23,03,01,03,happy,happy,Positive,02,02,02,False,validation
/Users/clarayousif/Sheridan/Third/ai-ml-capstone/ml-services/data/raw/ravdess/audio_speech_actors_01-24/Actor_23/03-01-01-01-01-01-23.wav,03-01-01-01-01-01-23.wav,RAVDESS,23,03,01,01,neutral,neutral,Neutral,01,01,01,False,validation
/Users/clarayousif/Sheridan/Third/ai-ml-capstone/ml-services/data/raw/ravdess/audio_speech_actors_01-24/Actor_23/03-01-01-01-01-02-23.wav,03-01-01-01-01-02-23.wav,RAVDESS,23,03,01,01,neutral,neutral,Neutral,01,01,02,False,validation
/Users/clarayousif/Sheridan/Third/ai-ml-capstone/ml-services/data/raw/ravdess/audio_speech_actors_01-24/Actor_23/03-01-01-01-02-01-23.wav,03-01-01-01-02-01-23.wav,RAVDESS,23,03,01,01,neutral,neutral,Neutral,01,02,01,False,validation
/Users/clarayousif/Sheridan/Third/ai-ml-capstone/ml-services/data/raw/ravdess/audio_speech_actors_01-24/Actor_23/03-01-01-01-02-02-23.wav,03-01-01-01-02-02-23.wav,RAVDESS,23,03,01,01,neutral,neutral,Neutral,01,02,02,False,validation
/Users/clarayousif/Sheridan/Third/ai-ml-capstone/ml-services/data/raw/ravdess/audio_speech_actors_01-24/Actor_23/03-01-02-01-01-01-23.wav,03-01-02-01-01-01-23.wav,RAVDESS,23,03,01,02,calm,neutral,Neutral,01,01,01,False,validation
/Users/clarayousif/Sheridan/Third/ai-ml-capstone/ml-services/data/raw/ravdess/audio_speech_actors_01-24/Actor_23/03-01-02-01-01-02-23.wav,03-01-02-01-01-02-23.wav,RAVDESS,23,03,01,02,calm,neutral,Neutral,01,01,02,False,validation
/Users/clarayousif/Sheridan/Third/ai-ml-capstone/ml-services/data/raw/ravdess/audio_speech_actors_01-24/Actor_23/03-01-02-01-02-01-23.wav,03-01-02-01-02-01-23.wav,RAVDESS,23,03,01,02,calm,neutral,Neutral,01,02,01,False,validation
/Users/clarayousif/Sheridan/Third/ai-ml-capstone/ml-services/data/raw/ravdess/audio_speech_actors_01-24/Actor_23/03-01-02-01-02-02-23.wav,03-01-02-01-02-02-23.wav,RAVDESS,23,03,01,02,calm,neutral,Neutral,01,02,02,False,validation
/Users/clarayousif/Sheridan/Third/ai-ml-capstone/ml-services/data/raw/ravdess/audio_speech_actors_01-24/Actor_23/03-01-02-02-01-01-23.wav,03-01-02-02-01-01-23.wav,RAVDESS,23,03,01,02,calm,neutral,Neutral,02,01,01,False,validation
/Users/clarayousif/Sheridan/Third/ai-ml-capstone/ml-services/data/raw/ravdess/audio_speech_actors_01-24/Actor_23/03-01-02-02-01-02-23.wav,03-01-02-02-01-02-23.wav,RAVDESS,23,03,01,02,calm,neutral,Neutral,02,01,02,False,validation
/Users/clarayousif/Sheridan/Third/ai-ml-capstone/ml-services/data/raw/ravdess/audio_speech_actors_01-24/Actor_23/03-01-02-02-02-01-23.wav,03-01-02-02-02-01-23.wav,RAVDESS,23,03,01,02,calm,neutral,Neutral,02,02,01,False,validation
/Users/clarayousif/Sheridan/Third/ai-ml-capstone/ml-services/data/raw/ravdess/audio_speech_actors_01-24/Actor_23/03-01-02-02-02-02-23.wav,03-01-02-02-02-02-23.wav,RAVDESS,23,03,01,02,calm,neutral,Neutral,02,02,02,False,validation
/Users/clarayousif/Sheridan/Third/ai-ml-capstone/ml-services/data/raw/ravdess/audio_speech_actors_01-24/Actor_23/03-01-04-01-01-01-23.wav,03-01-04-01-01-01-23.wav,RAVDESS,23,03,01,04,sad,sadness,Negative,01,01,01,True,validation
/Users/clarayousif/Sheridan/Third/ai-ml-capstone/ml-services/data/raw/ravdess/audio_speech_actors_01-24/Actor_23/03-01-04-01-01-02-23.wav,03-01-04-01-01-02-23.wav,RAVDESS,23,03,01,04,sad,sadness,Negative,01,01,02,True,validation
/Users/clarayousif/Sheridan/Third/ai-ml-capstone/ml-services/data/raw/ravdess/audio_speech_actors_01-24/Actor_23/03-01-04-01-02-01-23.wav,03-01-04-01-02-01-23.wav,RAVDESS,23,03,01,04,sad,sadness,Negative,01,02,01,True,validation
/Users/clarayousif/Sheridan/Third/ai-ml-capstone/ml-services/data/raw/ravdess/audio_speech_actors_01-24/Actor_23/03-01-04-01-02-02-23.wav,03-01-04-01-02-02-23.wav,RAVDESS,23,03,01,04,sad,sadness,Negative,01,02,02,True,validation
/Users/clarayousif/Sheridan/Third/ai-ml-capstone/ml-services/data/raw/ravdess/audio_speech_actors_01-24/Actor_23/03-01-04-02-01-01-23.wav,03-01-04-02-01-01-23.wav,RAVDESS,23,03,01,04,sad,sadness,Negative,02,01,01,True,validation
/Users/clarayousif/Sheridan/Third/ai-ml-capstone/ml-services/data/raw/ravdess/audio_speech_actors_01-24/Actor_23/03-01-04-02-01-02-23.wav,03-01-04-02-01-02-23.wav,RAVDESS,23,03,01,04,sad,sadness,Negative,02,01,02,True,validation
/Users/clarayousif/Sheridan/Third/ai-ml-capstone/ml-services/data/raw/ravdess/audio_speech_actors_01-24/Actor_23/03-01-04-02-02-01-23.wav,03-01-04-02-02-01-23.wav,RAVDESS,23,03,01,04,sad,sadness,Negative,02,02,01,True,validation
/Users/clarayousif/Sheridan/Third/ai-ml-capstone/ml-services/data/raw/ravdess/audio_speech_actors_01-24/Actor_23/03-01-04-02-02-02-23.wav,03-01-04-02-02-02-23.wav,RAVDESS,23,03,01,04,sad,sadness,Negative,02,02,02,True,validation
