call_id,domain,raw_domain,gender,accent,duration_seconds,processed_duration_seconds,overall_audio_sentiment,dominant_emotion,negative_emotion_probability,anger_probability,stress_probability,sadness_probability,anxiety_probability,calm_probability,audio_escalation_score,risk_level,prediction_confidence,confidence_level,uncertain_prediction,model_version,result_json
APPTEK_BANKING_0001,banking,banking,male,en-IE,578.853,60.0,Positive,happy,0.01754986133892089,0.005093132145702839,0.006092390604317188,0.0010323842288926244,0.007591278292238712,0.002618656260892749,0.3155331067593276,Medium,0.9798315167427063,High,False,model_v5_cremad_ravdess_freeze6_epochs5_lr1e5,outputs/apptek/sentiment_results/APPTEK_BANKING_0001_sentiment.json
APPTEK_BANKING_0002,banking,banking,male,en-IE,578.853,60.0,Negative,disgust,0.9812983796000481,0.008682024665176868,0.008993291296064854,0.024353504180908203,0.009460191242396832,0.0036695245653390884,0.3403372623265386,Medium,0.9388026595115662,High,False,model_v5_cremad_ravdess_freeze6_epochs5_lr1e5,outputs/apptek/sentiment_results/APPTEK_BANKING_0002_sentiment.json
APPTEK_BANKING_0003,banking,banking,male,en-IE,780.0,60.0,Positive,happy,0.01999291544780135,0.004178275819867849,0.005758266244083643,0.0016776123084127903,0.008128251880407333,0.0038556193467229605,0.15678871005609835,Low,0.9761515259742737,High,False,model_v5_cremad_ravdess_freeze6_epochs5_lr1e5,outputs/apptek/sentiment_results/APPTEK_BANKING_0003_sentiment.json
APPTEK_BANKING_0004,banking,banking,male,en-IE,780.0,60.0,Negative,disgust,0.7793270964175463,0.019547810778021812,0.02087147422134876,0.025974206626415253,0.022856969386339188,0.00649562943726778,0.2806993873272101,Low,0.71094810962677,Medium,False,model_v5_cremad_ravdess_freeze6_epochs5_lr1e5,outputs/apptek/sentiment_results/APPTEK_BANKING_0004_sentiment.json
APPTEK_BANKING_0005,banking,banking,male,en-IE,880.626,60.0,Negative,disgust,0.9608857203274965,0.011243931949138641,0.012986355274915696,0.03709065914154053,0.015599990263581276,0.006074361503124237,0.3473629438120224,Medium,0.8969511389732361,High,False,model_v5_cremad_ravdess_freeze6_epochs5_lr1e5,outputs/apptek/sentiment_results/APPTEK_BANKING_0005_sentiment.json
APPTEK_BANKING_0006,banking,banking,male,en-IE,880.626,60.0,Negative,disgust,0.9903570059686899,0.007953180931508541,0.007536323182284832,0.02596755139529705,0.006911036558449268,0.003370450111106038,0.3238584164668282,Medium,0.9495252370834351,High,False,model_v5_cremad_ravdess_freeze6_epochs5_lr1e5,outputs/apptek/sentiment_results/APPTEK_BANKING_0006_sentiment.json
APPTEK_BANKING_0007,banking,banking,female,en-IE,606.499,60.0,Positive,happy,0.024754423648118973,0.00365098612383008,0.00787257617339492,0.002277357503771782,0.014204961247742176,0.004376623313874006,0.23710678244283673,Low,0.9708690047264099,High,False,model_v5_cremad_ravdess_freeze6_epochs5_lr1e5,outputs/apptek/sentiment_results/APPTEK_BANKING_0007_sentiment.json
APPTEK_BANKING_0008,banking,banking,female,en-IE,606.499,60.0,Negative,disgust,0.9884646516293287,0.0085889408364892,0.0091935770586133,0.023329654708504677,0.01010053139179945,0.002335235709324479,0.3383231425044869,Medium,0.9464455246925354,High,False,model_v5_cremad_ravdess_freeze6_epochs5_lr1e5,outputs/apptek/sentiment_results/APPTEK_BANKING_0008_sentiment.json
APPTEK_BANKING_0009,banking,banking,female,en-IE,799.471,60.0,Positive,happy,0.016260144184343517,0.0031274808570742607,0.005049434117972851,0.0017204437172040343,0.007932364009320736,0.006179997231811285,0.2698265371663001,Low,0.9775598049163818,High,False,model_v5_cremad_ravdess_freeze6_epochs5_lr1e5,outputs/apptek/sentiment_results/APPTEK_BANKING_0009_sentiment.json
APPTEK_BANKING_0010,banking,banking,female,en-IE,799.471,60.0,Neutral,neutral,0.04328776081092656,0.0029644619207829237,0.004962486820295453,0.02879335731267929,0.007959524169564247,0.9178112149238586,0.2736827255629881,Low,0.9178112149238586,High,False,model_v5_cremad_ravdess_freeze6_epochs5_lr1e5,outputs/apptek/sentiment_results/APPTEK_BANKING_0010_sentiment.json
APPTEK_HEALTHCARE_0001,healthcare,health,male,en-IE,465.36,60.0,Positive,happy,0.017256467835977674,0.005079594906419516,0.00612692916765809,0.0009981703478842974,0.007697930559515953,0.0026702568866312504,0.2709331259960254,Low,0.9800732731819153,High,False,model_v5_cremad_ravdess_freeze6_epochs5_lr1e5,outputs/apptek/sentiment_results/APPTEK_HEALTHCARE_0001_sentiment.json
APPTEK_HEALTHCARE_0002,healthcare,health,male,en-IE,465.36,60.0,Positive,happy,0.22001085616648197,0.011415865272283554,0.024397971481084822,0.019681157544255257,0.04387113079428673,0.006961760111153126,0.2332729468332339,Low,0.7730274796485901,High,False,model_v5_cremad_ravdess_freeze6_epochs5_lr1e5,outputs/apptek/sentiment_results/APPTEK_HEALTHCARE_0002_sentiment.json
APPTEK_HEALTHCARE_0003,healthcare,health,male,en-IE,813.83,60.0,Positive,happy,0.07780499663203955,0.006650863215327263,0.017007273808121684,0.00931453239172697,0.03254188969731331,0.006559266243129969,0.211728478691172,Low,0.9156356453895569,High,False,model_v5_cremad_ravdess_freeze6_epochs5_lr1e5,outputs/apptek/sentiment_results/APPTEK_HEALTHCARE_0003_sentiment.json
APPTEK_HEALTHCARE_0004,healthcare,health,male,en-IE,813.83,60.0,Negative,disgust,0.6400391794741154,0.018899090588092804,0.029019744694232942,0.03693552687764168,0.044200725853443146,0.007826056331396103,0.2845120436380967,Low,0.5400038361549377,Medium,False,model_v5_cremad_ravdess_freeze6_epochs5_lr1e5,outputs/apptek/sentiment_results/APPTEK_HEALTHCARE_0004_sentiment.json
APPTEK_HEALTHCARE_0005,healthcare,health,female,en-IE,525.21,60.0,Positive,happy,0.01811790862120688,0.004447288811206818,0.005491758510470391,0.0013545097317546606,0.007058463059365749,0.003429446602240205,0.2556899216215728,Low,0.9784526228904724,High,False,model_v5_cremad_ravdess_freeze6_epochs5_lr1e5,outputs/apptek/sentiment_results/APPTEK_HEALTHCARE_0005_sentiment.json
APPTEK_HEALTHCARE_0006,healthcare,health,female,en-IE,525.209,60.0,Negative,disgust,0.9682377828285098,0.009525958448648453,0.010612171515822411,0.024405015632510185,0.012241491116583347,0.003551618428900838,0.36327298321398604,Medium,0.9220653176307678,High,False,model_v5_cremad_ravdess_freeze6_epochs5_lr1e5,outputs/apptek/sentiment_results/APPTEK_HEALTHCARE_0006_sentiment.json
APPTEK_HEALTHCARE_0007,healthcare,health,female,en-IE,902.636,60.0,Positive,happy,0.018470027251169086,0.0034722182899713516,0.0055062491446733475,0.001586591126397252,0.008557295426726341,0.0036282502114772797,0.29503310484082856,Low,0.9779016971588135,High,False,model_v5_cremad_ravdess_freeze6_epochs5_lr1e5,outputs/apptek/sentiment_results/APPTEK_HEALTHCARE_0007_sentiment.json
APPTEK_HEALTHCARE_0008,healthcare,health,female,en-IE,902.636,60.0,Positive,happy,0.021415667375549674,0.0031542463693767786,0.006022802507504821,0.0037710489705204964,0.010325636714696884,0.019929856061935425,0.20395356295375677,Low,0.9586544632911682,High,False,model_v5_cremad_ravdess_freeze6_epochs5_lr1e5,outputs/apptek/sentiment_results/APPTEK_HEALTHCARE_0008_sentiment.json
APPTEK_TELECOMMUNICATIONS_0001,telecommunications,telecom,male,en-IE,511.616,60.0,Positive,happy,0.01725884946063161,0.005412677302956581,0.0061362374573946,0.0009884084574878216,0.007221577689051628,0.002720668911933899,0.25218729874084905,Low,0.9800205230712891,High,False,model_v5_cremad_ravdess_freeze6_epochs5_lr1e5,outputs/apptek/sentiment_results/APPTEK_TELECOMMUNICATIONS_0001_sentiment.json
APPTEK_TELECOMMUNICATIONS_0002,telecommunications,telecom,male,en-IE,511.616,60.0,Positive,happy,0.22097960393875837,0.011372423730790615,0.020174475945532323,0.01364918053150177,0.03337755426764488,0.005165456794202328,0.23223005376842898,Low,0.7738549113273621,High,False,model_v5_cremad_ravdess_freeze6_epochs5_lr1e5,outputs/apptek/sentiment_results/APPTEK_TELECOMMUNICATIONS_0002_sentiment.json
APPTEK_TELECOMMUNICATIONS_0003,telecommunications,telecom,male,en-IE,678.296,60.0,Negative,disgust,0.9851687923073769,0.00814855471253395,0.008778754621744156,0.02615034580230713,0.009724054485559464,0.0032146722078323364,0.3051993721994707,Medium,0.9411458373069763,High,False,model_v5_cremad_ravdess_freeze6_epochs5_lr1e5,outputs/apptek/sentiment_results/APPTEK_TELECOMMUNICATIONS_0003_sentiment.json
APPTEK_TELECOMMUNICATIONS_0004,telecommunications,telecom,male,en-IE,678.295,60.0,Negative,disgust,0.986466271802783,0.00855521485209465,0.01139296293258667,0.0319426991045475,0.0156495850533247,0.0024582676123827696,0.4238557424876005,Medium,0.9303187727928162,High,False,model_v5_cremad_ravdess_freeze6_epochs5_lr1e5,outputs/apptek/sentiment_results/APPTEK_TELECOMMUNICATIONS_0004_sentiment.json
APPTEK_BANKING_0011,banking,banking,female,en-CN,367.998,60.0,Positive,happy,0.016205259249545634,0.0029690798837691545,0.005041766120120883,0.001812784350477159,0.008150795474648476,0.007224473170936108,0.1883534155316435,Low,0.976570188999176,High,False,model_v5_cremad_ravdess_freeze6_epochs5_lr1e5,outputs/apptek/sentiment_results/APPTEK_BANKING_0011_sentiment.json
APPTEK_BANKING_0012,banking,banking,female,en-CN,367.999,60.0,Positive,happy,0.040522218216210604,0.0036965804174542427,0.010344808362424372,0.006665871012955904,0.02031715027987957,0.01108420081436634,0.22177599883746854,Low,0.9483935236930847,High,False,model_v5_cremad_ravdess_freeze6_epochs5_lr1e5,outputs/apptek/sentiment_results/APPTEK_BANKING_0012_sentiment.json
APPTEK_BANKING_0013,banking,banking,female,en-CN,568.484,60.0,Positive,happy,0.01861916994675994,0.003085860051214695,0.005352427624166012,0.0028034523129463196,0.008752278983592987,0.013717353343963623,0.27032899209381867,Low,0.9676634669303894,High,False,model_v5_cremad_ravdess_freeze6_epochs5_lr1e5,outputs/apptek/sentiment_results/APPTEK_BANKING_0013_sentiment.json
APPTEK_BANKING_0014,banking,banking,male,en-CN,568.483,60.0,Positive,happy,0.015819230466149747,0.003903632052242756,0.005131137184798717,0.0015648658154532313,0.00697239488363266,0.006651424802839756,0.23509250714713442,Low,0.9775292873382568,High,False,model_v5_cremad_ravdess_freeze6_epochs5_lr1e5,outputs/apptek/sentiment_results/APPTEK_BANKING_0014_sentiment.json
APPTEK_BANKING_0015,banking,banking,male,en-CN,437.387,60.0,Negative,disgust,0.9152259277179837,0.013028138317167759,0.015188290737569332,0.030640598386526108,0.018428519368171692,0.005266208667308092,0.2910970223047237,Low,0.8531286716461182,High,False,model_v5_cremad_ravdess_freeze6_epochs5_lr1e5,outputs/apptek/sentiment_results/APPTEK_BANKING_0015_sentiment.json
APPTEK_BANKING_0016,banking,banking,male,en-CN,437.387,60.0,Neutral,neutral,0.02101263264194131,0.004697318654507399,0.0035787826403975488,0.01085894089192152,0.0019009786192327738,0.9732732176780701,0.15089022715377118,Low,0.9732732176780701,High,False,model_v5_cremad_ravdess_freeze6_epochs5_lr1e5,outputs/apptek/sentiment_results/APPTEK_BANKING_0016_sentiment.json
APPTEK_BANKING_0017,banking,banking,male,en-CN,393.071,60.0,Positive,happy,0.07058827998116612,0.00759159866720438,0.015667976252734663,0.0054239085875451565,0.027782542631030083,0.0031471899710595608,0.21841733595368473,Low,0.9262645244598389,High,False,model_v5_cremad_ravdess_freeze6_epochs5_lr1e5,outputs/apptek/sentiment_results/APPTEK_BANKING_0017_sentiment.json
APPTEK_BANKING_0018,banking,banking,female,en-CN,393.071,60.0,Positive,happy,0.02274615690112114,0.003382389433681965,0.006166513822972774,0.0026808828115463257,0.010342700406908989,0.006006980314850807,0.27447014292609917,Low,0.9712468981742859,High,False,model_v5_cremad_ravdess_freeze6_epochs5_lr1e5,outputs/apptek/sentiment_results/APPTEK_BANKING_0018_sentiment.json
APPTEK_BANKING_0019,banking,banking,female,en-CN,518.679,60.0,Positive,happy,0.015316401841118932,0.0036847605369985104,0.0050851783715188505,0.0013209742028266191,0.00718580512329936,0.0049356757663190365,0.21944257683680918,Low,0.9797479510307312,High,False,model_v5_cremad_ravdess_freeze6_epochs5_lr1e5,outputs/apptek/sentiment_results/APPTEK_BANKING_0019_sentiment.json
APPTEK_BANKING_0020,banking,banking,female,en-CN,518.679,60.0,Positive,happy,0.02107325743418187,0.0034130243584513664,0.006132062338292599,0.0018126185750588775,0.010210619308054447,0.0033557231072336435,0.24593310300538482,Low,0.9755709767341614,High,False,model_v5_cremad_ravdess_freeze6_epochs5_lr1e5,outputs/apptek/sentiment_results/APPTEK_BANKING_0020_sentiment.json
APPTEK_BANKING_0021,banking,banking,female,en-CN,776.732,60.0,Positive,happy,0.016044253366999328,0.0033018270041793585,0.005073415348306298,0.001807113760150969,0.007730797864496708,0.008029123768210411,0.23583981752246472,Low,0.9759265780448914,High,False,model_v5_cremad_ravdess_freeze6_epochs5_lr1e5,outputs/apptek/sentiment_results/APPTEK_BANKING_0021_sentiment.json
APPTEK_BANKING_0022,banking,banking,male,en-CN,776.775,60.0,Positive,happy,0.0210922344122082,0.004578412044793367,0.005825321655720472,0.0018101667519658804,0.00769568607211113,0.004102484788745642,0.19250631094819254,Low,0.9748052954673767,High,False,model_v5_cremad_ravdess_freeze6_epochs5_lr1e5,outputs/apptek/sentiment_results/APPTEK_BANKING_0022_sentiment.json
APPTEK_HEALTHCARE_0009,healthcare,health,female,en-CN,399.483,60.0,Positive,happy,0.022394261322915554,0.002476415131241083,0.006454674806445837,0.0032389783300459385,0.012422064319252968,0.009811189025640488,0.2765881633818329,Low,0.9677945375442505,High,False,model_v5_cremad_ravdess_freeze6_epochs5_lr1e5,outputs/apptek/sentiment_results/APPTEK_HEALTHCARE_0009_sentiment.json
APPTEK_HEALTHCARE_0010,healthcare,health,female,en-CN,399.483,60.0,Negative,disgust,0.7929286295548081,0.012989060021936893,0.034056398831307885,0.09520549327135086,0.06565740704536438,0.013839954510331154,0.3590743509748366,Medium,0.619076669216156,Medium,False,model_v5_cremad_ravdess_freeze6_epochs5_lr1e5,outputs/apptek/sentiment_results/APPTEK_HEALTHCARE_0010_sentiment.json
APPTEK_HEALTHCARE_0011,healthcare,health,female,en-CN,453.417,60.0,Positive,happy,0.01826993504073471,0.002784324111416936,0.005599380237981677,0.0019486587261781096,0.009821964427828789,0.005515831522643566,0.26797036302619137,Low,0.9762142300605774,High,False,model_v5_cremad_ravdess_freeze6_epochs5_lr1e5,outputs/apptek/sentiment_results/APPTEK_HEALTHCARE_0011_sentiment.json
APPTEK_HEALTHCARE_0012,healthcare,health,female,en-CN,453.418,60.0,Positive,happy,0.10340295825153589,0.004477746784687042,0.020474258065223693,0.041353821754455566,0.04446902498602867,0.13746611773967743,0.21717480543617662,Low,0.7591308951377869,High,False,model_v5_cremad_ravdess_freeze6_epochs5_lr1e5,outputs/apptek/sentiment_results/APPTEK_HEALTHCARE_0012_sentiment.json
APPTEK_HEALTHCARE_0013,healthcare,health,male,en-CN,519.861,60.0,Positive,happy,0.029069522861391306,0.0034638538490980864,0.00919494372792542,0.0020264533814042807,0.01779157854616642,0.0024356928188353777,0.1819387495229906,Low,0.9684947729110718,High,False,model_v5_cremad_ravdess_freeze6_epochs5_lr1e5,outputs/apptek/sentiment_results/APPTEK_HEALTHCARE_0013_sentiment.json
APPTEK_HEALTHCARE_0014,healthcare,health,female,en-CN,519.861,60.0,Positive,happy,0.016122850123792887,0.003985478542745113,0.005269519798457623,0.0012742739636451006,0.007195581682026386,0.003907141741365194,0.23521096634776767,Low,0.9799700379371643,High,False,model_v5_cremad_ravdess_freeze6_epochs5_lr1e5,outputs/apptek/sentiment_results/APPTEK_HEALTHCARE_0014_sentiment.json
APPTEK_HEALTHCARE_0015,healthcare,health,male,en-CN,413.979,60.0,Negative,disgust,0.572893787175417,0.020840853452682495,0.025052948296070097,0.02771468460559845,0.031371090561151505,0.007640840485692024,0.22048174228866596,Low,0.4929671585559845,Low,True,model_v5_cremad_ravdess_freeze6_epochs5_lr1e5,outputs/apptek/sentiment_results/APPTEK_HEALTHCARE_0015_sentiment.json
APPTEK_HEALTHCARE_0016,healthcare,health,male,en-CN,413.979,60.0,Positive,happy,0.05696620943490416,0.041553348302841187,0.026786039210855962,0.0010582228424027562,0.004635075572878122,0.00366964191198349,0.27379027448550913,Low,0.9393641352653503,High,False,model_v5_cremad_ravdess_freeze6_epochs5_lr1e5,outputs/apptek/sentiment_results/APPTEK_HEALTHCARE_0016_sentiment.json
APPTEK_HEALTHCARE_0017,healthcare,health,female,en-CN,287.798,60.0,Positive,happy,0.015680520329624414,0.00418919837102294,0.00535890581086278,0.0011530988849699497,0.0071134669706225395,0.0038450807332992554,0.23267505732240654,Low,0.9804744720458984,High,False,model_v5_cremad_ravdess_freeze6_epochs5_lr1e5,outputs/apptek/sentiment_results/APPTEK_HEALTHCARE_0017_sentiment.json
APPTEK_HEALTHCARE_0018,healthcare,health,male,en-CN,287.798,60.0,Positive,happy,0.016187975415959954,0.004594787023961544,0.005389078147709369,0.0011917874217033386,0.006580514833331108,0.0037963346112519503,0.2168440063622135,Low,0.9800156950950623,High,False,model_v5_cremad_ravdess_freeze6_epochs5_lr1e5,outputs/apptek/sentiment_results/APPTEK_HEALTHCARE_0018_sentiment.json
APPTEK_HEALTHCARE_0019,healthcare,health,female,en-CN,667.531,60.0,Positive,happy,0.016343166935257614,0.00354818906635046,0.005366235412657261,0.0013021304039284587,0.008093304932117462,0.003788111498579383,0.17700540154692135,Low,0.9798687100410461,High,False,model_v5_cremad_ravdess_freeze6_epochs5_lr1e5,outputs/apptek/sentiment_results/APPTEK_HEALTHCARE_0019_sentiment.json
APPTEK_HEALTHCARE_0020,healthcare,health,female,en-CN,667.531,60.0,Positive,happy,0.01637079566717148,0.0031623574905097485,0.0050448023714125155,0.0021422237623482943,0.007868469692766666,0.011498198844492435,0.23743934190668975,Low,0.9721310138702393,High,False,model_v5_cremad_ravdess_freeze6_epochs5_lr1e5,outputs/apptek/sentiment_results/APPTEK_HEALTHCARE_0020_sentiment.json
APPTEK_TELECOMMUNICATIONS_0005,telecommunications,telecom,female,en-CN,695.878,60.0,Negative,disgust,0.982901081442833,0.006258726119995117,0.019077521562576295,0.2539641559123993,0.03830571472644806,0.008231496438384056,0.362791480937376,Medium,0.6843724846839905,Medium,False,model_v5_cremad_ravdess_freeze6_epochs5_lr1e5,outputs/apptek/sentiment_results/APPTEK_TELECOMMUNICATIONS_0005_sentiment.json
APPTEK_TELECOMMUNICATIONS_0006,telecommunications,telecom,female,en-CN,695.878,60.0,Negative,sadness,0.9661149051971734,0.0021249582059681416,0.020236705522984268,0.9070488214492798,0.04740432649850845,0.03173018619418144,0.3577238228413383,Medium,0.9070488214492798,High,False,model_v5_cremad_ravdess_freeze6_epochs5_lr1e5,outputs/apptek/sentiment_results/APPTEK_TELECOMMUNICATIONS_0006_sentiment.json
APPTEK_TELECOMMUNICATIONS_0007,telecommunications,telecom,male,en-CN,537.648,60.0,Positive,happy,0.048969154711812735,0.006560062523931265,0.01135333562269807,0.004206238314509392,0.018543245270848274,0.003664945252239704,0.2775692546883268,Low,0.947365939617157,High,False,model_v5_cremad_ravdess_freeze6_epochs5_lr1e5,outputs/apptek/sentiment_results/APPTEK_TELECOMMUNICATIONS_0007_sentiment.json
APPTEK_TELECOMMUNICATIONS_0008,telecommunications,telecom,female,en-CN,537.648,60.0,Negative,disgust,0.8791221380233765,0.012905143201351166,0.026939408481121065,0.07590088248252869,0.04799080640077591,0.009091214276850224,0.3622311326995138,Medium,0.7423253059387207,Medium,False,model_v5_cremad_ravdess_freeze6_epochs5_lr1e5,outputs/apptek/sentiment_results/APPTEK_TELECOMMUNICATIONS_0008_sentiment.json
APPTEK_TELECOMMUNICATIONS_0009,telecommunications,telecom,male,en-CN,394.291,60.0,Negative,disgust,0.9160142578184605,0.01592172682285309,0.017169654369354248,0.05234972760081291,0.019041545689105988,0.010756312869489193,0.29327363596366923,Low,0.8287012577056885,High,False,model_v5_cremad_ravdess_freeze6_epochs5_lr1e5,outputs/apptek/sentiment_results/APPTEK_TELECOMMUNICATIONS_0009_sentiment.json
APPTEK_TELECOMMUNICATIONS_0010,telecommunications,telecom,male,en-CN,394.291,60.0,Positive,happy,0.021063995198346674,0.007022905629128218,0.006750163156539202,0.0013049590634182096,0.006341049447655678,0.0032117548398673534,0.28523506715574815,Low,0.9757241606712341,High,False,model_v5_cremad_ravdess_freeze6_epochs5_lr1e5,outputs/apptek/sentiment_results/APPTEK_TELECOMMUNICATIONS_0010_sentiment.json
APPTEK_BANKING_0023,banking,banking,female,en-IN,624.48,60.0,Positive,happy,0.020379983237944543,0.0024470605421811342,0.006581092951819301,0.0017325890948995948,0.01278214156627655,0.0038676252588629723,0.2998779022746809,Low,0.9757522940635681,High,False,model_v5_cremad_ravdess_freeze6_epochs5_lr1e5,outputs/apptek/sentiment_results/APPTEK_BANKING_0023_sentiment.json
APPTEK_BANKING_0024,banking,banking,male,en-IN,624.48,60.0,Positive,happy,0.020375318359583616,0.004803643096238375,0.005809290800243616,0.0017429329454898834,0.007317762356251478,0.00436994805932045,0.2585214220990565,Low,0.9752546548843384,High,False,model_v5_cremad_ravdess_freeze6_epochs5_lr1e5,outputs/apptek/sentiment_results/APPTEK_BANKING_0024_sentiment.json
APPTEK_BANKING_0025,banking,banking,female,en-IN,617.12,60.0,Negative,sadness,0.959790340391919,0.0037325851153582335,0.12922485065646472,0.6088654398918152,0.3174632489681244,0.023535821586847305,0.4108416929588323,Medium,0.6088654398918152,Medium,False,model_v5_cremad_ravdess_freeze6_epochs5_lr1e5,outputs/apptek/sentiment_results/APPTEK_BANKING_0025_sentiment.json
APPTEK_BANKING_0026,banking,banking,male,en-IN,617.12,60.0,Positive,happy,0.024788203882053494,0.004682635888457298,0.007289459928870201,0.0015411695931106806,0.011199695989489555,0.0021856764797121286,0.21214119727860936,Low,0.9730260968208313,High,False,model_v5_cremad_ravdess_freeze6_epochs5_lr1e5,outputs/apptek/sentiment_results/APPTEK_BANKING_0026_sentiment.json
APPTEK_BANKING_0027,banking,banking,female,en-IN,603.264,60.0,Negative,fear,0.9822030693758279,0.0023021178785711527,0.2866677926387638,0.2579914927482605,0.7132163047790527,0.011614479124546051,0.4798971636238578,Medium,0.7132163047790527,Medium,False,model_v5_cremad_ravdess_freeze6_epochs5_lr1e5,outputs/apptek/sentiment_results/APPTEK_BANKING_0027_sentiment.json
APPTEK_BANKING_0028,banking,banking,male,en-IN,603.264,60.0,Positive,happy,0.016950429184362292,0.003919647075235844,0.005664104036986828,0.0011466422583907843,0.008280789479613304,0.0030126706697046757,0.2323575480955818,Low,0.9800369739532471,High,False,model_v5_cremad_ravdess_freeze6_epochs5_lr1e5,outputs/apptek/sentiment_results/APPTEK_BANKING_0028_sentiment.json
APPTEK_BANKING_0029,banking,banking,female,en-IN,581.696,60.0,Negative,sadness,0.9791896215174347,0.0020234270486980677,0.03153119585476816,0.890950083732605,0.07579284906387329,0.018712062388658524,0.37356755302674477,Medium,0.890950083732605,High,False,model_v5_cremad_ravdess_freeze6_epochs5_lr1e5,outputs/apptek/sentiment_results/APPTEK_BANKING_0029_sentiment.json
APPTEK_BANKING_0030,banking,banking,male,en-IN,581.696,60.0,Positive,happy,0.019368328503333032,0.003859381889924407,0.006035848567262293,0.0015067957574501634,0.00930054858326912,0.0033760538790374994,0.26939605964580854,Low,0.977255642414093,High,False,model_v5_cremad_ravdess_freeze6_epochs5_lr1e5,outputs/apptek/sentiment_results/APPTEK_BANKING_0030_sentiment.json
APPTEK_BANKING_0031,banking,banking,female,en-IN,587.232,60.0,Negative,sadness,0.9818735378794372,0.002386608626693487,0.15033478671684863,0.5969814658164978,0.3722570538520813,0.014624095521867275,0.4200506027803082,Medium,0.5969814658164978,Medium,False,model_v5_cremad_ravdess_freeze6_epochs5_lr1e5,outputs/apptek/sentiment_results/APPTEK_BANKING_0031_sentiment.json
APPTEK_BANKING_0032,banking,banking,male,en-IN,587.232,60.0,Positive,happy,0.3590940402355045,0.2353239208459854,0.14479733854532242,0.003473026445135474,0.009007465094327927,0.004218677058815956,0.40167623358214166,Medium,0.6366872787475586,Medium,False,model_v5_cremad_ravdess_freeze6_epochs5_lr1e5,outputs/apptek/sentiment_results/APPTEK_BANKING_0032_sentiment.json
APPTEK_BANKING_0033,banking,banking,female,en-IN,584.512,60.0,Negative,fear,0.985136317787692,0.002536750165745616,0.25075100441463294,0.34943705797195435,0.6230723857879639,0.010446112602949142,0.45633018275367554,Medium,0.6230723857879639,Medium,False,model_v5_cremad_ravdess_freeze6_epochs5_lr1e5,outputs/apptek/sentiment_results/APPTEK_BANKING_0033_sentiment.json
APPTEK_BANKING_0034,banking,banking,male,en-IN,584.512,60.0,Positive,happy,0.016929787816479802,0.005502129904925823,0.0058855459094047545,0.0010496268514543772,0.006460669916123152,0.0031851325184106827,0.22930450610427217,Low,0.9798851013183594,High,False,model_v5_cremad_ravdess_freeze6_epochs5_lr1e5,outputs/apptek/sentiment_results/APPTEK_BANKING_0034_sentiment.json
APPTEK_HEALTHCARE_0021,healthcare,health,female,en-IN,422.187,60.0,Negative,fear,0.9150934116914868,0.005788435228168964,0.3091199336573482,0.06300123780965805,0.7641171813011169,0.003826844971626997,0.4646492053442974,Medium,0.7641171813011169,High,False,model_v5_cremad_ravdess_freeze6_epochs5_lr1e5,outputs/apptek/sentiment_results/APPTEK_HEALTHCARE_0021_sentiment.json
APPTEK_HEALTHCARE_0022,healthcare,health,female,en-IN,422.208,60.0,Positive,happy,0.020571649773046374,0.006314177066087723,0.006692130304872989,0.0010627799201756716,0.00725906016305089,0.0022870288230478764,0.29196721403216847,Low,0.9771413207054138,High,False,model_v5_cremad_ravdess_freeze6_epochs5_lr1e5,outputs/apptek/sentiment_results/APPTEK_HEALTHCARE_0022_sentiment.json
APPTEK_TELECOMMUNICATIONS_0011,telecommunications,telecom,female,en-IN,631.712,60.0,Negative,sadness,0.986156998667866,0.002436553593724966,0.17964309165254236,0.5270288586616516,0.44545289874076843,0.010340075008571148,0.39532035493575857,Medium,0.5270288586616516,Medium,True,model_v5_cremad_ravdess_freeze6_epochs5_lr1e5,outputs/apptek/sentiment_results/APPTEK_TELECOMMUNICATIONS_0011_sentiment.json
APPTEK_TELECOMMUNICATIONS_0012,telecommunications,telecom,male,en-IN,631.712,60.0,Positive,happy,0.18223399203270674,0.005698934197425842,0.04222603440284729,0.0667300820350647,0.09701668471097946,0.18919333815574646,0.2645015714950326,Low,0.6285727620124817,Medium,False,model_v5_cremad_ravdess_freeze6_epochs5_lr1e5,outputs/apptek/sentiment_results/APPTEK_TELECOMMUNICATIONS_0012_sentiment.json
APPTEK_TELECOMMUNICATIONS_0013,telecommunications,telecom,female,en-IN,646.176,60.0,Negative,sadness,0.9821131532080472,0.0023476029746234417,0.02603533985093236,0.9068377017974854,0.06156694516539574,0.016152285039424896,0.4153670221349603,Medium,0.9068377017974854,High,False,model_v5_cremad_ravdess_freeze6_epochs5_lr1e5,outputs/apptek/sentiment_results/APPTEK_TELECOMMUNICATIONS_0013_sentiment.json
APPTEK_TELECOMMUNICATIONS_0014,telecommunications,telecom,male,en-IN,646.176,60.0,Positive,happy,0.15365806827321649,0.005754397716373205,0.03116849446669221,0.0661151260137558,0.06928963959217072,0.27869319915771484,0.2853231421295277,Low,0.567648708820343,Medium,False,model_v5_cremad_ravdess_freeze6_epochs5_lr1e5,outputs/apptek/sentiment_results/APPTEK_TELECOMMUNICATIONS_0014_sentiment.json
APPTEK_TELECOMMUNICATIONS_0015,telecommunications,telecom,female,en-IN,619.744,60.0,Negative,sadness,0.9810967722442001,0.002363756066188216,0.02485490874387324,0.9089375138282776,0.05859163776040077,0.017176620662212372,0.41582808273564903,Medium,0.9089375138282776,High,False,model_v5_cremad_ravdess_freeze6_epochs5_lr1e5,outputs/apptek/sentiment_results/APPTEK_TELECOMMUNICATIONS_0015_sentiment.json
APPTEK_TELECOMMUNICATIONS_0016,telecommunications,telecom,male,en-IN,619.744,60.0,Unknown,happy,0.2382732992991805,0.008665249682962894,0.0389099782332778,0.12435480207204819,0.08427707105875015,0.3520525097846985,0.25941197735234583,Low,0.40967416763305664,Low,True,model_v5_cremad_ravdess_freeze6_epochs5_lr1e5,outputs/apptek/sentiment_results/APPTEK_TELECOMMUNICATIONS_0016_sentiment.json
APPTEK_TELECOMMUNICATIONS_0017,telecommunications,telecom,female,en-IN,607.584,60.0,Mixed,fear,0.5439487700350583,0.0039361403323709965,0.18252925192937255,0.0699351355433464,0.4504189193248749,0.023566313087940216,0.35733606731210027,Medium,0.4504189193248749,Low,True,model_v5_cremad_ravdess_freeze6_epochs5_lr1e5,outputs/apptek/sentiment_results/APPTEK_TELECOMMUNICATIONS_0017_sentiment.json
APPTEK_TELECOMMUNICATIONS_0018,telecommunications,telecom,unknown,en-IN,607.584,60.0,Positive,happy,0.06321654096245766,0.007954293861985207,0.013885826990008353,0.007912110537290573,0.022783126682043076,0.007971182465553284,0.2225343741032278,Low,0.9288122653961182,High,False,model_v5_cremad_ravdess_freeze6_epochs5_lr1e5,outputs/apptek/sentiment_results/APPTEK_TELECOMMUNICATIONS_0018_sentiment.json
APPTEK_TELECOMMUNICATIONS_0019,telecommunications,telecom,female,en-IN,604.672,60.0,Negative,sadness,0.9849710094276816,0.0020493839401751757,0.17296336735598744,0.539303183555603,0.4293343424797058,0.00988354068249464,0.4672973269583781,Medium,0.539303183555603,Medium,False,model_v5_cremad_ravdess_freeze6_epochs5_lr1e5,outputs/apptek/sentiment_results/APPTEK_TELECOMMUNICATIONS_0019_sentiment.json
APPTEK_TELECOMMUNICATIONS_0020,telecommunications,telecom,male,en-IN,604.672,60.0,Positive,happy,0.07252579322084785,0.006376390811055899,0.015448128525167705,0.0265951044857502,0.02905573509633541,0.16804350912570953,0.28388626236752923,Low,0.7594306468963623,High,False,model_v5_cremad_ravdess_freeze6_epochs5_lr1e5,outputs/apptek/sentiment_results/APPTEK_TELECOMMUNICATIONS_0020_sentiment.json
APPTEK_TELECOMMUNICATIONS_0021,telecommunications,telecom,female,en-IN,629.344,60.0,Negative,fear,0.9045818196609616,0.002930637449026108,0.24485943093895915,0.2796868681907654,0.6077526211738586,0.040647268295288086,0.4443410457096888,Medium,0.6077526211738586,Medium,False,model_v5_cremad_ravdess_freeze6_epochs5_lr1e5,outputs/apptek/sentiment_results/APPTEK_TELECOMMUNICATIONS_0021_sentiment.json
APPTEK_TELECOMMUNICATIONS_0022,telecommunications,telecom,unknown,en-IN,629.344,60.0,Positive,happy,0.016979137435555458,0.004356452729552984,0.005533968005329371,0.0013455268926918507,0.00730024091899395,0.004085652995854616,0.2679321994625449,Low,0.978935182094574,High,False,model_v5_cremad_ravdess_freeze6_epochs5_lr1e5,outputs/apptek/sentiment_results/APPTEK_TELECOMMUNICATIONS_0022_sentiment.json
APPTEK_BANKING_0035,banking,banking,female,en-CA,650.702,60.0,Positive,happy,0.01587591681163758,0.004059795290231705,0.0053410157561302185,0.0011887178989127278,0.007262846454977989,0.003763602115213871,0.24334770942582812,Low,0.9803604483604431,High,False,model_v5_cremad_ravdess_freeze6_epochs5_lr1e5,outputs/apptek/sentiment_results/APPTEK_BANKING_0035_sentiment.json
APPTEK_BANKING_0036,banking,banking,male,en-CA,650.702,60.0,Negative,disgust,0.9643347850069404,0.009555487893521786,0.04298478905111552,0.20456627011299133,0.0931287407875061,0.008006684482097626,0.28279184813834946,Low,0.6570842862129211,Medium,False,model_v5_cremad_ravdess_freeze6_epochs5_lr1e5,outputs/apptek/sentiment_results/APPTEK_BANKING_0036_sentiment.json
APPTEK_BANKING_0037,banking,banking,female,en-CA,573.007,60.0,Positive,happy,0.016212090384215117,0.0030207419767975807,0.005138958431780339,0.0017693103291094303,0.008316283114254475,0.007024671416729689,0.17387074992887697,Low,0.9767632484436035,High,False,model_v5_cremad_ravdess_freeze6_epochs5_lr1e5,outputs/apptek/sentiment_results/APPTEK_BANKING_0037_sentiment.json
APPTEK_BANKING_0038,banking,banking,male,en-CA,573.008,60.0,Negative,disgust,0.9090824192389846,0.01252667885273695,0.02394874710589647,0.0537232905626297,0.04108184948563576,0.006108885630965233,0.37663779820173054,Medium,0.8017506003379822,High,False,model_v5_cremad_ravdess_freeze6_epochs5_lr1e5,outputs/apptek/sentiment_results/APPTEK_BANKING_0038_sentiment.json
APPTEK_BANKING_0039,banking,banking,female,en-CA,548.0,60.0,Positive,happy,0.015694820787757635,0.0040630679577589035,0.005332107283174991,0.0011748510878533125,0.007235666271299124,0.003865193109959364,0.3320234394325659,Medium,0.9804399609565735,High,False,model_v5_cremad_ravdess_freeze6_epochs5_lr1e5,outputs/apptek/sentiment_results/APPTEK_BANKING_0039_sentiment.json
APPTEK_BANKING_0040,banking,banking,female,en-CA,548.0,60.0,Negative,disgust,0.6379353180527687,0.017499960958957672,0.021998998522758485,0.01947909966111183,0.0287475548684597,0.005192955490201712,0.37882815670821707,Medium,0.5722087025642395,Medium,False,model_v5_cremad_ravdess_freeze6_epochs5_lr1e5,outputs/apptek/sentiment_results/APPTEK_BANKING_0040_sentiment.json
APPTEK_BANKING_0041,banking,banking,male,en-CA,646.568,60.0,Negative,sadness,0.9847219837829471,0.0023356853052973747,0.04087531436234713,0.8631983995437622,0.09868475794792175,0.01229317020624876,0.3963630374280789,Medium,0.8631983995437622,High,False,model_v5_cremad_ravdess_freeze6_epochs5_lr1e5,outputs/apptek/sentiment_results/APPTEK_BANKING_0041_sentiment.json
APPTEK_BANKING_0042,banking,banking,female,en-CA,646.568,60.0,Positive,happy,0.016702037886716425,0.004036277066916227,0.005358154606074094,0.0012736484641209245,0.007340970914810896,0.003510505659505725,0.1948073433339232,Low,0.9797874689102173,High,False,model_v5_cremad_ravdess_freeze6_epochs5_lr1e5,outputs/apptek/sentiment_results/APPTEK_BANKING_0042_sentiment.json
APPTEK_HEALTHCARE_0023,healthcare,health,female,en-CA,589.888,60.0,Positive,happy,0.01604595617391169,0.003509226720780134,0.005202035512775182,0.0013797904830425978,0.0077412487007677555,0.004381143022328615,0.22059637660070924,Low,0.9795729517936707,High,False,model_v5_cremad_ravdess_freeze6_epochs5_lr1e5,outputs/apptek/sentiment_results/APPTEK_HEALTHCARE_0023_sentiment.json
APPTEK_HEALTHCARE_0024,healthcare,health,male,en-CA,589.888,60.0,Negative,sadness,0.9870290022809058,0.0024629973340779543,0.023104421375319362,0.9067979454994202,0.05406655743718147,0.01099857222288847,0.2971108237791971,Low,0.9067979454994202,High,False,model_v5_cremad_ravdess_freeze6_epochs5_lr1e5,outputs/apptek/sentiment_results/APPTEK_HEALTHCARE_0024_sentiment.json
APPTEK_HEALTHCARE_0025,healthcare,health,female,en-CA,564.787,60.0,Positive,happy,0.015651601483114064,0.0033129467628896236,0.005115138087421655,0.0014258601004257798,0.007818425074219704,0.005163155496120453,0.2128258203877825,Low,0.9791852831840515,High,False,model_v5_cremad_ravdess_freeze6_epochs5_lr1e5,outputs/apptek/sentiment_results/APPTEK_HEALTHCARE_0025_sentiment.json
APPTEK_HEALTHCARE_0026,healthcare,health,male,en-CA,564.787,60.0,Negative,disgust,0.9878564747050405,0.008289716206490993,0.007877090014517307,0.022971780970692635,0.007258150726556778,0.0034109046682715416,0.3199728876055027,Medium,0.9493368268013,High,False,model_v5_cremad_ravdess_freeze6_epochs5_lr1e5,outputs/apptek/sentiment_results/APPTEK_HEALTHCARE_0026_sentiment.json
APPTEK_HEALTHCARE_0027,healthcare,health,female,en-CA,855.354,60.0,Negative,disgust,0.8040577583014965,0.012578267604112625,0.027987004071474076,0.05265204980969429,0.05110010877251625,0.007437523454427719,0.3889041647397061,Medium,0.6877273321151733,Medium,False,model_v5_cremad_ravdess_freeze6_epochs5_lr1e5,outputs/apptek/sentiment_results/APPTEK_HEALTHCARE_0027_sentiment.json
APPTEK_HEALTHCARE_0028,healthcare,health,female,en-CA,855.353,60.0,Negative,disgust,0.9784417937044054,0.09640202671289444,0.0592579678632319,0.008750904351472855,0.003541879588738084,0.004024310503154993,0.5243328823207958,Medium,0.8697469830513,High,False,model_v5_cremad_ravdess_freeze6_epochs5_lr1e5,outputs/apptek/sentiment_results/APPTEK_HEALTHCARE_0028_sentiment.json
APPTEK_TELECOMMUNICATIONS_0023,telecommunications,telecom,unknown,en-CA,613.285,60.0,Negative,disgust,0.9670391394756734,0.007146311458200216,0.018786192033439876,0.09039545804262161,0.03624601289629936,0.006194338668137789,0.30810096706921586,Medium,0.8332513570785522,High,False,model_v5_cremad_ravdess_freeze6_epochs5_lr1e5,outputs/apptek/sentiment_results/APPTEK_TELECOMMUNICATIONS_0023_sentiment.json
APPTEK_TELECOMMUNICATIONS_0024,telecommunications,telecom,female,en-CA,613.286,60.0,Positive,happy,0.024374340195208788,0.003639465430751443,0.006303820526227355,0.0029515002388507128,0.010300353169441223,0.00661276513710618,0.17087053360414453,Low,0.9690129160881042,High,False,model_v5_cremad_ravdess_freeze6_epochs5_lr1e5,outputs/apptek/sentiment_results/APPTEK_TELECOMMUNICATIONS_0024_sentiment.json
APPTEK_TELECOMMUNICATIONS_0025,telecommunications,telecom,female,en-CA,855.0,60.0,Positive,happy,0.01637594634667039,0.003390158759430051,0.005242257146164775,0.0013927062973380089,0.008020404726266861,0.0040629408322274685,0.2951011122171622,Low,0.9795610308647156,High,False,model_v5_cremad_ravdess_freeze6_epochs5_lr1e5,outputs/apptek/sentiment_results/APPTEK_TELECOMMUNICATIONS_0025_sentiment.json
APPTEK_TELECOMMUNICATIONS_0026,telecommunications,telecom,female,en-CA,855.0,60.0,Positive,happy,0.30219492968171835,0.017478561028838158,0.02099386416375637,0.013242463581264019,0.02626681886613369,0.005396521184593439,0.34893635087214836,Medium,0.6924085021018982,Medium,False,model_v5_cremad_ravdess_freeze6_epochs5_lr1e5,outputs/apptek/sentiment_results/APPTEK_TELECOMMUNICATIONS_0026_sentiment.json
APPTEK_BANKING_0043,banking,banking,female,en-GB_WLS,356.106,60.0,Negative,sadness,0.9735491860192269,0.002213476924225688,0.02428038348443806,0.9045825004577637,0.05738074332475662,0.024429190903902054,0.33747892418721676,Medium,0.9045825004577637,High,False,model_v5_cremad_ravdess_freeze6_epochs5_lr1e5,outputs/apptek/sentiment_results/APPTEK_BANKING_0043_sentiment.json
APPTEK_BANKING_0044,banking,banking,male,en-GB_WLS,356.105,60.0,Negative,sadness,0.8455580770969391,0.015440970659255981,0.03997861742973328,0.3895406723022461,0.07678508758544922,0.0663803368806839,0.34713235605670706,Medium,0.3895406723022461,Low,True,model_v5_cremad_ravdess_freeze6_epochs5_lr1e5,outputs/apptek/sentiment_results/APPTEK_BANKING_0044_sentiment.json
APPTEK_BANKING_0045,banking,banking,female,en-GB_WLS,678.265,60.0,Positive,happy,0.0556338126771152,0.002405507955700159,0.01717134928330779,0.008520388975739479,0.03932011127471924,0.016924845054745674,0.2209295257879906,Low,0.9274413585662842,High,False,model_v5_cremad_ravdess_freeze6_epochs5_lr1e5,outputs/apptek/sentiment_results/APPTEK_BANKING_0045_sentiment.json
APPTEK_BANKING_0046,banking,banking,male,en-GB_WLS,678.265,60.0,Negative,disgust,0.9805837334133685,0.012168615125119686,0.010405544936656953,0.018859246745705605,0.007760939653962851,0.0031092616263777018,0.37982793229202794,Medium,0.9417949318885803,High,False,model_v5_cremad_ravdess_freeze6_epochs5_lr1e5,outputs/apptek/sentiment_results/APPTEK_BANKING_0046_sentiment.json
APPTEK_BANKING_0047,banking,banking,male,en-GB_WLS,636.158,60.0,Positive,happy,0.01704439369495958,0.003948686644434929,0.005097457580268383,0.0015562748303636909,0.006820613984018564,0.005027687177062035,0.21377017114641603,Low,0.9779279232025146,High,False,model_v5_cremad_ravdess_freeze6_epochs5_lr1e5,outputs/apptek/sentiment_results/APPTEK_BANKING_0047_sentiment.json
APPTEK_BANKING_0048,banking,banking,female,en-GB_WLS,636.158,60.0,Negative,sadness,0.9199014669284225,0.008496331982314587,0.14173529613763095,0.5163774490356445,0.34159374237060547,0.036248546093702316,0.3546255381184407,Medium,0.5163774490356445,Medium,False,model_v5_cremad_ravdess_freeze6_epochs5_lr1e5,outputs/apptek/sentiment_results/APPTEK_BANKING_0048_sentiment.json
APPTEK_BANKING_0049,banking,banking,female,en-GB_WLS,630.947,60.0,Positive,happy,0.044844856951385736,0.005090887192636728,0.015231020655483008,0.002411977853626013,0.030441220849752426,0.002099222270771861,0.2978589704923676,Low,0.9530559778213501,High,False,model_v5_cremad_ravdess_freeze6_epochs5_lr1e5,outputs/apptek/sentiment_results/APPTEK_BANKING_0049_sentiment.json
APPTEK_BANKING_0050,banking,banking,male,en-GB_WLS,630.947,60.0,Mixed,happy,0.5293755419552326,0.016212893649935722,0.02210596688091755,0.023149399086833,0.03094557672739029,0.007884353399276733,0.2416475361023428,Low,0.4627402126789093,Low,True,model_v5_cremad_ravdess_freeze6_epochs5_lr1e5,outputs/apptek/sentiment_results/APPTEK_BANKING_0050_sentiment.json
APPTEK_BANKING_0051,banking,banking,female,en-GB_WLS,607.632,60.0,Positive,happy,0.08408213267102838,0.004453554283827543,0.02584666581824422,0.004549284465610981,0.05793633311986923,0.0021635834127664566,0.2800419968478187,Low,0.9137542843818665,High,False,model_v5_cremad_ravdess_freeze6_epochs5_lr1e5,outputs/apptek/sentiment_results/APPTEK_BANKING_0051_sentiment.json
APPTEK_BANKING_0052,banking,banking,female,en-GB_WLS,607.631,60.0,Negative,sadness,0.9784089263994247,0.0024917901027947664,0.01868623378686607,0.9199476838111877,0.04297789931297302,0.019815364852547646,0.3642412732220085,Medium,0.9199476838111877,High,False,model_v5_cremad_ravdess_freeze6_epochs5_lr1e5,outputs/apptek/sentiment_results/APPTEK_BANKING_0052_sentiment.json
APPTEK_HEALTHCARE_0029,healthcare,health,male,en-GB_WLS,419.568,60.0,Negative,disgust,0.9635603837668896,0.009473634883761406,0.012596809491515159,0.055639613419771194,0.01728157140314579,0.007174696307629347,0.324850528170767,Medium,0.8811655640602112,High,False,model_v5_cremad_ravdess_freeze6_epochs5_lr1e5,outputs/apptek/sentiment_results/APPTEK_HEALTHCARE_0029_sentiment.json
APPTEK_HEALTHCARE_0030,healthcare,health,female,en-GB_WLS,419.568,60.0,Negative,sadness,0.9771713176742196,0.0019459398463368416,0.07018641661852598,0.7942581176757812,0.1725471317768097,0.01996910758316517,0.42952688834552344,Medium,0.7942581176757812,High,False,model_v5_cremad_ravdess_freeze6_epochs5_lr1e5,outputs/apptek/sentiment_results/APPTEK_HEALTHCARE_0030_sentiment.json
APPTEK_HEALTHCARE_0031,healthcare,health,female,en-GB_WLS,678.217,60.0,Positive,happy,0.21603978844359517,0.0060625323094427586,0.0578258483670652,0.05400286987423897,0.13547082245349884,0.04773633927106857,0.3195071497172224,Medium,0.7362238168716431,Medium,False,model_v5_cremad_ravdess_freeze6_epochs5_lr1e5,outputs/apptek/sentiment_results/APPTEK_HEALTHCARE_0031_sentiment.json
APPTEK_HEALTHCARE_0032,healthcare,health,unknown,en-GB_WLS,678.216,60.0,Negative,disgust,0.9896251610480249,0.010174249298870564,0.008363459259271622,0.023738918825984,0.005647274199873209,0.0040391841903328896,0.3246824230734395,Medium,0.9500647187232971,High,False,model_v5_cremad_ravdess_freeze6_epochs5_lr1e5,outputs/apptek/sentiment_results/APPTEK_HEALTHCARE_0032_sentiment.json
APPTEK_HEALTHCARE_0033,healthcare,health,male,en-GB_WLS,599.426,60.0,Positive,happy,0.27500680927187204,0.02347351424396038,0.02112074829638004,0.00944457110017538,0.017591599375009537,0.005366133991628885,0.2624827907659164,Low,0.7196270227432251,Medium,False,model_v5_cremad_ravdess_freeze6_epochs5_lr1e5,outputs/apptek/sentiment_results/APPTEK_HEALTHCARE_0033_sentiment.json
APPTEK_HEALTHCARE_0034,healthcare,health,female,en-GB_WLS,599.426,60.0,Positive,happy,0.03030268452130258,0.0022702827118337154,0.00938897365704179,0.003335432382300496,0.020067010074853897,0.005775448866188526,0.16343996105019565,Low,0.9639219641685486,High,False,model_v5_cremad_ravdess_freeze6_epochs5_lr1e5,outputs/apptek/sentiment_results/APPTEK_HEALTHCARE_0034_sentiment.json
APPTEK_HEALTHCARE_0035,healthcare,health,female,en-GB_WLS,399.273,60.0,Positive,happy,0.2798372581601143,0.014064472168684006,0.026042210310697554,0.016307324171066284,0.04400881752371788,0.004683855455368757,0.271728520798891,Low,0.7154788970947266,Medium,False,model_v5_cremad_ravdess_freeze6_epochs5_lr1e5,outputs/apptek/sentiment_results/APPTEK_HEALTHCARE_0035_sentiment.json
APPTEK_HEALTHCARE_0036,healthcare,health,male,en-GB_WLS,399.274,60.0,Negative,sadness,0.7582147605717182,0.020239878445863724,0.05405706688761711,0.3424868583679199,0.10478284955024719,0.07775425165891647,0.2896553861017207,Low,0.3424868583679199,Low,True,model_v5_cremad_ravdess_freeze6_epochs5_lr1e5,outputs/apptek/sentiment_results/APPTEK_HEALTHCARE_0036_sentiment.json
APPTEK_TELECOMMUNICATIONS_0027,telecommunications,telecom,female,en-GB_WLS,518.796,60.0,Positive,happy,0.02735827717697248,0.01238140370696783,0.010881827212870121,0.0008922065026126802,0.008632462471723557,0.0017285443609580398,0.35905485274755544,Medium,0.9709131717681885,High,False,model_v5_cremad_ravdess_freeze6_epochs5_lr1e5,outputs/apptek/sentiment_results/APPTEK_TELECOMMUNICATIONS_0027_sentiment.json
APPTEK_TELECOMMUNICATIONS_0028,telecommunications,telecom,male,en-GB_WLS,518.795,60.0,Positive,happy,0.38595343939960003,0.01999593712389469,0.027025860175490378,0.03370845690369606,0.03757074475288391,0.013583996333181858,0.2518585301627536,Low,0.6004624962806702,Medium,False,model_v5_cremad_ravdess_freeze6_epochs5_lr1e5,outputs/apptek/sentiment_results/APPTEK_TELECOMMUNICATIONS_0028_sentiment.json
APPTEK_TELECOMMUNICATIONS_0029,telecommunications,telecom,female,en-GB_WLS,616.111,60.0,Positive,happy,0.40146228298544884,0.019149238243699074,0.07689300440251827,0.01702018268406391,0.16350865364074707,0.002870152471587062,0.34237532129838655,Medium,0.5956675410270691,Medium,False,model_v5_cremad_ravdess_freeze6_epochs5_lr1e5,outputs/apptek/sentiment_results/APPTEK_TELECOMMUNICATIONS_0029_sentiment.json
APPTEK_TELECOMMUNICATIONS_0030,telecommunications,telecom,female,en-GB_WLS,616.11,60.0,Positive,happy,0.018095183884724975,0.004522877745330334,0.005656776018440723,0.0013319447170943022,0.007357623428106308,0.0032398297917097807,0.2824453637093211,Low,0.9786649346351624,High,False,model_v5_cremad_ravdess_freeze6_epochs5_lr1e5,outputs/apptek/sentiment_results/APPTEK_TELECOMMUNICATIONS_0030_sentiment.json
APPTEK_BANKING_0053,banking,banking,female,en-US_Aave,916.214,60.0,Positive,happy,0.02538708853535354,0.003464727196842432,0.007070073392242193,0.002987287240102887,0.012478092685341835,0.006029521580785513,0.26120632287974027,Low,0.968583345413208,High,False,model_v5_cremad_ravdess_freeze6_epochs5_lr1e5,outputs/apptek/sentiment_results/APPTEK_BANKING_0053_sentiment.json
APPTEK_BANKING_0054,banking,banking,female,en-US_Aave,916.214,60.0,Negative,sadness,0.9860521266236901,0.002286539413034916,0.022133802436292174,0.9000569581985474,0.051904696971178055,0.011678166687488556,0.37529637948841504,Medium,0.9000569581985474,High,False,model_v5_cremad_ravdess_freeze6_epochs5_lr1e5,outputs/apptek/sentiment_results/APPTEK_BANKING_0054_sentiment.json
APPTEK_BANKING_0055,banking,banking,female,en-US_Aave,633.209,60.0,Negative,sadness,0.9293967224657536,0.0025787409394979477,0.0799271795898676,0.7199636101722717,0.19594983756542206,0.05901948735117912,0.36915670587253163,Medium,0.7199636101722717,Medium,False,model_v5_cremad_ravdess_freeze6_epochs5_lr1e5,outputs/apptek/sentiment_results/APPTEK_BANKING_0055_sentiment.json
APPTEK_BANKING_0056,banking,banking,female,en-US_Aave,633.208,60.0,Negative,disgust,0.9290394866839051,0.009402149356901646,0.024161981604993346,0.07905078679323196,0.04630172997713089,0.007288443390280008,0.3223727797463774,Medium,0.7942848205566406,High,False,model_v5_cremad_ravdess_freeze6_epochs5_lr1e5,outputs/apptek/sentiment_results/APPTEK_BANKING_0056_sentiment.json
APPTEK_BANKING_0057,banking,banking,female,en-US_Aave,861.099,60.0,Positive,happy,0.02086873014923185,0.0038775044959038496,0.005740281986072659,0.0016583200776949525,0.008534448221325874,0.0031495431903749704,0.34083670067204364,Medium,0.9759817719459534,High,False,model_v5_cremad_ravdess_freeze6_epochs5_lr1e5,outputs/apptek/sentiment_results/APPTEK_BANKING_0057_sentiment.json
APPTEK_BANKING_0058,banking,banking,female,en-US_Aave,861.099,60.0,Negative,sadness,0.9820235932711512,0.002009303541854024,0.06792836259119213,0.802068293094635,0.16680695116519928,0.01496985275298357,0.3435682237689859,Medium,0.802068293094635,High,False,model_v5_cremad_ravdess_freeze6_epochs5_lr1e5,outputs/apptek/sentiment_results/APPTEK_BANKING_0058_sentiment.json
APPTEK_HEALTHCARE_0037,healthcare,health,female,en-US_Aave,447.984,60.0,Positive,happy,0.07537033432163298,0.0022261289414018393,0.025150801101699472,0.005299026612192392,0.05953780934214592,0.0037414957769215107,0.27514641125838657,Low,0.9208881855010986,High,False,model_v5_cremad_ravdess_freeze6_epochs5_lr1e5,outputs/apptek/sentiment_results/APPTEK_HEALTHCARE_0037_sentiment.json
APPTEK_HEALTHCARE_0038,healthcare,health,female,en-US_Aave,447.985,60.0,Positive,happy,0.033571230713278055,0.007461144123226404,0.009501593466848136,0.0031073782593011856,0.012562267482280731,0.005002377089112997,0.21346467331259192,Low,0.9614264369010925,High,False,model_v5_cremad_ravdess_freeze6_epochs5_lr1e5,outputs/apptek/sentiment_results/APPTEK_HEALTHCARE_0038_sentiment.json
APPTEK_HEALTHCARE_0039,healthcare,health,female,en-US_Aave,914.957,60.0,Positive,happy,0.02314281719736755,0.0033573878463357687,0.006686233589425683,0.003378696274012327,0.011679502204060555,0.011459899134933949,0.32247746159766394,Medium,0.9653972387313843,High,False,model_v5_cremad_ravdess_freeze6_epochs5_lr1e5,outputs/apptek/sentiment_results/APPTEK_HEALTHCARE_0039_sentiment.json
APPTEK_HEALTHCARE_0040,healthcare,health,female,en-US_Aave,914.957,60.0,Negative,sadness,0.9819393181242049,0.0029830378480255604,0.014870614837855102,0.9244185090065002,0.03270198032259941,0.01638355292379856,0.4036561428248024,Medium,0.9244185090065002,High,False,model_v5_cremad_ravdess_freeze6_epochs5_lr1e5,outputs/apptek/sentiment_results/APPTEK_HEALTHCARE_0040_sentiment.json
APPTEK_HEALTHCARE_0041,healthcare,health,female,en-US_Aave,757.132,60.0,Negative,disgust,0.9868780807591975,0.006280028726905584,0.008385950047522784,0.039937686175107956,0.011544832028448582,0.0036813223268836737,0.43720408742156,Medium,0.9291155338287354,High,False,model_v5_cremad_ravdess_freeze6_epochs5_lr1e5,outputs/apptek/sentiment_results/APPTEK_HEALTHCARE_0041_sentiment.json
APPTEK_HEALTHCARE_0042,healthcare,health,female,en-US_Aave,757.132,60.0,Mixed,happy,0.5493270773440599,0.018123796209692955,0.0377078328281641,0.04599000886082649,0.06708388775587082,0.0088651143014431,0.26177639809492603,Low,0.44180774688720703,Low,True,model_v5_cremad_ravdess_freeze6_epochs5_lr1e5,outputs/apptek/sentiment_results/APPTEK_HEALTHCARE_0042_sentiment.json
APPTEK_TELECOMMUNICATIONS_0031,telecommunications,telecom,male,en-US_Aave,745.609,60.0,Positive,happy,0.02387185371480882,0.002420866396278143,0.007180055323988199,0.0021533879917114973,0.014318838715553284,0.003547077300027013,0.2578769545089199,Low,0.9725812077522278,High,False,model_v5_cremad_ravdess_freeze6_epochs5_lr1e5,outputs/apptek/sentiment_results/APPTEK_TELECOMMUNICATIONS_0031_sentiment.json
APPTEK_TELECOMMUNICATIONS_0032,telecommunications,telecom,female,en-US_Aave,745.609,60.0,Positive,happy,0.05628033261746168,0.006669363006949425,0.010286014899611472,0.004820086993277073,0.015710992738604546,0.004430701024830341,0.2965364865480478,Low,0.9392890334129333,High,False,model_v5_cremad_ravdess_freeze6_epochs5_lr1e5,outputs/apptek/sentiment_results/APPTEK_TELECOMMUNICATIONS_0032_sentiment.json
APPTEK_TELECOMMUNICATIONS_0033,telecommunications,telecom,female,en-US_Aave,914.447,60.0,Positive,happy,0.04085940890945494,0.0030284032691270113,0.012398643372580408,0.004779154900461435,0.026454003527760506,0.006615024991333485,0.30287519995241985,Medium,0.9525255560874939,High,False,model_v5_cremad_ravdess_freeze6_epochs5_lr1e5,outputs/apptek/sentiment_results/APPTEK_TELECOMMUNICATIONS_0033_sentiment.json
APPTEK_TELECOMMUNICATIONS_0034,telecommunications,telecom,female,en-US_Aave,914.447,60.0,Negative,disgust,0.9265002543106675,0.009441942907869816,0.015901958011090754,0.034810494631528854,0.025591980665922165,0.00426799850538373,0.3858504162796452,Medium,0.8566558361053467,High,False,model_v5_cremad_ravdess_freeze6_epochs5_lr1e5,outputs/apptek/sentiment_results/APPTEK_TELECOMMUNICATIONS_0034_sentiment.json
APPTEK_TELECOMMUNICATIONS_0035,telecommunications,telecom,female,en-US_Aave,824.786,60.0,Positive,happy,0.2667542202398181,0.011785413138568401,0.0330420495942235,0.0411740317940712,0.06492700427770615,0.015039408579468727,0.27459657174548435,Low,0.7182063460350037,Medium,False,model_v5_cremad_ravdess_freeze6_epochs5_lr1e5,outputs/apptek/sentiment_results/APPTEK_TELECOMMUNICATIONS_0035_sentiment.json
APPTEK_TELECOMMUNICATIONS_0036,telecommunications,telecom,female,en-US_Aave,824.786,60.0,Positive,happy,0.07337230211123824,0.008766784332692623,0.01219912860542536,0.005099153611809015,0.01734764501452446,0.00359832844696939,0.20268829309837505,Low,0.923029363155365,High,False,model_v5_cremad_ravdess_freeze6_epochs5_lr1e5,outputs/apptek/sentiment_results/APPTEK_TELECOMMUNICATIONS_0036_sentiment.json
APPTEK_BANKING_0059,banking,banking,female,en-ZA,308.26,60.0,Neutral,neutral,0.09350686753168702,0.006040528882294893,0.009090528171509505,0.06149818375706673,0.013665527105331421,0.8168942928314209,0.21943401668456014,Low,0.8168942928314209,High,False,model_v5_cremad_ravdess_freeze6_epochs5_lr1e5,outputs/apptek/sentiment_results/APPTEK_BANKING_0059_sentiment.json
APPTEK_BANKING_0060,banking,banking,male,en-ZA,308.26,60.0,Negative,disgust,0.9859894393011928,0.006933846510946751,0.009849217347800731,0.10396623611450195,0.014222273603081703,0.007266226690262556,0.38239060226356136,Medium,0.8608670830726624,High,False,model_v5_cremad_ravdess_freeze6_epochs5_lr1e5,outputs/apptek/sentiment_results/APPTEK_BANKING_0060_sentiment.json
APPTEK_BANKING_0061,banking,banking,female,en-ZA,616.588,60.0,Positive,happy,0.018879865878261626,0.003116864012554288,0.005441105319187045,0.0017611583461984992,0.008927467279136181,0.004102520179003477,0.18547046091092245,Low,0.9770176410675049,High,False,model_v5_cremad_ravdess_freeze6_epochs5_lr1e5,outputs/apptek/sentiment_results/APPTEK_BANKING_0061_sentiment.json
APPTEK_BANKING_0062,banking,banking,female,en-ZA,616.588,60.0,Positive,happy,0.027363083558157086,0.0025152575690299273,0.007552616251632571,0.003979045432060957,0.015108654275536537,0.008974130265414715,0.24461889526268954,Low,0.9636627435684204,High,False,model_v5_cremad_ravdess_freeze6_epochs5_lr1e5,outputs/apptek/sentiment_results/APPTEK_BANKING_0062_sentiment.json
APPTEK_BANKING_0063,banking,banking,male,en-ZA,653.551,60.0,Negative,fear,0.9615570306777954,0.005774632096290588,0.19113409221172334,0.3706330955028534,0.46917328238487244,0.010019630193710327,0.4735235774359535,Medium,0.46917328238487244,Low,True,model_v5_cremad_ravdess_freeze6_epochs5_lr1e5,outputs/apptek/sentiment_results/APPTEK_BANKING_0063_sentiment.json
APPTEK_BANKING_0064,banking,banking,female,en-ZA,653.552,60.0,Positive,happy,0.025331557961180806,0.003090520855039358,0.006752308551222086,0.002721320139244199,0.012244990095496178,0.004677481483668089,0.25765149995974446,Low,0.9699909687042236,High,False,model_v5_cremad_ravdess_freeze6_epochs5_lr1e5,outputs/apptek/sentiment_results/APPTEK_BANKING_0064_sentiment.json
APPTEK_BANKING_0065,banking,banking,male,en-ZA,504.427,60.0,Positive,happy,0.32060962077230215,0.012841328047215939,0.048643591441214086,0.0799708142876625,0.1023469865322113,0.031963203102350235,0.2544966348081895,Low,0.6474272012710571,Medium,False,model_v5_cremad_ravdess_freeze6_epochs5_lr1e5,outputs/apptek/sentiment_results/APPTEK_BANKING_0065_sentiment.json
APPTEK_BANKING_0066,banking,banking,female,en-ZA,504.427,60.0,Positive,happy,0.027003772323951125,0.005780824925750494,0.006864642817527055,0.0027749084401875734,0.008490369655191898,0.00630772253498435,0.24058906328991725,Low,0.9666885137557983,High,False,model_v5_cremad_ravdess_freeze6_epochs5_lr1e5,outputs/apptek/sentiment_results/APPTEK_BANKING_0066_sentiment.json
APPTEK_BANKING_0067,banking,banking,female,en-ZA,533.649,60.0,Negative,happy,0.6248394846916199,0.01637430489063263,0.09148487746715546,0.0955800861120224,0.2041507363319397,0.012290618382394314,0.2691803407026042,Low,0.36286985874176025,Low,True,model_v5_cremad_ravdess_freeze6_epochs5_lr1e5,outputs/apptek/sentiment_results/APPTEK_BANKING_0067_sentiment.json
APPTEK_BANKING_0068,banking,banking,female,en-ZA,533.649,60.0,Negative,disgust,0.9871336906217039,0.009206675924360752,0.008115190267562866,0.01869485341012478,0.006477961782366037,0.003121444256976247,0.46169650057341033,Medium,0.9527541995048523,High,False,model_v5_cremad_ravdess_freeze6_epochs5_lr1e5,outputs/apptek/sentiment_results/APPTEK_BANKING_0068_sentiment.json
APPTEK_HEALTHCARE_0043,healthcare,health,female,en-ZA,460.786,60.0,Negative,sadness,0.8432580474764109,0.01735287345945835,0.13506108187139035,0.39408400654792786,0.31162339448928833,0.04562894627451897,0.2715783327273566,Low,0.39408400654792786,Low,True,model_v5_cremad_ravdess_freeze6_epochs5_lr1e5,outputs/apptek/sentiment_results/APPTEK_HEALTHCARE_0043_sentiment.json
APPTEK_HEALTHCARE_0044,healthcare,health,male,en-ZA,460.787,60.0,Negative,disgust,0.99025445478037,0.008747815154492855,0.007507066428661347,0.021044235676527023,0.0056459433399140835,0.0035569521132856607,0.3127239517374134,Medium,0.954816460609436,High,False,model_v5_cremad_ravdess_freeze6_epochs5_lr1e5,outputs/apptek/sentiment_results/APPTEK_HEALTHCARE_0044_sentiment.json
APPTEK_HEALTHCARE_0045,healthcare,health,female,en-ZA,791.887,60.0,Negative,sadness,0.8746544141322374,0.0021188310347497463,0.025013668928295374,0.8057334423065186,0.059355925768613815,0.12032106518745422,0.29408717483162644,Low,0.8057334423065186,High,False,model_v5_cremad_ravdess_freeze6_epochs5_lr1e5,outputs/apptek/sentiment_results/APPTEK_HEALTHCARE_0045_sentiment.json
APPTEK_HEALTHCARE_0046,healthcare,health,female,en-ZA,791.888,60.0,Positive,happy,0.02282331185415387,0.002845234703272581,0.006369718257337809,0.003953705076128244,0.01165644358843565,0.01774510182440281,0.2329011893302595,Low,0.959431529045105,High,False,model_v5_cremad_ravdess_freeze6_epochs5_lr1e5,outputs/apptek/sentiment_results/APPTEK_HEALTHCARE_0046_sentiment.json
APPTEK_HEALTHCARE_0047,healthcare,health,unknown,en-ZA,319.874,60.0,Negative,sadness,0.9756826509255916,0.002364757703617215,0.01938867750577629,0.9165738821029663,0.04492455720901489,0.022397533059120178,0.3719768445068621,Medium,0.9165738821029663,High,False,model_v5_cremad_ravdess_freeze6_epochs5_lr1e5,outputs/apptek/sentiment_results/APPTEK_HEALTHCARE_0047_sentiment.json
APPTEK_HEALTHCARE_0048,healthcare,health,female,en-ZA,319.875,60.0,Positive,happy,0.03848546929657459,0.005629257299005985,0.009274900890886784,0.010820343159139156,0.014743366278707981,0.08911728113889694,0.2913034847818987,Low,0.8723971247673035,High,False,model_v5_cremad_ravdess_freeze6_epochs5_lr1e5,outputs/apptek/sentiment_results/APPTEK_HEALTHCARE_0048_sentiment.json
APPTEK_HEALTHCARE_0049,healthcare,health,male,en-ZA,445.791,60.0,Negative,sadness,0.9513205806724727,0.0022939429618418217,0.06097105061635375,0.7857598066329956,0.14898671209812164,0.039728935807943344,0.3415642367809596,Medium,0.7857598066329956,High,False,model_v5_cremad_ravdess_freeze6_epochs5_lr1e5,outputs/apptek/sentiment_results/APPTEK_HEALTHCARE_0049_sentiment.json
APPTEK_HEALTHCARE_0050,healthcare,health,female,en-ZA,445.791,60.0,Negative,disgust,0.6565479123964906,0.04818010330200195,0.03443641252815723,0.010423142462968826,0.013820876367390156,0.004323387984186411,0.3731458525260253,Medium,0.5841237902641296,Medium,False,model_v5_cremad_ravdess_freeze6_epochs5_lr1e5,outputs/apptek/sentiment_results/APPTEK_HEALTHCARE_0050_sentiment.json
APPTEK_HEALTHCARE_0051,healthcare,health,female,en-ZA,629.044,60.0,Mixed,neutral,0.3354351408779621,0.007191430777311325,0.04732586815953255,0.1982065737247467,0.10752752423286438,0.35317495465278625,0.21235863520948928,Low,0.35317495465278625,Low,True,model_v5_cremad_ravdess_freeze6_epochs5_lr1e5,outputs/apptek/sentiment_results/APPTEK_HEALTHCARE_0051_sentiment.json
APPTEK_HEALTHCARE_0052,healthcare,health,female,en-ZA,629.045,60.0,Positive,happy,0.04227828746661544,0.01901368610560894,0.015353372320532799,0.0012291441671550274,0.009862901642918587,0.0015622872160747647,0.37041562751218104,Medium,0.9561594724655151,High,False,model_v5_cremad_ravdess_freeze6_epochs5_lr1e5,outputs/apptek/sentiment_results/APPTEK_HEALTHCARE_0052_sentiment.json
APPTEK_TELECOMMUNICATIONS_0037,telecommunications,telecom,female,en-ZA,580.636,60.0,Positive,happy,0.01781956886406988,0.0036383692640811205,0.005451980931684375,0.001464726054109633,0.008172398433089256,0.003575841896235943,0.2619609447000615,Low,0.9786045551300049,High,False,model_v5_cremad_ravdess_freeze6_epochs5_lr1e5,outputs/apptek/sentiment_results/APPTEK_TELECOMMUNICATIONS_0037_sentiment.json
APPTEK_TELECOMMUNICATIONS_0038,telecommunications,telecom,male,en-ZA,580.636,60.0,Negative,disgust,0.9902181685902178,0.00850666407495737,0.007463757321238518,0.020128339529037476,0.005899397190660238,0.0032579535618424416,0.3999112973755594,Medium,0.9556837677955627,High,False,model_v5_cremad_ravdess_freeze6_epochs5_lr1e5,outputs/apptek/sentiment_results/APPTEK_TELECOMMUNICATIONS_0038_sentiment.json
APPTEK_TELECOMMUNICATIONS_0039,telecommunications,telecom,female,en-ZA,616.368,60.0,Neutral,neutral,0.1287023676559329,0.0023025386035442352,0.006334912776947022,0.10965611040592194,0.0123834740370512,0.860366702079773,0.18354917639905277,Low,0.860366702079773,High,False,model_v5_cremad_ravdess_freeze6_epochs5_lr1e5,outputs/apptek/sentiment_results/APPTEK_TELECOMMUNICATIONS_0039_sentiment.json
APPTEK_TELECOMMUNICATIONS_0040,telecommunications,telecom,female,en-ZA,616.367,60.0,Positive,happy,0.15675784926861525,0.0079394755885005,0.03309422004967928,0.036231495440006256,0.07082633674144745,0.024502074345946312,0.2868999451352283,Low,0.8187400698661804,High,False,model_v5_cremad_ravdess_freeze6_epochs5_lr1e5,outputs/apptek/sentiment_results/APPTEK_TELECOMMUNICATIONS_0040_sentiment.json
APPTEK_TELECOMMUNICATIONS_0041,telecommunications,telecom,male,en-ZA,479.195,60.0,Positive,happy,0.2041965089738369,0.006467413157224655,0.048025814443826684,0.06113084405660629,0.1103634163737297,0.05414995178580284,0.24975350745159328,Low,0.7416534423828125,Medium,False,model_v5_cremad_ravdess_freeze6_epochs5_lr1e5,outputs/apptek/sentiment_results/APPTEK_TELECOMMUNICATIONS_0041_sentiment.json
APPTEK_TELECOMMUNICATIONS_0042,telecommunications,telecom,female,en-ZA,479.196,60.0,Positive,happy,0.06146852020174265,0.008097047917544842,0.010671409033238887,0.004247237928211689,0.014532950706779957,0.003542467951774597,0.27458497339839594,Low,0.9349890947341919,High,False,model_v5_cremad_ravdess_freeze6_epochs5_lr1e5,outputs/apptek/sentiment_results/APPTEK_TELECOMMUNICATIONS_0042_sentiment.json
APPTEK_TELECOMMUNICATIONS_0043,telecommunications,telecom,female,en-ZA,561.887,60.0,Negative,sadness,0.965974791906774,0.0023476658388972282,0.018212735839188098,0.9115806818008423,0.042010340839624405,0.032139986753463745,0.3809679528844936,Medium,0.9115806818008423,High,False,model_v5_cremad_ravdess_freeze6_epochs5_lr1e5,outputs/apptek/sentiment_results/APPTEK_TELECOMMUNICATIONS_0043_sentiment.json
APPTEK_TELECOMMUNICATIONS_0044,telecommunications,telecom,female,en-ZA,561.887,60.0,Negative,sadness,0.9873896588105708,0.002383514540269971,0.08325536507181823,0.76259446144104,0.20456314086914062,0.009310457855463028,0.2933894898747409,Low,0.76259446144104,High,False,model_v5_cremad_ravdess_freeze6_epochs5_lr1e5,outputs/apptek/sentiment_results/APPTEK_TELECOMMUNICATIONS_0044_sentiment.json
APPTEK_TELECOMMUNICATIONS_0045,telecommunications,telecom,male,en-ZA,1054.762,60.0,Mixed,neutral,0.32624485343694687,0.006585691124200821,0.0503859393298626,0.18394188582897186,0.11608631163835526,0.34876102209091187,0.24629957707246858,Low,0.34876102209091187,Low,True,model_v5_cremad_ravdess_freeze6_epochs5_lr1e5,outputs/apptek/sentiment_results/APPTEK_TELECOMMUNICATIONS_0045_sentiment.json
APPTEK_TELECOMMUNICATIONS_0046,telecommunications,telecom,female,en-ZA,1054.762,60.0,Negative,disgust,0.5845597870647907,0.015269966796040535,0.03245715461671353,0.02665521763265133,0.05823793634772301,0.00526583893224597,0.3221843236512705,Medium,0.48439666628837585,Low,True,model_v5_cremad_ravdess_freeze6_epochs5_lr1e5,outputs/apptek/sentiment_results/APPTEK_TELECOMMUNICATIONS_0046_sentiment.json
APPTEK_BANKING_0069,banking,banking,female,en-US_General,614.0,60.0,Positive,happy,0.015896298456937075,0.004067790228873491,0.005222872737795115,0.0012729314621537924,0.006955496501177549,0.0042723012156784534,0.23100782402940848,Low,0.9798313975334167,High,False,model_v5_cremad_ravdess_freeze6_epochs5_lr1e5,outputs/apptek/sentiment_results/APPTEK_BANKING_0069_sentiment.json
APPTEK_BANKING_0070,banking,banking,male,en-US_General,614.0,60.0,Negative,disgust,0.9900797875598073,0.008532262407243252,0.007349837757647038,0.02134273760020733,0.005576200783252716,0.0037938260938972235,0.3605152820673417,Medium,0.954628586769104,High,False,model_v5_cremad_ravdess_freeze6_epochs5_lr1e5,outputs/apptek/sentiment_results/APPTEK_BANKING_0070_sentiment.json
APPTEK_BANKING_0071,banking,banking,female,en-US_General,550.0,60.0,Negative,disgust,0.9155734460800886,0.012441344559192657,0.015305717289447783,0.03033040277659893,0.019602276384830475,0.005060238763689995,0.30593496562125433,Medium,0.8531994223594666,High,False,model_v5_cremad_ravdess_freeze6_epochs5_lr1e5,outputs/apptek/sentiment_results/APPTEK_BANKING_0071_sentiment.json
APPTEK_BANKING_0072,banking,banking,female,en-US_General,550.0,60.0,Positive,happy,0.015532155171968043,0.0034529436379671097,0.004953785240650177,0.0015197008615359664,0.007205047644674778,0.005897743161767721,0.20878263688364312,Low,0.9785701036453247,High,False,model_v5_cremad_ravdess_freeze6_epochs5_lr1e5,outputs/apptek/sentiment_results/APPTEK_BANKING_0072_sentiment.json
APPTEK_BANKING_0073,banking,banking,male,en-US_General,406.769,60.0,Negative,disgust,0.9547499977052212,0.016516661271452904,0.013964321836829186,0.018878139555454254,0.010135812684893608,0.004618654027581215,0.42348569308442163,Medium,0.9092193841934204,High,False,model_v5_cremad_ravdess_freeze6_epochs5_lr1e5,outputs/apptek/sentiment_results/APPTEK_BANKING_0073_sentiment.json
APPTEK_BANKING_0074,banking,banking,female,en-US_General,406.769,60.0,Positive,happy,0.021602476248517632,0.004289725795388222,0.005856572464108467,0.0016142555978149176,0.008206842467188835,0.003014862071722746,0.24868549100068169,Low,0.9753826856613159,High,False,model_v5_cremad_ravdess_freeze6_epochs5_lr1e5,outputs/apptek/sentiment_results/APPTEK_BANKING_0074_sentiment.json
APPTEK_BANKING_0075,banking,banking,female,en-US_General,709.947,60.0,Positive,happy,0.01549409341532737,0.004497685469686985,0.005283094942569733,0.0011338629992678761,0.006461209151893854,0.00414459640160203,0.2793762784238,Low,0.9803613424301147,High,False,model_v5_cremad_ravdess_freeze6_epochs5_lr1e5,outputs/apptek/sentiment_results/APPTEK_BANKING_0075_sentiment.json
APPTEK_BANKING_0076,banking,banking,female,en-US_General,709.947,60.0,Positive,happy,0.025550425052642822,0.0038416520692408085,0.006541227083653212,0.0026184390299022198,0.010590589605271816,0.004704954102635384,0.21363531745546427,Low,0.9697446227073669,High,False,model_v5_cremad_ravdess_freeze6_epochs5_lr1e5,outputs/apptek/sentiment_results/APPTEK_BANKING_0076_sentiment.json
APPTEK_BANKING_0077,banking,banking,female,en-US_General,784.092,60.0,Positive,happy,0.02212064666673541,0.003704765811562538,0.00625123716890812,0.0025086929090321064,0.01007094420492649,0.006007957737892866,0.27067714854792935,Low,0.9718714356422424,High,False,model_v5_cremad_ravdess_freeze6_epochs5_lr1e5,outputs/apptek/sentiment_results/APPTEK_BANKING_0077_sentiment.json
APPTEK_BANKING_0078,banking,banking,female,en-US_General,784.092,60.0,Positive,happy,0.05098280287347734,0.0036115969996899366,0.011253310786560179,0.008311075158417225,0.02271588146686554,0.010199235752224922,0.24719988710718704,Low,0.9388179779052734,High,False,model_v5_cremad_ravdess_freeze6_epochs5_lr1e5,outputs/apptek/sentiment_results/APPTEK_BANKING_0078_sentiment.json
APPTEK_BANKING_0079,banking,banking,female,en-US_General,851.803,60.0,Positive,happy,0.030267329653725028,0.0022908730898052454,0.008967011189088225,0.003700106870383024,0.018981218338012695,0.006677513476461172,0.27383897541061136,Low,0.9630551338195801,High,False,model_v5_cremad_ravdess_freeze6_epochs5_lr1e5,outputs/apptek/sentiment_results/APPTEK_BANKING_0079_sentiment.json
APPTEK_BANKING_0080,banking,banking,male,en-US_General,851.803,60.0,Positive,happy,0.018035278655588627,0.0035603235010057688,0.005494783213362098,0.001481097424402833,0.008396472781896591,0.003466150490567088,0.15322942821579394,Low,0.978498637676239,High,False,model_v5_cremad_ravdess_freeze6_epochs5_lr1e5,outputs/apptek/sentiment_results/APPTEK_BANKING_0080_sentiment.json
APPTEK_HEALTHCARE_0053,healthcare,health,female,en-US_General,282.248,60.0,Positive,happy,0.016064811730757356,0.004912256263196468,0.005590353906154633,0.001075059175491333,0.006607500370591879,0.0035210205242037773,0.16920450267689374,Low,0.9804141521453857,High,False,model_v5_cremad_ravdess_freeze6_epochs5_lr1e5,outputs/apptek/sentiment_results/APPTEK_HEALTHCARE_0053_sentiment.json
APPTEK_HEALTHCARE_0054,healthcare,health,female,en-US_General,282.247,60.0,Negative,disgust,0.7011195346713066,0.019040865823626518,0.02140018381178379,0.020703760907053947,0.0249391607940197,0.00549129256978631,0.3605394778235981,Medium,0.6364357471466064,Medium,False,model_v5_cremad_ravdess_freeze6_epochs5_lr1e5,outputs/apptek/sentiment_results/APPTEK_HEALTHCARE_0054_sentiment.json
APPTEK_HEALTHCARE_0055,healthcare,health,male,en-US_General,389.788,60.0,Positive,happy,0.01992243400309235,0.006550534162670374,0.006489579286426306,0.0010851133847609162,0.0063981469720602036,0.0026852781884372234,0.28698992098172005,Low,0.9773922562599182,High,False,model_v5_cremad_ravdess_freeze6_epochs5_lr1e5,outputs/apptek/sentiment_results/APPTEK_HEALTHCARE_0055_sentiment.json
APPTEK_HEALTHCARE_0056,healthcare,health,female,en-US_General,389.788,60.0,Positive,happy,0.030002123909071088,0.005122916307300329,0.007376504782587289,0.0024138211738318205,0.01075688749551773,0.0033540453296154737,0.310775326035764,Medium,0.966643750667572,High,False,model_v5_cremad_ravdess_freeze6_epochs5_lr1e5,outputs/apptek/sentiment_results/APPTEK_HEALTHCARE_0056_sentiment.json
APPTEK_HEALTHCARE_0057,healthcare,health,female,en-US_General,657.332,60.0,Positive,happy,0.03510025795549154,0.004275871906429529,0.008706854190677404,0.007486303802579641,0.015353327617049217,0.026307879015803337,0.26932764939939563,Low,0.9385918378829956,High,False,model_v5_cremad_ravdess_freeze6_epochs5_lr1e5,outputs/apptek/sentiment_results/APPTEK_HEALTHCARE_0057_sentiment.json
APPTEK_HEALTHCARE_0058,healthcare,health,female,en-US_General,657.331,60.0,Negative,sadness,0.9336352981626987,0.0081828273832798,0.06420067176222802,0.5499200224876404,0.14822743833065033,0.027457337826490402,0.43244535839309417,Medium,0.5499200224876404,Medium,False,model_v5_cremad_ravdess_freeze6_epochs5_lr1e5,outputs/apptek/sentiment_results/APPTEK_HEALTHCARE_0058_sentiment.json
APPTEK_HEALTHCARE_0059,healthcare,health,female,en-US_General,706.478,60.0,Negative,fear,0.5760940657928586,0.004511010833084583,0.11778670083731413,0.26816385984420776,0.28770023584365845,0.2133491039276123,0.28725072070353114,Low,0.28770023584365845,Low,True,model_v5_cremad_ravdess_freeze6_epochs5_lr1e5,outputs/apptek/sentiment_results/APPTEK_HEALTHCARE_0059_sentiment.json
APPTEK_HEALTHCARE_0060,healthcare,health,male,en-US_General,706.479,60.0,Negative,disgust,0.9752385383471847,0.009692898020148277,0.010239900648593904,0.024365363642573357,0.01106040459126234,0.003498818725347519,0.31708402501297916,Medium,0.9301198720932007,High,False,model_v5_cremad_ravdess_freeze6_epochs5_lr1e5,outputs/apptek/sentiment_results/APPTEK_HEALTHCARE_0060_sentiment.json
APPTEK_TELECOMMUNICATIONS_0047,telecommunications,telecom,female,en-US_General,915.745,60.0,Positive,happy,0.016343628987669945,0.003847959218546748,0.0053914338815957315,0.001279829302802682,0.007706645876169205,0.0037868681829422712,0.3105274001823394,Medium,0.9798694849014282,High,False,model_v5_cremad_ravdess_freeze6_epochs5_lr1e5,outputs/apptek/sentiment_results/APPTEK_TELECOMMUNICATIONS_0047_sentiment.json
APPTEK_TELECOMMUNICATIONS_0048,telecommunications,telecom,male,en-US_General,915.745,60.0,Negative,disgust,0.9886692306026816,0.009073164314031601,0.007828286662697793,0.01788218691945076,0.005960970185697079,0.0030824816785752773,0.41112942079630255,Medium,0.9557529091835022,High,False,model_v5_cremad_ravdess_freeze6_epochs5_lr1e5,outputs/apptek/sentiment_results/APPTEK_TELECOMMUNICATIONS_0048_sentiment.json
APPTEK_TELECOMMUNICATIONS_0049,telecommunications,telecom,male,en-US_General,374.439,60.0,Negative,disgust,0.9397734198719263,0.009011702612042427,0.04526038877665997,0.33967864513397217,0.09963341802358627,0.01984638348221779,0.263652740695746,Low,0.49144965410232544,Low,True,model_v5_cremad_ravdess_freeze6_epochs5_lr1e5,outputs/apptek/sentiment_results/APPTEK_TELECOMMUNICATIONS_0049_sentiment.json
APPTEK_TELECOMMUNICATIONS_0050,telecommunications,telecom,female,en-US_General,374.438,60.0,Negative,disgust,0.7270578518509865,0.01997932232916355,0.022680030390620234,0.027871066704392433,0.026731092482805252,0.007140836678445339,0.38962083181485163,Medium,0.6524763703346252,Medium,False,model_v5_cremad_ravdess_freeze6_epochs5_lr1e5,outputs/apptek/sentiment_results/APPTEK_TELECOMMUNICATIONS_0050_sentiment.json
APPTEK_TELECOMMUNICATIONS_0051,telecommunications,telecom,female,en-US_General,648.907,60.0,Positive,happy,0.015827626921236515,0.004399931989610195,0.005303394980728626,0.001201283885166049,0.006658589467406273,0.004108980298042297,0.2500890514569619,Low,0.9800634384155273,High,False,model_v5_cremad_ravdess_freeze6_epochs5_lr1e5,outputs/apptek/sentiment_results/APPTEK_TELECOMMUNICATIONS_0051_sentiment.json
APPTEK_TELECOMMUNICATIONS_0052,telecommunications,telecom,female,en-US_General,648.908,60.0,Positive,happy,0.07181964535266161,0.0050763292238116264,0.017344980128109456,0.01450948603451252,0.0357479564845562,0.01785188354551792,0.3180061949488117,Medium,0.9103283882141113,High,False,model_v5_cremad_ravdess_freeze6_epochs5_lr1e5,outputs/apptek/sentiment_results/APPTEK_TELECOMMUNICATIONS_0052_sentiment.json
APPTEK_BANKING_0081,banking,banking,female,en-GB,512.101,60.0,Mixed,happy,0.4973720239941031,0.0035892839077860117,0.1677910992410034,0.06309825927019119,0.41409382224082947,0.025370512157678604,0.3396781481060131,Medium,0.4772574305534363,Low,True,model_v5_cremad_ravdess_freeze6_epochs5_lr1e5,outputs/apptek/sentiment_results/APPTEK_BANKING_0081_sentiment.json
APPTEK_BANKING_0082,banking,banking,female,en-GB,512.101,60.0,Positive,happy,0.1451186726335436,0.0822460949420929,0.0553894318640232,0.0031312911305576563,0.015104437246918678,0.0035708837676793337,0.2798184982384979,Low,0.8513104319572449,High,False,model_v5_cremad_ravdess_freeze6_epochs5_lr1e5,outputs/apptek/sentiment_results/APPTEK_BANKING_0082_sentiment.json
APPTEK_BANKING_0083,banking,banking,female,en-GB,446.866,60.0,Positive,happy,0.06447488570120186,0.013681301847100258,0.023674316331744195,0.0017326812958344817,0.0386638380587101,0.0012285904958844185,0.22987148240132835,Low,0.9342966079711914,High,False,model_v5_cremad_ravdess_freeze6_epochs5_lr1e5,outputs/apptek/sentiment_results/APPTEK_BANKING_0083_sentiment.json
APPTEK_BANKING_0084,banking,banking,female,en-GB,446.866,60.0,Positive,happy,0.3062593745999038,0.011436324566602707,0.11423505619168282,0.006277292501181364,0.268433153629303,0.001891812775284052,0.3228676722467329,Medium,0.691848874092102,Medium,False,model_v5_cremad_ravdess_freeze6_epochs5_lr1e5,outputs/apptek/sentiment_results/APPTEK_BANKING_0084_sentiment.json
APPTEK_BANKING_0085,banking,banking,female,en-GB,670.376,60.0,Negative,sadness,0.982677954249084,0.002240843139588833,0.02371624801307917,0.9077561497688293,0.05592935532331467,0.015197653323411942,0.3605681098200754,Medium,0.9077561497688293,High,False,model_v5_cremad_ravdess_freeze6_epochs5_lr1e5,outputs/apptek/sentiment_results/APPTEK_BANKING_0085_sentiment.json
APPTEK_BANKING_0086,banking,banking,female,en-GB,670.376,60.0,Positive,happy,0.018258404918015003,0.0028928215615451336,0.005338517669588328,0.0025064346846193075,0.009007061831653118,0.010262856259942055,0.22446948124305588,Low,0.9714787006378174,High,False,model_v5_cremad_ravdess_freeze6_epochs5_lr1e5,outputs/apptek/sentiment_results/APPTEK_BANKING_0086_sentiment.json
APPTEK_BANKING_0087,banking,banking,male,en-GB,663.564,60.0,Negative,fear,0.9262041440233588,0.01152255292981863,0.29659460876137017,0.0813412070274353,0.7242026925086975,0.0041822995990514755,0.4363911449981363,Medium,0.7242026925086975,Medium,False,model_v5_cremad_ravdess_freeze6_epochs5_lr1e5,outputs/apptek/sentiment_results/APPTEK_BANKING_0087_sentiment.json
APPTEK_BANKING_0088,banking,banking,female,en-GB,663.564,60.0,Positive,happy,0.018515971372835338,0.004889843054115772,0.005811700038611889,0.0011994497617706656,0.007194485515356064,0.002806752920150757,0.33974544880175017,Medium,0.9786772727966309,High,False,model_v5_cremad_ravdess_freeze6_epochs5_lr1e5,outputs/apptek/sentiment_results/APPTEK_BANKING_0088_sentiment.json
APPTEK_BANKING_0089,banking,banking,female,en-GB,981.415,60.0,Negative,fear,0.8483479395508766,0.004685228690505028,0.3182476673275233,0.03065231442451477,0.7885913252830505,0.004237020388245583,0.4226764307343426,Medium,0.7885913252830505,High,False,model_v5_cremad_ravdess_freeze6_epochs5_lr1e5,outputs/apptek/sentiment_results/APPTEK_BANKING_0089_sentiment.json
APPTEK_BANKING_0090,banking,banking,female,en-GB,981.416,60.0,Negative,fear,0.9426550948992372,0.012303709052503109,0.3457015031948686,0.026423638686537743,0.8457981944084167,0.0018816919764503837,0.5735454466753133,Medium,0.8457981944084167,High,False,model_v5_cremad_ravdess_freeze6_epochs5_lr1e5,outputs/apptek/sentiment_results/APPTEK_BANKING_0090_sentiment.json
APPTEK_HEALTHCARE_0061,healthcare,health,female,en-GB,461.378,60.0,Negative,sadness,0.9387968094088137,0.002754050772637129,0.09259387152269484,0.693524181842804,0.22735360264778137,0.04640180617570877,0.3892958054313992,Medium,0.693524181842804,Medium,False,model_v5_cremad_ravdess_freeze6_epochs5_lr1e5,outputs/apptek/sentiment_results/APPTEK_HEALTHCARE_0061_sentiment.json
APPTEK_HEALTHCARE_0062,healthcare,health,female,en-GB,461.378,60.0,Negative,disgust,0.9764095079153776,0.01429703552275896,0.014284170605242253,0.02027117647230625,0.01426487322896719,0.0022714496590197086,0.4481227998547365,Medium,0.9275764226913452,High,False,model_v5_cremad_ravdess_freeze6_epochs5_lr1e5,outputs/apptek/sentiment_results/APPTEK_HEALTHCARE_0062_sentiment.json
APPTEK_HEALTHCARE_0063,healthcare,health,female,en-GB,410.735,60.0,Negative,sadness,0.9584041732596233,0.0018791781039908528,0.042110262881033124,0.8417612314224243,0.10245689004659653,0.03615729138255119,0.3302544795198143,Medium,0.8417612314224243,High,False,model_v5_cremad_ravdess_freeze6_epochs5_lr1e5,outputs/apptek/sentiment_results/APPTEK_HEALTHCARE_0063_sentiment.json
APPTEK_HEALTHCARE_0064,healthcare,health,female,en-GB,410.734,60.0,Positive,happy,0.017394286580383778,0.0028501953929662704,0.005221667885780335,0.002240582602098584,0.00877887662500143,0.009242973290383816,0.2310685069138223,Low,0.9733626842498779,High,False,model_v5_cremad_ravdess_freeze6_epochs5_lr1e5,outputs/apptek/sentiment_results/APPTEK_HEALTHCARE_0064_sentiment.json
APPTEK_HEALTHCARE_0065,healthcare,health,male,en-GB,642.117,60.0,Positive,happy,0.3454249110072851,0.018296221271157265,0.038853644952178,0.022806983441114426,0.0696897804737091,0.005042105447500944,0.31355660699606835,Medium,0.6495329737663269,Medium,False,model_v5_cremad_ravdess_freeze6_epochs5_lr1e5,outputs/apptek/sentiment_results/APPTEK_HEALTHCARE_0065_sentiment.json
APPTEK_HEALTHCARE_0066,healthcare,health,female,en-GB,642.117,60.0,Positive,happy,0.22843275498598814,0.004904082976281643,0.06896245572715999,0.0403030700981617,0.16505001485347748,0.029316870495676994,0.35491861214424714,Medium,0.742250382900238,Medium,False,model_v5_cremad_ravdess_freeze6_epochs5_lr1e5,outputs/apptek/sentiment_results/APPTEK_HEALTHCARE_0066_sentiment.json
APPTEK_HEALTHCARE_0067,healthcare,health,female,en-GB,925.325,60.0,Positive,happy,0.028585952939465642,0.0043030292727053165,0.008486684691160918,0.0015581424813717604,0.014762167818844318,0.0017360516358166933,0.28362004715902,Low,0.9696780443191528,High,False,model_v5_cremad_ravdess_freeze6_epochs5_lr1e5,outputs/apptek/sentiment_results/APPTEK_HEALTHCARE_0067_sentiment.json
APPTEK_HEALTHCARE_0068,healthcare,health,female,en-GB,925.324,60.0,Negative,disgust,0.987304238602519,0.009154987521469593,0.009203056432306766,0.019508058205246925,0.009275159798562527,0.002232366008684039,0.4008788445340421,Medium,0.94936603307724,High,False,model_v5_cremad_ravdess_freeze6_epochs5_lr1e5,outputs/apptek/sentiment_results/APPTEK_HEALTHCARE_0068_sentiment.json
APPTEK_TELECOMMUNICATIONS_0053,telecommunications,telecom,female,en-GB,404.377,60.0,Negative,sadness,0.9867285338696092,0.002640427788719535,0.019381717825308443,0.9179893732070923,0.0444936528801918,0.011630119755864143,0.37526115363672335,Medium,0.9179893732070923,High,False,model_v5_cremad_ravdess_freeze6_epochs5_lr1e5,outputs/apptek/sentiment_results/APPTEK_TELECOMMUNICATIONS_0053_sentiment.json
APPTEK_TELECOMMUNICATIONS_0054,telecommunications,telecom,female,en-GB,404.377,60.0,Negative,disgust,0.9357553403824568,0.013328006491065025,0.017761724069714546,0.03688551113009453,0.024412300437688828,0.004767267499119043,0.3922316105568704,Medium,0.8611295223236084,High,False,model_v5_cremad_ravdess_freeze6_epochs5_lr1e5,outputs/apptek/sentiment_results/APPTEK_TELECOMMUNICATIONS_0054_sentiment.json
APPTEK_TELECOMMUNICATIONS_0055,telecommunications,telecom,female,en-GB,525.643,60.0,Positive,happy,0.28877317858859897,0.0029389276169240475,0.1037227281369269,0.018068833276629448,0.25489842891693115,0.007523729000240564,0.36031666775970733,Medium,0.7037032246589661,Medium,False,model_v5_cremad_ravdess_freeze6_epochs5_lr1e5,outputs/apptek/sentiment_results/APPTEK_TELECOMMUNICATIONS_0055_sentiment.json
APPTEK_TELECOMMUNICATIONS_0056,telecommunications,telecom,female,en-GB,525.644,60.0,Negative,sadness,0.7549463787581772,0.0025794317480176687,0.01459918529726565,0.7101577520370483,0.03262881562113762,0.23845189809799194,0.3715348833078679,Medium,0.7101577520370483,Medium,False,model_v5_cremad_ravdess_freeze6_epochs5_lr1e5,outputs/apptek/sentiment_results/APPTEK_TELECOMMUNICATIONS_0056_sentiment.json
APPTEK_BANKING_0091,banking,banking,female,en-SG,723.565,60.0,Negative,sadness,0.9057062782812864,0.0020959486719220877,0.021409872779622675,0.8455030918121338,0.05038075894117355,0.09029091149568558,0.39236294441975283,Medium,0.8455030918121338,High,False,model_v5_cremad_ravdess_freeze6_epochs5_lr1e5,outputs/apptek/sentiment_results/APPTEK_BANKING_0091_sentiment.json
APPTEK_BANKING_0092,banking,banking,male,en-SG,723.565,60.0,Neutral,neutral,0.262586057651788,0.006116471718996763,0.015719657856971027,0.21348443627357483,0.03012443706393242,0.7125943303108215,0.24485205584386371,Low,0.7125943303108215,Medium,False,model_v5_cremad_ravdess_freeze6_epochs5_lr1e5,outputs/apptek/sentiment_results/APPTEK_BANKING_0092_sentiment.json
APPTEK_BANKING_0093,banking,banking,female,en-SG,351.613,60.0,Neutral,neutral,0.03354618954472244,0.002521212212741375,0.0028414294123649594,0.025003178045153618,0.003321755211800337,0.9625549912452698,0.228874363639837,Low,0.9625549912452698,High,False,model_v5_cremad_ravdess_freeze6_epochs5_lr1e5,outputs/apptek/sentiment_results/APPTEK_BANKING_0093_sentiment.json
APPTEK_BANKING_0094,banking,banking,male,en-SG,351.614,60.0,Negative,sadness,0.9857854135334492,0.0021436428651213646,0.08231017086654903,0.7679294347763062,0.2025599628686905,0.011403762735426426,0.280368610893917,Low,0.7679294347763062,High,False,model_v5_cremad_ravdess_freeze6_epochs5_lr1e5,outputs/apptek/sentiment_results/APPTEK_BANKING_0094_sentiment.json
APPTEK_BANKING_0095,banking,banking,male,en-SG,648.572,60.0,Neutral,neutral,0.12117687775753438,0.0037354605738073587,0.010650863638147712,0.08899848908185959,0.02102396823465824,0.8155036568641663,0.22699571696690934,Low,0.8155036568641663,High,False,model_v5_cremad_ravdess_freeze6_epochs5_lr1e5,outputs/apptek/sentiment_results/APPTEK_BANKING_0095_sentiment.json
APPTEK_BANKING_0096,banking,banking,female,en-SG,648.572,60.0,Neutral,neutral,0.11777494521811604,0.00431531248614192,0.008557008299976588,0.09050513803958893,0.014919552020728588,0.8532052040100098,0.22501531886723872,Low,0.8532052040100098,High,False,model_v5_cremad_ravdess_freeze6_epochs5_lr1e5,outputs/apptek/sentiment_results/APPTEK_BANKING_0096_sentiment.json
APPTEK_BANKING_0097,banking,banking,female,en-SG,619.362,60.0,Positive,happy,0.016704716603271663,0.004078956320881844,0.005255904980003834,0.0012808622559532523,0.007021327968686819,0.003629535436630249,0.3135558971347746,Medium,0.9796658158302307,High,False,model_v5_cremad_ravdess_freeze6_epochs5_lr1e5,outputs/apptek/sentiment_results/APPTEK_BANKING_0097_sentiment.json
APPTEK_BANKING_0098,banking,banking,male,en-SG,619.362,60.0,Positive,happy,0.03895749943330884,0.004275726620107889,0.009368304070085287,0.0053130993619561195,0.017007170245051384,0.007596008479595184,0.22272179878900716,Low,0.9534464478492737,High,False,model_v5_cremad_ravdess_freeze6_epochs5_lr1e5,outputs/apptek/sentiment_results/APPTEK_BANKING_0098_sentiment.json
APPTEK_HEALTHCARE_0069,healthcare,health,female,en-SG,330.774,60.0,Neutral,neutral,0.04741064622066915,0.0023036205675452948,0.0030749695841223003,0.03802165389060974,0.004231993108987808,0.9489526748657227,0.19110771160565493,Low,0.9489526748657227,High,False,model_v5_cremad_ravdess_freeze6_epochs5_lr1e5,outputs/apptek/sentiment_results/APPTEK_HEALTHCARE_0069_sentiment.json
APPTEK_HEALTHCARE_0070,healthcare,health,male,en-SG,330.773,60.0,Negative,fear,0.9845672354567796,0.003517724806442857,0.3771500454749912,0.03462923318147659,0.9375985264778137,0.0034613304305821657,0.41231185197122006,Medium,0.9375985264778137,High,False,model_v5_cremad_ravdess_freeze6_epochs5_lr1e5,outputs/apptek/sentiment_results/APPTEK_HEALTHCARE_0070_sentiment.json
APPTEK_HEALTHCARE_0071,healthcare,health,male,en-SG,588.638,60.0,Positive,happy,0.023795322282239795,0.004056946840137243,0.006274211872369051,0.0025282029528170824,0.009600109420716763,0.0054052225314080715,0.2043714417947437,Low,0.970799446105957,High,False,model_v5_cremad_ravdess_freeze6_epochs5_lr1e5,outputs/apptek/sentiment_results/APPTEK_HEALTHCARE_0071_sentiment.json
APPTEK_HEALTHCARE_0072,healthcare,health,female,en-SG,588.639,60.0,Positive,happy,0.01980857294984162,0.004363841377198696,0.005567993596196174,0.00297916098497808,0.007374221924692392,0.0179983489215374,0.2884130194878283,Low,0.9621931910514832,High,False,model_v5_cremad_ravdess_freeze6_epochs5_lr1e5,outputs/apptek/sentiment_results/APPTEK_HEALTHCARE_0072_sentiment.json
APPTEK_HEALTHCARE_0073,healthcare,health,female,en-SG,860.45,60.0,Positive,happy,0.017102476791478693,0.00400379067286849,0.005209233891218901,0.001368228462524712,0.007017398718744516,0.0038084755651652813,0.28824668797163516,Low,0.979089081287384,High,False,model_v5_cremad_ravdess_freeze6_epochs5_lr1e5,outputs/apptek/sentiment_results/APPTEK_HEALTHCARE_0073_sentiment.json
APPTEK_HEALTHCARE_0074,healthcare,health,male,en-SG,860.45,60.0,Positive,happy,0.027895668987184763,0.0024622799828648567,0.008829566650092602,0.00224210973829031,0.01838049665093422,0.003215816104784608,0.23849280868586598,Low,0.9688884615898132,High,False,model_v5_cremad_ravdess_freeze6_epochs5_lr1e5,outputs/apptek/sentiment_results/APPTEK_HEALTHCARE_0074_sentiment.json
APPTEK_TELECOMMUNICATIONS_0057,telecommunications,telecom,female,en-SG,888.0,60.0,Positive,happy,0.04378625936806202,0.004992627538740635,0.009989735297858716,0.003075585700571537,0.017485396936535835,0.0024912171065807343,0.2569273052259814,Low,0.9537224769592285,High,False,model_v5_cremad_ravdess_freeze6_epochs5_lr1e5,outputs/apptek/sentiment_results/APPTEK_TELECOMMUNICATIONS_0057_sentiment.json
APPTEK_TELECOMMUNICATIONS_0058,telecommunications,telecom,male,en-SG,888.0,60.0,Positive,happy,0.101379519328475,0.015153256244957447,0.01655591856688261,0.004590638913214207,0.018659912049770355,0.002675800584256649,0.30925488642160415,Medium,0.8959446549415588,High,False,model_v5_cremad_ravdess_freeze6_epochs5_lr1e5,outputs/apptek/sentiment_results/APPTEK_TELECOMMUNICATIONS_0058_sentiment.json
APPTEK_TELECOMMUNICATIONS_0059,telecommunications,telecom,female,en-SG,479.294,60.0,Neutral,neutral,0.030328897759318352,0.002560969442129135,0.0028408724814653397,0.021871767938137054,0.0032607270404696465,0.9649723768234253,0.20164790663038729,Low,0.9649723768234253,High,False,model_v5_cremad_ravdess_freeze6_epochs5_lr1e5,outputs/apptek/sentiment_results/APPTEK_TELECOMMUNICATIONS_0059_sentiment.json
APPTEK_TELECOMMUNICATIONS_0060,telecommunications,telecom,male,en-SG,479.293,60.0,Negative,fear,0.9871582521591336,0.0028650483582168818,0.36847530133090917,0.05845041200518608,0.9168906807899475,0.004126295447349548,0.4484111434663767,Medium,0.9168906807899475,High,False,model_v5_cremad_ravdess_freeze6_epochs5_lr1e5,outputs/apptek/sentiment_results/APPTEK_TELECOMMUNICATIONS_0060_sentiment.json
APPTEK_TELECOMMUNICATIONS_0061,telecommunications,telecom,male,en-SG,700.91,60.0,Positive,happy,0.02971972245723009,0.005397598259150982,0.007458085753023624,0.007403254508972168,0.010548816993832588,0.08054374903440475,0.15781944974563278,Low,0.889736533164978,High,False,model_v5_cremad_ravdess_freeze6_epochs5_lr1e5,outputs/apptek/sentiment_results/APPTEK_TELECOMMUNICATIONS_0061_sentiment.json
APPTEK_TELECOMMUNICATIONS_0062,telecommunications,telecom,female,en-SG,700.911,60.0,Negative,disgust,0.7707280479371548,0.01903010532259941,0.07600613310933113,0.24228332936763763,0.1614701747894287,0.030058640986680984,0.37903456220408727,Medium,0.347944438457489,Low,True,model_v5_cremad_ravdess_freeze6_epochs5_lr1e5,outputs/apptek/sentiment_results/APPTEK_TELECOMMUNICATIONS_0062_sentiment.json
APPTEK_BANKING_0099,banking,banking,female,en-MX,686.932,60.0,Positive,happy,0.017898037447594106,0.003352175932377577,0.005772678647190332,0.001420070300810039,0.009403432719409466,0.0034651753958314657,0.2970475590562577,Low,0.9786367416381836,High,False,model_v5_cremad_ravdess_freeze6_epochs5_lr1e5,outputs/apptek/sentiment_results/APPTEK_BANKING_0099_sentiment.json
APPTEK_BANKING_0100,banking,banking,female,en-MX,686.932,60.0,Positive,happy,0.2586197991622612,0.21110767126083374,0.1368791125714779,0.0016196750802919269,0.025536274537444115,0.001684516086243093,0.36061606082688136,Medium,0.7396957278251648,Medium,False,model_v5_cremad_ravdess_freeze6_epochs5_lr1e5,outputs/apptek/sentiment_results/APPTEK_BANKING_0100_sentiment.json
APPTEK_BANKING_0101,banking,banking,male,en-MX,486.98,60.0,Positive,happy,0.3349829651415348,0.008037492632865906,0.0695066124200821,0.0238012857735157,0.16171029210090637,0.0045707193203270435,0.3295273006158641,Medium,0.660446286201477,Medium,False,model_v5_cremad_ravdess_freeze6_epochs5_lr1e5,outputs/apptek/sentiment_results/APPTEK_BANKING_0101_sentiment.json
APPTEK_BANKING_0102,banking,banking,female,en-MX,486.98,60.0,Positive,happy,0.0331981407944113,0.0024301621597260237,0.007906901882961392,0.003853874746710062,0.016122011467814445,0.005389185156673193,0.18068007447944182,Low,0.9614127278327942,High,False,model_v5_cremad_ravdess_freeze6_epochs5_lr1e5,outputs/apptek/sentiment_results/APPTEK_BANKING_0102_sentiment.json
APPTEK_BANKING_0103,banking,banking,female,en-MX,627.288,60.0,Positive,happy,0.017226158641278744,0.0045405104756355286,0.005432767421007156,0.0012563792988657951,0.006771152839064598,0.0034807852935045958,0.28042684785605165,Low,0.9792931079864502,High,False,model_v5_cremad_ravdess_freeze6_epochs5_lr1e5,outputs/apptek/sentiment_results/APPTEK_BANKING_0103_sentiment.json
APPTEK_BANKING_0104,banking,banking,female,en-MX,627.287,60.0,Negative,sadness,0.9803610206581652,0.00216453755274415,0.03296595206484199,0.8890690207481384,0.07916807383298874,0.01770596019923687,0.38387811066721045,Medium,0.8890690207481384,High,False,model_v5_cremad_ravdess_freeze6_epochs5_lr1e5,outputs/apptek/sentiment_results/APPTEK_BANKING_0104_sentiment.json
APPTEK_BANKING_0105,banking,banking,male,en-MX,671.121,60.0,Negative,disgust,0.8254144573584199,0.015198648907244205,0.03800880070775747,0.04193022847175598,0.07222402840852737,0.004380599595606327,0.34169469734755087,Medium,0.6960615515708923,Medium,False,model_v5_cremad_ravdess_freeze6_epochs5_lr1e5,outputs/apptek/sentiment_results/APPTEK_BANKING_0105_sentiment.json
APPTEK_BANKING_0106,banking,banking,male,en-MX,671.121,60.0,Negative,fear,0.9802487997803837,0.0021057904232293367,0.2118354070466012,0.4420669972896576,0.5264298319816589,0.014601057395339012,0.44498346262826816,Medium,0.5264298319816589,Medium,True,model_v5_cremad_ravdess_freeze6_epochs5_lr1e5,outputs/apptek/sentiment_results/APPTEK_BANKING_0106_sentiment.json
APPTEK_BANKING_0107,banking,banking,male,en-MX,400.809,60.0,Negative,disgust,0.9741175975650549,0.008750082924962044,0.029885318502783777,0.150279238820076,0.06158817186951637,0.006060418672859669,0.28487884811611364,Low,0.7535001039505005,High,False,model_v5_cremad_ravdess_freeze6_epochs5_lr1e5,outputs/apptek/sentiment_results/APPTEK_BANKING_0107_sentiment.json
APPTEK_BANKING_0108,banking,banking,male,en-MX,400.809,60.0,Positive,happy,0.02183381374925375,0.005702113267034292,0.0065400035120546825,0.0033632912673056126,0.007796838879585266,0.027943138033151627,0.2555839946001348,Low,0.9502231478691101,High,False,model_v5_cremad_ravdess_freeze6_epochs5_lr1e5,outputs/apptek/sentiment_results/APPTEK_BANKING_0108_sentiment.json
APPTEK_HEALTHCARE_0075,healthcare,health,female,en-MX,466.274,60.0,Positive,happy,0.019228421966545284,0.003976310603320599,0.00583027508109808,0.001382713089697063,0.008611221797764301,0.002813881728798151,0.21442022032794436,Low,0.9779577851295471,High,False,model_v5_cremad_ravdess_freeze6_epochs5_lr1e5,outputs/apptek/sentiment_results/APPTEK_HEALTHCARE_0075_sentiment.json
APPTEK_HEALTHCARE_0076,healthcare,health,female,en-MX,466.274,60.0,Positive,happy,0.028144993353635073,0.010814455337822437,0.00920726116746664,0.0011064964346587658,0.006796469911932945,0.0020327202510088682,0.33541324499786546,Medium,0.9698222875595093,High,False,model_v5_cremad_ravdess_freeze6_epochs5_lr1e5,outputs/apptek/sentiment_results/APPTEK_HEALTHCARE_0076_sentiment.json
APPTEK_HEALTHCARE_0077,healthcare,health,male,en-MX,652.813,60.0,Positive,happy,0.3235469963401556,0.005045347847044468,0.11408303584903479,0.012307652272284031,0.27763956785202026,0.003153026569634676,0.34142547596852335,Medium,0.6732999682426453,Medium,False,model_v5_cremad_ravdess_freeze6_epochs5_lr1e5,outputs/apptek/sentiment_results/APPTEK_HEALTHCARE_0077_sentiment.json
APPTEK_HEALTHCARE_0078,healthcare,health,female,en-MX,652.813,60.0,Negative,fear,0.9835442055482417,0.0023683805484324694,0.3248104393016547,0.15178775787353516,0.808473527431488,0.0045631034299731255,0.42495245856078323,Medium,0.808473527431488,High,False,model_v5_cremad_ravdess_freeze6_epochs5_lr1e5,outputs/apptek/sentiment_results/APPTEK_HEALTHCARE_0078_sentiment.json
APPTEK_HEALTHCARE_0079,healthcare,health,female,en-MX,632.409,60.0,Positive,happy,0.04956247331574559,0.004970005713403225,0.009938965179026128,0.0045157833956182,0.01739240437746048,0.003948729485273361,0.2837485509068877,Low,0.9464887976646423,High,False,model_v5_cremad_ravdess_freeze6_epochs5_lr1e5,outputs/apptek/sentiment_results/APPTEK_HEALTHCARE_0079_sentiment.json
APPTEK_HEALTHCARE_0080,healthcare,health,female,en-MX,632.409,60.0,Negative,sadness,0.9820124499965459,0.002187867881730199,0.039545640302822,0.8744214177131653,0.09558229893445969,0.01600433513522148,0.3547293728528651,Medium,0.8744214177131653,High,False,model_v5_cremad_ravdess_freeze6_epochs5_lr1e5,outputs/apptek/sentiment_results/APPTEK_HEALTHCARE_0080_sentiment.json
APPTEK_HEALTHCARE_0081,healthcare,health,male,en-MX,691.35,60.0,Positive,happy,0.1486140750348568,0.010827268473803997,0.017176629044115543,0.008170618675649166,0.026700669899582863,0.0036396009381860495,0.259594014589602,Low,0.8477463722229004,High,False,model_v5_cremad_ravdess_freeze6_epochs5_lr1e5,outputs/apptek/sentiment_results/APPTEK_HEALTHCARE_0081_sentiment.json
APPTEK_HEALTHCARE_0082,healthcare,health,male,en-MX,691.35,60.0,Negative,sadness,0.9119774566497654,0.0024097345303744078,0.06844006073661149,0.7319349050521851,0.1674855500459671,0.0769805982708931,0.4023303128900807,Medium,0.7319349050521851,Medium,False,model_v5_cremad_ravdess_freeze6_epochs5_lr1e5,outputs/apptek/sentiment_results/APPTEK_HEALTHCARE_0082_sentiment.json
APPTEK_HEALTHCARE_0083,healthcare,health,male,en-MX,404.051,60.0,Positive,happy,0.46770470030605793,0.02509358711540699,0.09848200790584088,0.09825253486633301,0.2085646390914917,0.025623396039009094,0.277295369378741,Low,0.5066719055175781,Medium,False,model_v5_cremad_ravdess_freeze6_epochs5_lr1e5,outputs/apptek/sentiment_results/APPTEK_HEALTHCARE_0083_sentiment.json
APPTEK_HEALTHCARE_0084,healthcare,health,male,en-MX,404.052,60.0,Negative,sadness,0.970634252531454,0.002089014044031501,0.15021157884038985,0.5878838896751404,0.37239542603492737,0.024356532841920853,0.4787048039729901,Medium,0.5878838896751404,Medium,False,model_v5_cremad_ravdess_freeze6_epochs5_lr1e5,outputs/apptek/sentiment_results/APPTEK_HEALTHCARE_0084_sentiment.json
APPTEK_TELECOMMUNICATIONS_0063,telecommunications,telecom,male,en-MX,677.618,60.0,Negative,fear,0.6334583996795118,0.007050634827464819,0.23906984413042667,0.016255617141723633,0.5870986580848694,0.0032763583585619926,0.381387970660259,Medium,0.5870986580848694,Medium,False,model_v5_cremad_ravdess_freeze6_epochs5_lr1e5,outputs/apptek/sentiment_results/APPTEK_TELECOMMUNICATIONS_0063_sentiment.json
APPTEK_TELECOMMUNICATIONS_0064,telecommunications,telecom,male,en-MX,677.619,60.0,Negative,fear,0.9829808329232037,0.002007314469665289,0.28510679537430406,0.2587423026561737,0.7097560167312622,0.008980854414403439,0.43309142317709,Medium,0.7097560167312622,Medium,False,model_v5_cremad_ravdess_freeze6_epochs5_lr1e5,outputs/apptek/sentiment_results/APPTEK_TELECOMMUNICATIONS_0064_sentiment.json
APPTEK_TELECOMMUNICATIONS_0065,telecommunications,telecom,male,en-MX,605.12,60.0,Negative,fear,0.979917875956744,0.004617142956703901,0.36497498052194716,0.042318280786275864,0.905511736869812,0.0020048420410603285,0.45077098132411875,Medium,0.905511736869812,High,False,model_v5_cremad_ravdess_freeze6_epochs5_lr1e5,outputs/apptek/sentiment_results/APPTEK_TELECOMMUNICATIONS_0065_sentiment.json
APPTEK_TELECOMMUNICATIONS_0066,telecommunications,telecom,male,en-MX,605.119,60.0,Negative,sadness,0.9669001358561218,0.0022930982522666454,0.03331942753866315,0.8725705742835999,0.0798589214682579,0.029585106298327446,0.36651771199733046,Medium,0.8725705742835999,High,False,model_v5_cremad_ravdess_freeze6_epochs5_lr1e5,outputs/apptek/sentiment_results/APPTEK_TELECOMMUNICATIONS_0066_sentiment.json
APPTEK_BANKING_0109,banking,banking,female,en-US_Southern,388.131,60.0,Positive,happy,0.02487086900509894,0.002684100763872266,0.00665516066364944,0.003672895021736622,0.0126117505133152,0.009355749003589153,0.27571595644567426,Low,0.965773344039917,High,False,model_v5_cremad_ravdess_freeze6_epochs5_lr1e5,outputs/apptek/sentiment_results/APPTEK_BANKING_0109_sentiment.json
APPTEK_BANKING_0110,banking,banking,female,en-US_Southern,388.13,60.0,Negative,disgust,0.984247696120292,0.00975752156227827,0.008612804859876633,0.017323195934295654,0.006895729806274176,0.002955287927761674,0.37037637421964975,Medium,0.9502712488174438,High,False,model_v5_cremad_ravdess_freeze6_epochs5_lr1e5,outputs/apptek/sentiment_results/APPTEK_BANKING_0110_sentiment.json
APPTEK_BANKING_0111,banking,banking,female,en-US_Southern,515.985,60.0,Positive,happy,0.018840124364942312,0.0030939853750169277,0.005567064229398966,0.001892175991088152,0.009276682510972023,0.004667314235121012,0.19471489579495632,Low,0.9764925241470337,High,False,model_v5_cremad_ravdess_freeze6_epochs5_lr1e5,outputs/apptek/sentiment_results/APPTEK_BANKING_0111_sentiment.json
APPTEK_BANKING_0112,banking,banking,male,en-US_Southern,515.984,60.0,Negative,sadness,0.9874037057161331,0.00399133563041687,0.023210322856903075,0.7596468925476074,0.052038803696632385,0.009236490353941917,0.33896097835180017,Medium,0.7596468925476074,High,False,model_v5_cremad_ravdess_freeze6_epochs5_lr1e5,outputs/apptek/sentiment_results/APPTEK_BANKING_0112_sentiment.json
APPTEK_BANKING_0113,banking,banking,female,en-US_Southern,1182.52,60.0,Positive,happy,0.12324595917016268,0.0030339881777763367,0.03714156895875931,0.02261747606098652,0.08830294013023376,0.027856988832354546,0.23415158028571265,Low,0.8488970398902893,High,False,model_v5_cremad_ravdess_freeze6_epochs5_lr1e5,outputs/apptek/sentiment_results/APPTEK_BANKING_0113_sentiment.json
APPTEK_BANKING_0114,banking,banking,female,en-US_Southern,1182.521,60.0,Negative,sadness,0.9574482839088887,0.002264293609187007,0.17392805372364822,0.5150653719902039,0.43142369389533997,0.03344031050801277,0.47199175820277556,Medium,0.5150653719902039,Medium,True,model_v5_cremad_ravdess_freeze6_epochs5_lr1e5,outputs/apptek/sentiment_results/APPTEK_BANKING_0114_sentiment.json
APPTEK_BANKING_0115,banking,banking,female,en-US_Southern,573.889,60.0,Positive,happy,0.18237372813746333,0.006737980525940657,0.03836956517770886,0.06984292715787888,0.08581694215536118,0.11669982969760895,0.29196106023129687,Low,0.7009264826774597,Medium,False,model_v5_cremad_ravdess_freeze6_epochs5_lr1e5,outputs/apptek/sentiment_results/APPTEK_BANKING_0115_sentiment.json
APPTEK_BANKING_0116,banking,banking,male,en-US_Southern,573.889,60.0,Negative,disgust,0.9788272688165307,0.04215189069509506,0.02692251801490784,0.009881016798317432,0.004078458994626999,0.004126882646232843,0.3440484951002448,Medium,0.9227159023284912,High,False,model_v5_cremad_ravdess_freeze6_epochs5_lr1e5,outputs/apptek/sentiment_results/APPTEK_BANKING_0116_sentiment.json
APPTEK_HEALTHCARE_0085,healthcare,health,female,en-US_Southern,441.256,60.0,Positive,happy,0.18190995696932077,0.008421930484473705,0.026160034723579882,0.027955295518040657,0.05276719108223915,0.012871556915342808,0.1844098042559684,Low,0.8052184581756592,High,False,model_v5_cremad_ravdess_freeze6_epochs5_lr1e5,outputs/apptek/sentiment_results/APPTEK_HEALTHCARE_0085_sentiment.json
APPTEK_HEALTHCARE_0086,healthcare,health,female,en-US_Southern,441.256,60.0,Positive,happy,0.058762659318745136,0.013106785714626312,0.012610819935798646,0.0027120141312479973,0.011866871267557144,0.002408674219623208,0.26086463806170285,Low,0.938828706741333,High,False,model_v5_cremad_ravdess_freeze6_epochs5_lr1e5,outputs/apptek/sentiment_results/APPTEK_HEALTHCARE_0086_sentiment.json
APPTEK_HEALTHCARE_0087,healthcare,health,female,en-US_Southern,431.166,60.0,Positive,happy,0.017715557129122317,0.003982985392212868,0.005536641925573349,0.0013036933960393071,0.007867126725614071,0.0030927201732993126,0.24226323234315716,Low,0.9791918396949768,High,False,model_v5_cremad_ravdess_freeze6_epochs5_lr1e5,outputs/apptek/sentiment_results/APPTEK_HEALTHCARE_0087_sentiment.json
APPTEK_HEALTHCARE_0088,healthcare,health,male,en-US_Southern,431.166,60.0,Negative,sadness,0.9874962500762194,0.002547872019931674,0.02864900645799935,0.8913571834564209,0.06780070811510086,0.010316339321434498,0.31210776160774306,Medium,0.8913571834564209,High,False,model_v5_cremad_ravdess_freeze6_epochs5_lr1e5,outputs/apptek/sentiment_results/APPTEK_HEALTHCARE_0088_sentiment.json
APPTEK_HEALTHCARE_0089,healthcare,health,female,en-US_Southern,923.461,60.0,Positive,happy,0.02003929321654141,0.0026701604947447777,0.0060605818405747415,0.002320755273103714,0.011146213859319687,0.0064583756029605865,0.26889040713754486,Low,0.9735023975372314,High,False,model_v5_cremad_ravdess_freeze6_epochs5_lr1e5,outputs/apptek/sentiment_results/APPTEK_HEALTHCARE_0089_sentiment.json
APPTEK_HEALTHCARE_0090,healthcare,health,female,en-US_Southern,923.461,60.0,Negative,fear,0.9008758021518588,0.0043862564489245415,0.31001612562686204,0.10069797188043594,0.7684609293937683,0.010918074287474155,0.4588672901050207,Medium,0.7684609293937683,High,False,model_v5_cremad_ravdess_freeze6_epochs5_lr1e5,outputs/apptek/sentiment_results/APPTEK_HEALTHCARE_0090_sentiment.json
APPTEK_HEALTHCARE_0091,healthcare,health,female,en-US_Southern,689.21,60.0,Positive,happy,0.019008901668712497,0.0026486560236662626,0.005429995106533169,0.002767684403806925,0.00960200373083353,0.011567976325750351,0.22860501304100278,Low,0.9694231748580933,High,False,model_v5_cremad_ravdess_freeze6_epochs5_lr1e5,outputs/apptek/sentiment_results/APPTEK_HEALTHCARE_0091_sentiment.json
APPTEK_HEALTHCARE_0092,healthcare,health,male,en-US_Southern,689.21,60.0,Negative,disgust,0.9235083144158125,0.014977186918258667,0.01984424963593483,0.05378175154328346,0.027144843712449074,0.007245589978992939,0.32998291511437855,Medium,0.8276045322418213,High,False,model_v5_cremad_ravdess_freeze6_epochs5_lr1e5,outputs/apptek/sentiment_results/APPTEK_HEALTHCARE_0092_sentiment.json
APPTEK_TELECOMMUNICATIONS_0067,telecommunications,telecom,female,en-US_Southern,619.339,60.0,Negative,sadness,0.9697380983270705,0.002304511610418558,0.016558538284152748,0.916728675365448,0.03793957829475403,0.02817334607243538,0.2764952238496335,Low,0.916728675365448,High,False,model_v5_cremad_ravdess_freeze6_epochs5_lr1e5,outputs/apptek/sentiment_results/APPTEK_TELECOMMUNICATIONS_0067_sentiment.json
APPTEK_TELECOMMUNICATIONS_0068,telecommunications,telecom,female,en-US_Southern,619.34,60.0,Negative,disgust,0.9898133319802582,0.00909645576030016,0.007624052837491036,0.0189314316958189,0.0054154484532773495,0.003501693718135357,0.2681689988148689,Low,0.9563699960708618,High,False,model_v5_cremad_ravdess_freeze6_epochs5_lr1e5,outputs/apptek/sentiment_results/APPTEK_TELECOMMUNICATIONS_0068_sentiment.json
APPTEK_TELECOMMUNICATIONS_0069,telecommunications,telecom,female,en-US_Southern,578.073,60.0,Positive,happy,0.016056018299423158,0.003944951109588146,0.005282384529709816,0.0012568285455927253,0.007288534659892321,0.0038783259224146605,0.2486560636506086,Low,0.9800657033920288,High,False,model_v5_cremad_ravdess_freeze6_epochs5_lr1e5,outputs/apptek/sentiment_results/APPTEK_TELECOMMUNICATIONS_0069_sentiment.json
APPTEK_TELECOMMUNICATIONS_0070,telecommunications,telecom,male,en-US_Southern,578.072,60.0,Negative,disgust,0.9849743209779263,0.00640989001840353,0.009710773639380933,0.08926764875650406,0.014662099070847034,0.006720445584505796,0.26037167298109126,Low,0.8746346831321716,High,False,model_v5_cremad_ravdess_freeze6_epochs5_lr1e5,outputs/apptek/sentiment_results/APPTEK_TELECOMMUNICATIONS_0070_sentiment.json
APPTEK_BANKING_0117,banking,banking,female,en-AU,420.0,60.0,Positive,happy,0.1484972038306296,0.0066810366697609425,0.023729277681559323,0.06737400591373444,0.0493016391992569,0.18331806361675262,0.25108173849440696,Low,0.6681846380233765,Medium,False,model_v5_cremad_ravdess_freeze6_epochs5_lr1e5,outputs/apptek/sentiment_results/APPTEK_BANKING_0117_sentiment.json
APPTEK_BANKING_0118,banking,banking,female,en-AU,420.0,60.0,Positive,happy,0.1549931112676859,0.007546555250883102,0.022241679579019548,0.017189858481287956,0.04428436607122421,0.007139076944440603,0.2892614807644956,Low,0.8378678560256958,High,False,model_v5_cremad_ravdess_freeze6_epochs5_lr1e5,outputs/apptek/sentiment_results/APPTEK_BANKING_0118_sentiment.json
APPTEK_BANKING_0119,banking,banking,male,en-AU,633.177,60.0,Positive,happy,0.04364565294235945,0.0041844346560537815,0.011602315213531255,0.0041205319575965405,0.022729136049747467,0.0037332840729504824,0.21656032377626008,Low,0.9526209831237793,High,False,model_v5_cremad_ravdess_freeze6_epochs5_lr1e5,outputs/apptek/sentiment_results/APPTEK_BANKING_0119_sentiment.json
APPTEK_BANKING_0120,banking,banking,female,en-AU,633.177,60.0,Positive,happy,0.020757601247169077,0.004232534673064947,0.006187289301306009,0.0013728683115914464,0.009119421243667603,0.002430092776194215,0.23330587570057712,Low,0.9768123030662537,High,False,model_v5_cremad_ravdess_freeze6_epochs5_lr1e5,outputs/apptek/sentiment_results/APPTEK_BANKING_0120_sentiment.json
APPTEK_BANKING_0121,banking,banking,female,en-AU,914.521,60.0,Positive,happy,0.023858095693867654,0.011299047619104385,0.009192510694265365,0.0008647993090562522,0.006032705307006836,0.0023004619870334864,0.2713531778861883,Low,0.9738414883613586,High,False,model_v5_cremad_ravdess_freeze6_epochs5_lr1e5,outputs/apptek/sentiment_results/APPTEK_BANKING_0121_sentiment.json
APPTEK_BANKING_0122,banking,banking,female,en-AU,914.521,60.0,Positive,happy,0.019773513777181506,0.002709589898586273,0.005755506083369256,0.002055753255262971,0.010324380360543728,0.004796031396836042,0.24400099059929442,Low,0.9754305481910706,High,False,model_v5_cremad_ravdess_freeze6_epochs5_lr1e5,outputs/apptek/sentiment_results/APPTEK_BANKING_0122_sentiment.json
APPTEK_HEALTHCARE_0093,healthcare,health,male,en-AU,809.618,60.0,Negative,disgust,0.8897780478000641,0.016903989017009735,0.0236034095287323,0.02659253403544426,0.03365254029631615,0.0036987047642469406,0.35621998430996127,Medium,0.812628984451294,High,False,model_v5_cremad_ravdess_freeze6_epochs5_lr1e5,outputs/apptek/sentiment_results/APPTEK_HEALTHCARE_0093_sentiment.json
APPTEK_HEALTHCARE_0094,healthcare,health,male,en-AU,809.618,60.0,Negative,disgust,0.9448489556089044,0.013124720193445683,0.056324169598519803,0.21546681225299835,0.12112334370613098,0.010509716346859932,0.3808087483678294,Medium,0.5951340794563293,Medium,False,model_v5_cremad_ravdess_freeze6_epochs5_lr1e5,outputs/apptek/sentiment_results/APPTEK_HEALTHCARE_0094_sentiment.json
APPTEK_HEALTHCARE_0095,healthcare,health,female,en-AU,422.0,60.0,Negative,sadness,0.9635560588212684,0.0019161590607836843,0.10148467354010791,0.6990991234779358,0.25083744525909424,0.028548510745167732,0.43056468786571717,Medium,0.6990991234779358,Medium,False,model_v5_cremad_ravdess_freeze6_epochs5_lr1e5,outputs/apptek/sentiment_results/APPTEK_HEALTHCARE_0095_sentiment.json
APPTEK_HEALTHCARE_0096,healthcare,health,female,en-AU,422.0,60.0,Positive,happy,0.07645662082359195,0.005104779731482267,0.013182868529111148,0.008508002385497093,0.025300001725554466,0.005976393353193998,0.2678240877005919,Low,0.9175670146942139,High,False,model_v5_cremad_ravdess_freeze6_epochs5_lr1e5,outputs/apptek/sentiment_results/APPTEK_HEALTHCARE_0096_sentiment.json
APPTEK_HEALTHCARE_0097,healthcare,health,male,en-AU,628.122,60.0,Positive,happy,0.018223671126179397,0.004943013656884432,0.006206465046852827,0.0010503208031877875,0.00810164213180542,0.0023918678052723408,0.23623183546495358,Low,0.9793844223022461,High,False,model_v5_cremad_ravdess_freeze6_epochs5_lr1e5,outputs/apptek/sentiment_results/APPTEK_HEALTHCARE_0097_sentiment.json
APPTEK_HEALTHCARE_0098,healthcare,health,female,en-AU,628.121,60.0,Positive,happy,0.01642093143891543,0.004559527151286602,0.005616692453622818,0.0010899932822212577,0.007202440407127142,0.003161224303767085,0.2555529804237994,Low,0.9804178476333618,High,False,model_v5_cremad_ravdess_freeze6_epochs5_lr1e5,outputs/apptek/sentiment_results/APPTEK_HEALTHCARE_0098_sentiment.json
APPTEK_HEALTHCARE_0099,healthcare,health,male,en-AU,491.348,60.0,Negative,disgust,0.6667343024164438,0.01910162903368473,0.08351006470620632,0.14839008450508118,0.1801227182149887,0.02125752530992031,0.23885696446522464,Low,0.3191198706626892,Low,True,model_v5_cremad_ravdess_freeze6_epochs5_lr1e5,outputs/apptek/sentiment_results/APPTEK_HEALTHCARE_0099_sentiment.json
APPTEK_HEALTHCARE_0100,healthcare,health,female,en-AU,491.349,60.0,Positive,happy,0.02459432976320386,0.004166644066572189,0.006401200219988823,0.0018326886929571629,0.009753034450113773,0.0027674201410263777,0.27681714848448485,Low,0.9726382493972778,High,False,model_v5_cremad_ravdess_freeze6_epochs5_lr1e5,outputs/apptek/sentiment_results/APPTEK_HEALTHCARE_0100_sentiment.json
APPTEK_HEALTHCARE_0101,healthcare,health,female,en-AU,914.292,60.0,Positive,happy,0.01617622165940702,0.003632594598457217,0.005238746153190732,0.0012867292389273643,0.007647973485291004,0.003802037565037608,0.2472780529970381,Low,0.9800217747688293,High,False,model_v5_cremad_ravdess_freeze6_epochs5_lr1e5,outputs/apptek/sentiment_results/APPTEK_HEALTHCARE_0101_sentiment.json
APPTEK_HEALTHCARE_0102,healthcare,health,female,en-AU,914.293,60.0,Positive,happy,0.03151824069209397,0.004349740222096443,0.006975211575627327,0.0023193855304270983,0.010913418605923653,0.002883529756218195,0.24152502137511572,Low,0.9655981659889221,High,False,model_v5_cremad_ravdess_freeze6_epochs5_lr1e5,outputs/apptek/sentiment_results/APPTEK_HEALTHCARE_0102_sentiment.json
APPTEK_HEALTHCARE_0103,healthcare,health,female,en-AU,562.108,60.0,Positive,happy,0.03964289743453264,0.007183072157204151,0.00838958900421858,0.0043404195457696915,0.010199364274740219,0.008918002247810364,0.20767760036610222,Low,0.9514390826225281,High,False,model_v5_cremad_ravdess_freeze6_epochs5_lr1e5,outputs/apptek/sentiment_results/APPTEK_HEALTHCARE_0103_sentiment.json
APPTEK_HEALTHCARE_0104,healthcare,health,female,en-AU,562.108,60.0,Positive,happy,0.021174818510189652,0.002706554252654314,0.0057518954388797285,0.0030534432735294104,0.01031990721821785,0.009521875530481339,0.24155127376513216,Low,0.9693033695220947,High,False,model_v5_cremad_ravdess_freeze6_epochs5_lr1e5,outputs/apptek/sentiment_results/APPTEK_HEALTHCARE_0104_sentiment.json
APPTEK_TELECOMMUNICATIONS_0071,telecommunications,telecom,female,en-AU,436.0,60.0,Negative,sadness,0.9653149897931144,0.0018973954720422626,0.17076344538945706,0.5292862057685852,0.4240625202655792,0.026259202510118484,0.4351047937778882,Medium,0.5292862057685852,Medium,False,model_v5_cremad_ravdess_freeze6_epochs5_lr1e5,outputs/apptek/sentiment_results/APPTEK_TELECOMMUNICATIONS_0071_sentiment.json
APPTEK_TELECOMMUNICATIONS_0072,telecommunications,telecom,female,en-AU,436.0,60.0,Negative,disgust,0.9546713517047465,0.0072479103691875935,0.016755119990557434,0.05207793042063713,0.03101593442261219,0.004520048853009939,0.38538489488314853,Medium,0.8643295764923096,High,False,model_v5_cremad_ravdess_freeze6_epochs5_lr1e5,outputs/apptek/sentiment_results/APPTEK_TELECOMMUNICATIONS_0072_sentiment.json
APPTEK_TELECOMMUNICATIONS_0073,telecommunications,telecom,male,en-AU,627.202,60.0,Positive,happy,0.029682159889489412,0.00227096164599061,0.009439313318580389,0.0022731651552021503,0.020191840827465057,0.003091533901169896,0.21472583250227523,Low,0.9672263264656067,High,False,model_v5_cremad_ravdess_freeze6_epochs5_lr1e5,outputs/apptek/sentiment_results/APPTEK_TELECOMMUNICATIONS_0073_sentiment.json
APPTEK_TELECOMMUNICATIONS_0074,telecommunications,telecom,female,en-AU,627.203,60.0,Positive,happy,0.01632995856925845,0.0037125900853425264,0.005253610154613852,0.0013200282119214535,0.007565140258520842,0.003835066221654415,0.27903642541085594,Low,0.979835033416748,High,False,model_v5_cremad_ravdess_freeze6_epochs5_lr1e5,outputs/apptek/sentiment_results/APPTEK_TELECOMMUNICATIONS_0074_sentiment.json
APPTEK_BANKING_0123,banking,banking,male,en-GB_SCT,800.311,60.0,Positive,happy,0.33304711896926165,0.0070935990661382675,0.11554989255964757,0.011460809968411922,0.2782343327999115,0.002588110975921154,0.3021263344606268,Medium,0.664364755153656,Medium,False,model_v5_cremad_ravdess_freeze6_epochs5_lr1e5,outputs/apptek/sentiment_results/APPTEK_BANKING_0123_sentiment.json
APPTEK_BANKING_0124,banking,banking,female,en-GB_SCT,800.311,60.0,Positive,happy,0.08155854092910886,0.005451574455946684,0.014447169471532106,0.009976065717637539,0.02794056199491024,0.006799731869250536,0.21800649934581692,Low,0.9116418361663818,High,False,model_v5_cremad_ravdess_freeze6_epochs5_lr1e5,outputs/apptek/sentiment_results/APPTEK_BANKING_0124_sentiment.json
APPTEK_BANKING_0125,banking,banking,female,en-GB_SCT,540.0,60.0,Positive,happy,0.015833672136068344,0.0035967847798019648,0.0052869284059852365,0.0012679295614361763,0.007822143845260143,0.004111043177545071,0.25140023570408326,Low,0.9800553321838379,High,False,model_v5_cremad_ravdess_freeze6_epochs5_lr1e5,outputs/apptek/sentiment_results/APPTEK_BANKING_0125_sentiment.json
APPTEK_BANKING_0126,banking,banking,male,en-GB_SCT,540.0,60.0,Positive,happy,0.11511320807039738,0.004988754168152809,0.03389281295239926,0.017013777047395706,0.07724890112876892,0.013000242412090302,0.21149252310637773,Low,0.8718865513801575,High,False,model_v5_cremad_ravdess_freeze6_epochs5_lr1e5,outputs/apptek/sentiment_results/APPTEK_BANKING_0126_sentiment.json
APPTEK_BANKING_0127,banking,banking,female,en-GB_SCT,854.652,60.0,Negative,sadness,0.7145083611831069,0.0030404049903154373,0.07480469457805157,0.5135067105293274,0.18245112895965576,0.21786285936832428,0.2912409244282996,Low,0.5135067105293274,Medium,False,model_v5_cremad_ravdess_freeze6_epochs5_lr1e5,outputs/apptek/sentiment_results/APPTEK_BANKING_0127_sentiment.json
APPTEK_BANKING_0128,banking,banking,female,en-GB_SCT,854.652,60.0,Neutral,neutral,0.04674941673874855,0.00368300499394536,0.005918237846344709,0.02921375446021557,0.009271087124943733,0.8815497756004333,0.17682389503356416,Low,0.8815497756004333,High,False,model_v5_cremad_ravdess_freeze6_epochs5_lr1e5,outputs/apptek/sentiment_results/APPTEK_BANKING_0128_sentiment.json
APPTEK_HEALTHCARE_0105,healthcare,health,male,en-GB_SCT,668.147,60.0,Positive,happy,0.30856699496507645,0.005222640931606293,0.10794478803873063,0.01762346178293228,0.2620280086994171,0.0052272179163992405,0.2734448279796197,Low,0.6862057447433472,Medium,False,model_v5_cremad_ravdess_freeze6_epochs5_lr1e5,outputs/apptek/sentiment_results/APPTEK_HEALTHCARE_0105_sentiment.json
APPTEK_HEALTHCARE_0106,healthcare,health,female,en-GB_SCT,668.146,60.0,Mixed,happy,0.5281377574428916,0.005109584890305996,0.12371337208896876,0.1926203966140747,0.3016190528869629,0.07885828614234924,0.2744777188406048,Low,0.393003910779953,Low,True,model_v5_cremad_ravdess_freeze6_epochs5_lr1e5,outputs/apptek/sentiment_results/APPTEK_HEALTHCARE_0106_sentiment.json
APPTEK_HEALTHCARE_0107,healthcare,health,male,en-GB_SCT,346.532,60.0,Positive,happy,0.03250963008031249,0.002210218459367752,0.009525671601295471,0.0033026165328919888,0.02049885131418705,0.004359649494290352,0.2739325507682103,Low,0.9631307721138,High,False,model_v5_cremad_ravdess_freeze6_epochs5_lr1e5,outputs/apptek/sentiment_results/APPTEK_HEALTHCARE_0107_sentiment.json
APPTEK_HEALTHCARE_0108,healthcare,health,male,en-GB_SCT,346.531,60.0,Negative,sadness,0.985535467742011,0.0023173184599727392,0.02834723838604987,0.9024439454078674,0.06739211827516556,0.01269637979567051,0.30007677188303206,Medium,0.9024439454078674,High,False,model_v5_cremad_ravdess_freeze6_epochs5_lr1e5,outputs/apptek/sentiment_results/APPTEK_HEALTHCARE_0108_sentiment.json
APPTEK_HEALTHCARE_0109,healthcare,health,female,en-GB_SCT,626.079,60.0,Negative,sadness,0.9836115343496203,0.002532954327762127,0.03596734423190355,0.8212758302688599,0.08611892908811569,0.011887891218066216,0.38121438700029103,Medium,0.8212758302688599,High,False,model_v5_cremad_ravdess_freeze6_epochs5_lr1e5,outputs/apptek/sentiment_results/APPTEK_HEALTHCARE_0109_sentiment.json
APPTEK_HEALTHCARE_0110,healthcare,health,female,en-GB_SCT,626.078,60.0,Positive,happy,0.04045931110158563,0.0030879671685397625,0.01127992095425725,0.007020439486950636,0.02356785163283348,0.01449488289654255,0.1793282942085595,Low,0.9450458884239197,High,False,model_v5_cremad_ravdess_freeze6_epochs5_lr1e5,outputs/apptek/sentiment_results/APPTEK_HEALTHCARE_0110_sentiment.json
APPTEK_HEALTHCARE_0111,healthcare,health,female,en-GB_SCT,361.27,60.0,Positive,happy,0.027344528818503022,0.0031127952970564365,0.008740283455699683,0.002637244062498212,0.01718151569366455,0.004899800755083561,0.33835031864492826,Medium,0.9677556753158569,High,False,model_v5_cremad_ravdess_freeze6_epochs5_lr1e5,outputs/apptek/sentiment_results/APPTEK_HEALTHCARE_0111_sentiment.json
APPTEK_HEALTHCARE_0112,healthcare,health,female,en-GB_SCT,361.269,60.0,Negative,disgust,0.8331989198923111,0.019569335505366325,0.01947244592010975,0.01937759853899479,0.019327111542224884,0.004577117506414652,0.35397306609042667,Medium,0.7749248743057251,High,False,model_v5_cremad_ravdess_freeze6_epochs5_lr1e5,outputs/apptek/sentiment_results/APPTEK_HEALTHCARE_0112_sentiment.json
APPTEK_HEALTHCARE_0113,healthcare,health,female,en-GB_SCT,439.734,60.0,Positive,happy,0.028739422792568803,0.003465005662292242,0.009229851607233287,0.0017519581597298384,0.01787712052464485,0.0020957658998668194,0.23847633981475763,Low,0.9691647887229919,High,False,model_v5_cremad_ravdess_freeze6_epochs5_lr1e5,outputs/apptek/sentiment_results/APPTEK_HEALTHCARE_0113_sentiment.json
APPTEK_HEALTHCARE_0114,healthcare,health,female,en-GB_SCT,439.734,60.0,Negative,fear,0.5849812594242394,0.005175535101443529,0.1933089758269489,0.043612297624349594,0.4755091369152069,0.006380059290677309,0.2947669301071907,Low,0.4755091369152069,Low,True,model_v5_cremad_ravdess_freeze6_epochs5_lr1e5,outputs/apptek/sentiment_results/APPTEK_HEALTHCARE_0114_sentiment.json
APPTEK_TELECOMMUNICATIONS_0075,telecommunications,telecom,female,en-GB_SCT,775.334,60.0,Negative,fear,0.987870701123029,0.002395672257989645,0.21921916166320443,0.42856860160827637,0.5444543957710266,0.00806359015405178,0.4491225734060087,Medium,0.5444543957710266,Medium,False,model_v5_cremad_ravdess_freeze6_epochs5_lr1e5,outputs/apptek/sentiment_results/APPTEK_TELECOMMUNICATIONS_0075_sentiment.json
APPTEK_TELECOMMUNICATIONS_0076,telecommunications,telecom,male,en-GB_SCT,775.333,60.0,Negative,fear,0.9881858662702143,0.0024927821941673756,0.23440980715677143,0.3890649378299713,0.5822853446006775,0.007019848097115755,0.3746583851861457,Medium,0.5822853446006775,Medium,False,model_v5_cremad_ravdess_freeze6_epochs5_lr1e5,outputs/apptek/sentiment_results/APPTEK_TELECOMMUNICATIONS_0076_sentiment.json
APPTEK_TELECOMMUNICATIONS_0077,telecommunications,telecom,female,en-GB_SCT,387.98,60.0,Positive,happy,0.35798794915899634,0.004379184450954199,0.1025360175408423,0.03206366300582886,0.24977126717567444,0.006606291513890028,0.3308011938764624,Medium,0.6354057192802429,Medium,False,model_v5_cremad_ravdess_freeze6_epochs5_lr1e5,outputs/apptek/sentiment_results/APPTEK_TELECOMMUNICATIONS_0077_sentiment.json
APPTEK_TELECOMMUNICATIONS_0078,telecommunications,telecom,male,en-GB_SCT,387.98,60.0,Negative,sadness,0.9871381558477879,0.0021545812487602234,0.061456359922885895,0.8219209909439087,0.1504090279340744,0.010585673153400421,0.3105670905186465,Medium,0.8219209909439087,High,False,model_v5_cremad_ravdess_freeze6_epochs5_lr1e5,outputs/apptek/sentiment_results/APPTEK_TELECOMMUNICATIONS_0078_sentiment.json
APPTEK_TELECOMMUNICATIONS_0079,telecommunications,telecom,female,en-GB_SCT,842.325,60.0,Positive,happy,0.015811452409252524,0.0035315966233611107,0.0052275946363806725,0.0013461564667522907,0.007771591655910015,0.004550164099782705,0.21372835346399674,Low,0.9796383380889893,High,False,model_v5_cremad_ravdess_freeze6_epochs5_lr1e5,outputs/apptek/sentiment_results/APPTEK_TELECOMMUNICATIONS_0079_sentiment.json
APPTEK_TELECOMMUNICATIONS_0080,telecommunications,telecom,female,en-GB_SCT,842.325,60.0,Negative,disgust,0.9592472007498145,0.015223685652017593,0.013184776529669762,0.01782050170004368,0.010126412846148014,0.003721427172422409,0.38324721295168274,Medium,0.9160766005516052,High,False,model_v5_cremad_ravdess_freeze6_epochs5_lr1e5,outputs/apptek/sentiment_results/APPTEK_TELECOMMUNICATIONS_0080_sentiment.json
